id,latitude,longitude,brightness,bright_t31,acq_date,acq_time,frp,confidence,confidence_normalized,daynight,satellite,instrument,stream_type,state,region_code,in_industrial_zone,distance_to_industry_meters,nearest_facility_name,nearest_facility_type,osm_id,spatial_context,proximity_risk_factor,cluster_id,persistence_ratio,active_days_count,total_window_days,is_anomaly_spike,thermal_contrast,label,label_name,label_source,label_confidence,label_date,source_reference,reviewer,review_notes,risk_score,risk_level,incident_classification,action_code
1,22.4707,70.0577,348.5,298.2,2026-08-20,0830,14.2,nominal,0.6,D,N,VIIRS,historical,Gujarat,WEST_GUJARAT,False,2286.5,Jamnagar Petroleum Refining Complex,oil_refinery,national_jamnagar_petroleum_r,VICINITY_ZONE,0.4,CLUSTER_001,0.086,5,58,True,50.30000000000001,0.0,PERSISTENT_INDUSTRIAL_SOURCE,VALIDATED_SATELLITE_CATALOG,0.9,2026-08-20,CAT-JAMNAGAR-ROUTINE-FLARE-STACK-001,Petrochemical Environmental Audit,Continuous routine hydrocarbon safety flare stack operational emissions.,51.65,MODERATE,RECURRING_INTERMITTENT_HEAT,ANALYST_REVIEW_RECOMMENDED
2,22.4712,70.0581,352.1,299.0,2026-08-21,0815,16.5,nominal,0.6,D,N,VIIRS,historical,Gujarat,WEST_GUJARAT,False,2355.6,Jamnagar Petroleum Refining Complex,oil_refinery,national_jamnagar_petroleum_r,VICINITY_ZONE,0.4,CLUSTER_001,0.086,5,58,True,53.10000000000002,0.0,PERSISTENT_INDUSTRIAL_SOURCE,VALIDATED_SATELLITE_CATALOG,0.9,2026-08-21,CAT-JAMNAGAR-ROUTINE-FLARE-STACK-001,Petrochemical Environmental Audit,Continuous routine hydrocarbon safety flare stack operational emissions.,51.65,MODERATE,RECURRING_INTERMITTENT_HEAT,ANALYST_REVIEW_RECOMMENDED
3,22.4709,70.0579,355.8,301.4,2026-08-22,0800,18.9,high,0.9,D,N,VIIRS,historical,Gujarat,WEST_GUJARAT,False,2316.7,Jamnagar Petroleum Refining Complex,oil_refinery,national_jamnagar_petroleum_r,VICINITY_ZONE,0.4,CLUSTER_001,0.086,5,58,True,54.400000000000034,0.0,PERSISTENT_INDUSTRIAL_SOURCE,VALIDATED_SATELLITE_CATALOG,0.9,2026-08-22,CAT-JAMNAGAR-ROUTINE-FLARE-STACK-001,Petrochemical Environmental Audit,Continuous routine hydrocarbon safety flare stack operational emissions.,51.65,MODERATE,RECURRING_INTERMITTENT_HEAT,ANALYST_REVIEW_RECOMMENDED
4,22.4708,70.0578,360.2,303.1,2026-08-23,0845,22.4,high,0.9,D,N,VIIRS,historical,Gujarat,WEST_GUJARAT,False,2301.6,Jamnagar Petroleum Refining Complex,oil_refinery,national_jamnagar_petroleum_r,VICINITY_ZONE,0.4,CLUSTER_001,0.086,5,58,True,57.099999999999966,0.0,PERSISTENT_INDUSTRIAL_SOURCE,VALIDATED_SATELLITE_CATALOG,0.9,2026-08-23,CAT-JAMNAGAR-ROUTINE-FLARE-STACK-001,Petrochemical Environmental Audit,Continuous routine hydrocarbon safety flare stack operational emissions.,51.65,MODERATE,RECURRING_INTERMITTENT_HEAT,ANALYST_REVIEW_RECOMMENDED
5,22.471,70.058,368.7,305.5,2026-08-24,0820,29.1,high,0.9,D,N,VIIRS,historical,Gujarat,WEST_GUJARAT,False,2331.8,Jamnagar Petroleum Refining Complex,oil_refinery,national_jamnagar_petroleum_r,VICINITY_ZONE,0.4,CLUSTER_001,0.086,5,58,True,63.19999999999999,0.0,PERSISTENT_INDUSTRIAL_SOURCE,VALIDATED_SATELLITE_CATALOG,0.9,2026-08-24,CAT-JAMNAGAR-ROUTINE-FLARE-STACK-001,Petrochemical Environmental Audit,Continuous routine hydrocarbon safety flare stack operational emissions.,51.65,MODERATE,RECURRING_INTERMITTENT_HEAT,ANALYST_REVIEW_RECOMMENDED
6,21.6834,72.5692,342.3,296.8,2026-08-22,0800,11.8,nominal,0.6,D,N,VIIRS,historical,Gujarat,WEST_GUJARAT,True,0.0,Reliance Industries Ltd. Dahej Plant,general_industry,way/116807431,INSIDE_INDUSTRIAL_ZONE,1.0,CLUSTER_002,0.052,3,58,False,45.5,,UNLABELED,UNVERIFIED,,,,,,51.92,MODERATE,RECURRING_INTERMITTENT_HEAT,ANALYST_REVIEW_RECOMMENDED
7,21.6839,72.5695,345.1,297.4,2026-08-23,0845,12.5,nominal,0.6,D,N,VIIRS,historical,Gujarat,WEST_GUJARAT,True,0.0,Reliance Industries Ltd. Dahej Plant,general_industry,way/116807431,INSIDE_INDUSTRIAL_ZONE,1.0,CLUSTER_002,0.052,3,58,False,47.700000000000045,,UNLABELED,UNVERIFIED,,,,,,51.92,MODERATE,RECURRING_INTERMITTENT_HEAT,ANALYST_REVIEW_RECOMMENDED
8,21.6836,72.569,344.8,297.0,2026-08-24,0820,12.1,nominal,0.6,D,N,VIIRS,historical,Gujarat,WEST_GUJARAT,True,0.0,Reliance Industries Ltd. Dahej Plant,general_industry,way/116807431,INSIDE_INDUSTRIAL_ZONE,1.0,CLUSTER_002,0.052,3,58,False,47.80000000000001,,UNLABELED,UNVERIFIED,,,,,,51.92,MODERATE,RECURRING_INTERMITTENT_HEAT,ANALYST_REVIEW_RECOMMENDED
9,21.1685,72.6954,375.4,310.2,2026-08-24,0820,68.4,high,0.9,D,N,VIIRS,historical,Gujarat,WEST_GUJARAT,False,110.7,Hazira Heavy Industrial & Steel Complex,steel_and_heavy_industry,national_hazira_heavy_industr,NEARBY_INDUSTRIAL_BUFFER,0.8,CLUSTER_003,0.017,1,58,True,65.19999999999999,,UNLABELED,UNVERIFIED,,,,,,93.16,CRITICAL,SEVERE_THERMAL_ANOMALY,HIGH_PRIORITY_INVESTIGATION_REQUIRED
10,21.1691,72.696,388.9,318.6,2026-08-24,2045,92.7,high,0.9,N,N,VIIRS,historical,Gujarat,WEST_GUJARAT,False,141.5,Unnamed Industrial Facility,general_industry,way/104647204,NEARBY_INDUSTRIAL_BUFFER,0.8,CLUSTER_003,0.017,1,58,True,70.29999999999995,,UNLABELED,UNVERIFIED,,,,,,93.16,CRITICAL,SEVERE_THERMAL_ANOMALY,HIGH_PRIORITY_INVESTIGATION_REQUIRED
11,23.8512,71.2145,335.2,294.0,2026-08-23,0845,5.6,nominal,0.6,D,N,VIIRS,historical,Gujarat,WEST_GUJARAT,False,39256.1,Unnamed Industrial Facility,general_industry,way/984065809,NON_INDUSTRIAL_RURAL,0.1,CLUSTER_004,0.017,1,58,False,41.19999999999999,,UNLABELED,UNVERIFIED,,,,,,20.43,LOW,NON_INDUSTRIAL_RURAL,ROUTINE_MONITORING_RECOMMENDED
12,23.859,71.228,332.8,293.1,2026-08-24,0820,4.2,low,0.2,D,N,VIIRS,historical,Gujarat,WEST_GUJARAT,False,38566.6,Unnamed Industrial Facility,general_industry,way/984065809,NON_INDUSTRIAL_RURAL,0.1,CLUSTER_005,0.017,1,58,False,39.69999999999999,,UNLABELED,UNVERIFIED,,,,,,19.77,LOW,NON_INDUSTRIAL_RURAL,ROUTINE_MONITORING_RECOMMENDED
13,22.312,73.1812,341.0,295.5,2026-08-21,0815,8.7,nominal,0.6,D,N,VIIRS,historical,Gujarat,WEST_GUJARAT,False,724.6,Food Storage Depot,depot,way/1530442730,NEARBY_INDUSTRIAL_BUFFER,0.8,CLUSTER_006,0.052,3,58,False,45.5,,UNLABELED,UNVERIFIED,,,,,,35.32,MODERATE,RECURRING_INTERMITTENT_HEAT,ANALYST_REVIEW_RECOMMENDED
14,22.3125,73.1818,343.4,296.2,2026-08-22,0800,9.4,nominal,0.6,D,N,VIIRS,historical,Gujarat,WEST_GUJARAT,False,650.8,Unnamed Industrial Facility,storage_tank,way/719056984,NEARBY_INDUSTRIAL_BUFFER,0.8,CLUSTER_006,0.052,3,58,False,47.19999999999999,,UNLABELED,UNVERIFIED,,,,,,35.32,MODERATE,RECURRING_INTERMITTENT_HEAT,ANALYST_REVIEW_RECOMMENDED
15,22.3122,73.1815,342.9,295.8,2026-08-23,0845,9.0,nominal,0.6,D,N,VIIRS,historical,Gujarat,WEST_GUJARAT,False,689.8,Unnamed Industrial Facility,storage_tank,way/719056984,NEARBY_INDUSTRIAL_BUFFER,0.8,CLUSTER_006,0.052,3,58,False,47.099999999999966,,UNLABELED,UNVERIFIED,,,,,,35.32,MODERATE,RECURRING_INTERMITTENT_HEAT,ANALYST_REVIEW_RECOMMENDED
16,20.35698,72.95097,301.25,288.29,2026-08-24,2112,2.0,nominal,0.6,N,N,VIIRS,historical,Gujarat,WEST_GUJARAT,False,1736.2,Unnamed Industrial Facility,general_industry,way/755699023,VICINITY_ZONE,0.4,CLUSTER_007,0.069,4,58,False,12.95999999999998,,UNLABELED,UNVERIFIED,,,,,,20.11,LOW,NON_INDUSTRIAL_RURAL,ROUTINE_MONITORING_RECOMMENDED
17,20.91151,71.45895,310.03,293.19,2026-08-24,2112,1.54,nominal,0.6,N,N,VIIRS,historical,Gujarat,WEST_GUJARAT,True,0.0,Unnamed Industrial Facility,general_industry,way/169375800,INSIDE_INDUSTRIAL_ZONE,1.0,CLUSTER_008,0.103,6,58,False,16.839999999999975,,UNLABELED,UNVERIFIED,,,,,,45.06,MODERATE,RECURRING_INTERMITTENT_HEAT,ANALYST_REVIEW_RECOMMENDED
18,21.10352,72.63773,330.98,293.45,2026-08-24,2112,9.49,nominal,0.6,N,N,VIIRS,historical,Gujarat,WEST_GUJARAT,True,0.0,ArcelorMittal Nippon Steel India,works,way/104647203,INSIDE_INDUSTRIAL_ZONE,1.0,CLUSTER_009,0.345,20,58,True,37.53000000000003,,UNLABELED,UNVERIFIED,,,,,,79.34,HIGH,ELEVATED_THERMAL_ACTIVITY,ESCALATED_INVESTIGATION_RECOMMENDED
19,21.10552,72.64716,337.64,295.31,2026-08-24,2112,10.73,nominal,0.6,N,N,VIIRS,historical,Gujarat,WEST_GUJARAT,True,0.0,ArcelorMittal Nippon Steel India,works,way/104647203,INSIDE_INDUSTRIAL_ZONE,1.0,CLUSTER_009,0.345,20,58,True,42.329999999999984,,UNLABELED,UNVERIFIED,,,,,,79.34,HIGH,ELEVATED_THERMAL_ACTIVITY,ESCALATED_INVESTIGATION_RECOMMENDED
20,21.1091,72.64789,309.92,293.66,2026-08-24,2112,3.01,nominal,0.6,N,N,VIIRS,historical,Gujarat,WEST_GUJARAT,True,0.0,ArcelorMittal Nippon Steel India,works,way/104647203,INSIDE_INDUSTRIAL_ZONE,1.0,CLUSTER_009,0.345,20,58,True,16.25999999999999,,UNLABELED,UNVERIFIED,,,,,,79.34,HIGH,ELEVATED_THERMAL_ACTIVITY,ESCALATED_INVESTIGATION_RECOMMENDED
21,21.11144,72.63482,311.12,293.41,2026-08-24,2112,2.9,nominal,0.6,N,N,VIIRS,historical,Gujarat,WEST_GUJARAT,True,0.0,ArcelorMittal Nippon Steel India,works,way/104647203,INSIDE_INDUSTRIAL_ZONE,1.0,CLUSTER_009,0.345,20,58,True,17.70999999999998,,UNLABELED,UNVERIFIED,,,,,,79.34,HIGH,ELEVATED_THERMAL_ACTIVITY,ESCALATED_INVESTIGATION_RECOMMENDED
22,22.3408,69.85459,305.94,294.23,2026-08-24,2112,1.87,nominal,0.6,N,N,VIIRS,historical,Gujarat,WEST_GUJARAT,True,0.0,Reliance Refinery,refinery,way/91585872,INSIDE_INDUSTRIAL_ZONE,1.0,CLUSTER_010,0.086,5,58,False,11.70999999999998,,UNLABELED,UNVERIFIED,,,,,,49.89,MODERATE,RECURRING_INTERMITTENT_HEAT,ANALYST_REVIEW_RECOMMENDED
23,22.34174,69.87002,322.14,292.79,2026-08-24,2112,1.78,nominal,0.6,N,N,VIIRS,historical,Gujarat,WEST_GUJARAT,True,0.0,Reliance Refinery,refinery,way/91585872,INSIDE_INDUSTRIAL_ZONE,1.0,CLUSTER_010,0.086,5,58,False,29.349999999999966,,UNLABELED,UNVERIFIED,,,,,,49.89,MODERATE,RECURRING_INTERMITTENT_HEAT,ANALYST_REVIEW_RECOMMENDED
24,22.34504,69.87063,323.05,292.53,2026-08-24,2112,1.78,nominal,0.6,N,N,VIIRS,historical,Gujarat,WEST_GUJARAT,True,0.0,Reliance Refinery,refinery,way/91585872,INSIDE_INDUSTRIAL_ZONE,1.0,CLUSTER_010,0.086,5,58,False,30.52000000000004,,UNLABELED,UNVERIFIED,,,,,,49.89,MODERATE,RECURRING_INTERMITTENT_HEAT,ANALYST_REVIEW_RECOMMENDED
25,22.92933,70.10716,313.68,294.86,2026-08-24,2112,1.04,nominal,0.6,N,N,VIIRS,historical,Gujarat,WEST_GUJARAT,True,0.0,Tuna-Tekra Container Terminal,port,way/361301736,INSIDE_INDUSTRIAL_ZONE,1.0,CLUSTER_011,0.069,4,58,False,18.819999999999993,,UNLABELED,UNVERIFIED,,,,,,48.97,MODERATE,RECURRING_INTERMITTENT_HEAT,ANALYST_REVIEW_RECOMMENDED
26,22.93312,69.69794,324.97,295.2,2026-08-24,2112,2.55,nominal,0.6,N,N,VIIRS,historical,Gujarat,WEST_GUJARAT,False,423.2,Unnamed Industrial Facility,general_industry,way/1002375165,NEARBY_INDUSTRIAL_BUFFER,0.8,CLUSTER_012,0.138,8,58,False,29.77000000000004,,UNLABELED,UNVERIFIED,,,,,,46.26,MODERATE,RECURRING_INTERMITTENT_HEAT,ANALYST_REVIEW_RECOMMENDED
27,22.93583,69.70226,321.57,295.22,2026-08-24,2112,3.69,nominal,0.6,N,N,VIIRS,historical,Gujarat,WEST_GUJARAT,False,334.0,Unnamed Industrial Facility,general_industry,way/1002375165,NEARBY_INDUSTRIAL_BUFFER,0.8,CLUSTER_012,0.138,8,58,False,26.349999999999966,,UNLABELED,UNVERIFIED,,,,,,46.26,MODERATE,RECURRING_INTERMITTENT_HEAT,ANALYST_REVIEW_RECOMMENDED
28,22.93641,69.69853,325.35,295.02,2026-08-24,2112,2.55,nominal,0.6,N,N,VIIRS,historical,Gujarat,WEST_GUJARAT,False,545.8,Unnamed Industrial Facility,general_industry,way/1002375165,NEARBY_INDUSTRIAL_BUFFER,0.8,CLUSTER_012,0.138,8,58,False,30.33000000000004,,UNLABELED,UNVERIFIED,,,,,,46.26,MODERATE,RECURRING_INTERMITTENT_HEAT,ANALYST_REVIEW_RECOMMENDED
29,23.05546,69.99567,308.71,294.75,2026-08-24,2112,0.63,nominal,0.6,N,N,VIIRS,historical,Gujarat,WEST_GUJARAT,False,2645.4,Unnamed Industrial Facility,general_industry,way/731087019,VICINITY_ZONE,0.4,CLUSTER_013,0.017,1,58,False,13.95999999999998,,UNLABELED,UNVERIFIED,,,,,,17.93,LOW,NON_INDUSTRIAL_RURAL,ROUTINE_MONITORING_RECOMMENDED
30,23.10639,70.1897,306.28,295.39,2026-08-24,2112,0.54,nominal,0.6,N,N,VIIRS,historical,Gujarat,WEST_GUJARAT,True,0.0,Unnamed Industrial Facility,general_industry,way/663323846,INSIDE_INDUSTRIAL_ZONE,1.0,CLUSTER_014,0.017,1,58,False,10.889999999999986,,UNLABELED,UNVERIFIED,,,,,,44.38,MODERATE,RECURRING_INTERMITTENT_HEAT,ANALYST_REVIEW_RECOMMENDED
31,23.2488,69.87011,307.12,295.5,2026-08-24,2112,0.82,nominal,0.6,N,N,VIIRS,historical,Gujarat,WEST_GUJARAT,True,0.0,Unnamed Industrial Facility,general_industry,way/731086863,INSIDE_INDUSTRIAL_ZONE,1.0,CLUSTER_015,0.017,1,58,False,11.620000000000005,,UNLABELED,UNVERIFIED,,,,,,44.45,MODERATE,RECURRING_INTERMITTENT_HEAT,ANALYST_REVIEW_RECOMMENDED
32,23.25788,70.26331,307.92,295.12,2026-08-24,2112,0.65,nominal,0.6,N,N,VIIRS,historical,Gujarat,WEST_GUJARAT,True,0.0,Unnamed Industrial Facility,general_industry,way/1263812739,INSIDE_INDUSTRIAL_ZONE,1.0,CLUSTER_016,0.052,3,58,False,12.800000000000011,,UNLABELED,UNVERIFIED,,,,,,44.84,MODERATE,RECURRING_INTERMITTENT_HEAT,ANALYST_REVIEW_RECOMMENDED
33,23.3162,70.48951,309.1,295.62,2026-08-24,2112,1.26,nominal,0.6,N,N,VIIRS,historical,Gujarat,WEST_GUJARAT,True,0.0,Unnamed Industrial Facility,general_industry,way/661955013,INSIDE_INDUSTRIAL_ZONE,1.0,CLUSTER_017,0.052,3,58,False,13.480000000000018,,UNLABELED,UNVERIFIED,,,,,,45.17,MODERATE,RECURRING_INTERMITTENT_HEAT,ANALYST_REVIEW_RECOMMENDED
34,22.93243,69.69887,311.42,293.13,2026-08-25,2053,2.23,nominal,0.6,N,N,VIIRS,historical,Gujarat,WEST_GUJARAT,False,327.4,Unnamed Industrial Facility,general_industry,way/1002375165,NEARBY_INDUSTRIAL_BUFFER,0.8,CLUSTER_012,0.138,8,58,False,18.29000000000002,,UNLABELED,UNVERIFIED,,,,,,46.26,MODERATE,RECURRING_INTERMITTENT_HEAT,ANALYST_REVIEW_RECOMMENDED
35,22.93312,69.69748,314.65,292.93,2026-08-25,2053,2.18,nominal,0.6,N,N,VIIRS,historical,Gujarat,WEST_GUJARAT,False,470.1,Unnamed Industrial Facility,general_industry,way/1002375165,NEARBY_INDUSTRIAL_BUFFER,0.8,CLUSTER_012,0.138,8,58,False,21.71999999999997,,UNLABELED,UNVERIFIED,,,,,,46.26,MODERATE,RECURRING_INTERMITTENT_HEAT,ANALYST_REVIEW_RECOMMENDED
36,21.10119,72.63515,333.85,290.63,2026-08-25,2055,7.38,nominal,0.6,N,N,VIIRS,historical,Gujarat,WEST_GUJARAT,False,48.0,ArcelorMittal Nippon Steel India,works,way/104647203,NEARBY_INDUSTRIAL_BUFFER,0.8,CLUSTER_009,0.345,20,58,True,43.22000000000003,,UNLABELED,UNVERIFIED,,,,,,79.34,HIGH,ELEVATED_THERMAL_ACTIVITY,ESCALATED_INVESTIGATION_RECOMMENDED
37,21.10456,72.63571,316.63,287.4,2026-08-25,2055,3.21,nominal,0.6,N,N,VIIRS,historical,Gujarat,WEST_GUJARAT,True,0.0,ArcelorMittal Nippon Steel India,works,way/104647203,INSIDE_INDUSTRIAL_ZONE,1.0,CLUSTER_009,0.345,20,58,True,29.230000000000018,,UNLABELED,UNVERIFIED,,,,,,79.34,HIGH,ELEVATED_THERMAL_ACTIVITY,ESCALATED_INVESTIGATION_RECOMMENDED
38,21.1062,72.64778,310.96,275.72,2026-08-25,2055,1.33,nominal,0.6,N,N,VIIRS,historical,Gujarat,WEST_GUJARAT,True,0.0,ArcelorMittal Nippon Steel India,works,way/104647203,INSIDE_INDUSTRIAL_ZONE,1.0,CLUSTER_009,0.345,20,58,True,35.23999999999995,,UNLABELED,UNVERIFIED,,,,,,79.34,HIGH,ELEVATED_THERMAL_ACTIVITY,ESCALATED_INVESTIGATION_RECOMMENDED
39,21.10678,72.64395,316.16,277.94,2026-08-25,2055,2.31,nominal,0.6,N,N,VIIRS,historical,Gujarat,WEST_GUJARAT,True,0.0,ArcelorMittal Nippon Steel India,works,way/104647203,INSIDE_INDUSTRIAL_ZONE,1.0,CLUSTER_009,0.345,20,58,True,38.22000000000003,,UNLABELED,UNVERIFIED,,,,,,79.34,HIGH,ELEVATED_THERMAL_ACTIVITY,ESCALATED_INVESTIGATION_RECOMMENDED
40,21.1113,72.63686,301.26,279.28,2026-08-25,2055,1.51,nominal,0.6,N,N,VIIRS,historical,Gujarat,WEST_GUJARAT,True,0.0,ArcelorMittal Nippon Steel India,works,way/104647203,INSIDE_INDUSTRIAL_ZONE,1.0,CLUSTER_009,0.345,20,58,True,21.980000000000018,,UNLABELED,UNVERIFIED,,,,,,79.34,HIGH,ELEVATED_THERMAL_ACTIVITY,ESCALATED_INVESTIGATION_RECOMMENDED
41,22.4152,69.03896,305.3,285.84,2026-08-25,2055,1.39,nominal,0.6,N,N,VIIRS,historical,Gujarat,WEST_GUJARAT,True,0.0,Unnamed Industrial Facility,general_industry,way/1311235459,INSIDE_INDUSTRIAL_ZONE,1.0,CLUSTER_018,0.172,10,58,False,19.460000000000036,,UNLABELED,UNVERIFIED,,,,,,48.09,MODERATE,RECURRING_INTERMITTENT_HEAT,ANALYST_REVIEW_RECOMMENDED
42,21.10126,72.63638,355.87,294.3,2026-08-26,0805,11.1,nominal,0.6,D,N,VIIRS,historical,Gujarat,WEST_GUJARAT,True,0.0,ArcelorMittal Nippon Steel India,works,way/104647203,INSIDE_INDUSTRIAL_ZONE,1.0,CLUSTER_009,0.345,20,58,True,61.56999999999999,,UNLABELED,UNVERIFIED,,,,,,79.34,HIGH,ELEVATED_THERMAL_ACTIVITY,ESCALATED_INVESTIGATION_RECOMMENDED
43,21.10306,72.64542,336.67,293.41,2026-08-26,0805,4.7,nominal,0.6,D,N,VIIRS,historical,Gujarat,WEST_GUJARAT,True,0.0,ArcelorMittal Nippon Steel India,works,way/104647203,INSIDE_INDUSTRIAL_ZONE,1.0,CLUSTER_009,0.345,20,58,True,43.25999999999999,,UNLABELED,UNVERIFIED,,,,,,79.34,HIGH,ELEVATED_THERMAL_ACTIVITY,ESCALATED_INVESTIGATION_RECOMMENDED
44,22.9245,69.82229,301.64,290.12,2026-08-26,2034,1.76,nominal,0.6,N,N,VIIRS,historical,Gujarat,WEST_GUJARAT,False,96.7,Unnamed Industrial Facility,general_industry,way/839105241,NEARBY_INDUSTRIAL_BUFFER,0.8,CLUSTER_019,0.086,5,58,False,11.519999999999982,,UNLABELED,UNVERIFIED,,,,,,44.75,MODERATE,RECURRING_INTERMITTENT_HEAT,ANALYST_REVIEW_RECOMMENDED
45,22.92565,69.82343,303.65,290.14,2026-08-26,2034,0.67,nominal,0.6,N,N,VIIRS,historical,Gujarat,WEST_GUJARAT,False,2.1,Unnamed Industrial Facility,general_industry,way/839105241,NEARBY_INDUSTRIAL_BUFFER,0.8,CLUSTER_019,0.086,5,58,False,13.509999999999991,,UNLABELED,UNVERIFIED,,,,,,44.75,MODERATE,RECURRING_INTERMITTENT_HEAT,ANALYST_REVIEW_RECOMMENDED
46,23.12196,70.08334,311.0,290.15,2026-08-26,2034,1.48,nominal,0.6,N,N,VIIRS,historical,Gujarat,WEST_GUJARAT,False,393.6,Unnamed Industrial Facility,general_industry,way/104495231,NEARBY_INDUSTRIAL_BUFFER,0.8,CLUSTER_020,0.052,3,58,False,20.850000000000023,,UNLABELED,UNVERIFIED,,,,,,48.76,MODERATE,RECURRING_INTERMITTENT_HEAT,ANALYST_REVIEW_RECOMMENDED
47,21.10433,72.64272,305.89,264.87,2026-08-27,2017,2.66,nominal,0.6,N,N,VIIRS,historical,Gujarat,WEST_GUJARAT,True,0.0,ArcelorMittal Nippon Steel India,works,way/104647203,INSIDE_INDUSTRIAL_ZONE,1.0,CLUSTER_009,0.345,20,58,True,41.01999999999998,,UNLABELED,UNVERIFIED,,,,,,79.34,HIGH,ELEVATED_THERMAL_ACTIVITY,ESCALATED_INVESTIGATION_RECOMMENDED
48,22.38937,73.11508,295.06,272.37,2026-08-27,2017,0.59,nominal,0.6,N,N,VIIRS,historical,Gujarat,WEST_GUJARAT,True,0.0,Gujarat Refinery,refinery,way/29107962,INSIDE_INDUSTRIAL_ZONE,1.0,CLUSTER_021,0.017,1,58,False,22.689999999999998,,UNLABELED,UNVERIFIED,,,,,,44.39,MODERATE,RECURRING_INTERMITTENT_HEAT,ANALYST_REVIEW_RECOMMENDED
49,21.1045,72.63617,337.36,289.47,2026-08-24,2131,5.37,nominal,0.6,N,N20,VIIRS,historical,Gujarat,WEST_GUJARAT,True,0.0,ArcelorMittal Nippon Steel India,works,way/104647203,INSIDE_INDUSTRIAL_ZONE,1.0,CLUSTER_009,0.345,20,58,True,47.889999999999986,,UNLABELED,UNVERIFIED,,,,,,79.34,HIGH,ELEVATED_THERMAL_ACTIVITY,ESCALATED_INVESTIGATION_RECOMMENDED
50,21.10742,72.64774,320.64,290.58,2026-08-24,2131,3.22,nominal,0.6,N,N20,VIIRS,historical,Gujarat,WEST_GUJARAT,True,0.0,ArcelorMittal Nippon Steel India,works,way/104647203,INSIDE_INDUSTRIAL_ZONE,1.0,CLUSTER_009,0.345,20,58,True,30.060000000000002,,UNLABELED,UNVERIFIED,,,,,,79.34,HIGH,ELEVATED_THERMAL_ACTIVITY,ESCALATED_INVESTIGATION_RECOMMENDED
51,21.10818,72.64432,328.48,289.54,2026-08-24,2131,3.22,nominal,0.6,N,N20,VIIRS,historical,Gujarat,WEST_GUJARAT,True,0.0,ArcelorMittal Nippon Steel India,works,way/104647203,INSIDE_INDUSTRIAL_ZONE,1.0,CLUSTER_009,0.345,20,58,True,38.94,,UNLABELED,UNVERIFIED,,,,,,79.34,HIGH,ELEVATED_THERMAL_ACTIVITY,ESCALATED_INVESTIGATION_RECOMMENDED
52,22.34236,69.87119,331.0,292.96,2026-08-24,2131,5.31,nominal,0.6,N,N20,VIIRS,historical,Gujarat,WEST_GUJARAT,True,0.0,Reliance Refinery,refinery,way/91585872,INSIDE_INDUSTRIAL_ZONE,1.0,CLUSTER_010,0.086,5,58,False,38.04000000000002,,UNLABELED,UNVERIFIED,,,,,,49.89,MODERATE,RECURRING_INTERMITTENT_HEAT,ANALYST_REVIEW_RECOMMENDED
53,22.92938,70.10797,307.66,293.79,2026-08-24,2131,1.57,nominal,0.6,N,N20,VIIRS,historical,Gujarat,WEST_GUJARAT,False,0.4,Tuna-Tekra Container Terminal,port,way/361301736,NEARBY_INDUSTRIAL_BUFFER,0.8,CLUSTER_011,0.069,4,58,False,13.870000000000005,,UNLABELED,UNVERIFIED,,,,,,48.97,MODERATE,RECURRING_INTERMITTENT_HEAT,ANALYST_REVIEW_RECOMMENDED
54,22.93402,69.69881,314.16,294.18,2026-08-24,2131,2.18,nominal,0.6,N,N20,VIIRS,historical,Gujarat,WEST_GUJARAT,False,361.7,Unnamed Industrial Facility,general_industry,way/1002375165,NEARBY_INDUSTRIAL_BUFFER,0.8,CLUSTER_012,0.138,8,58,False,19.980000000000018,,UNLABELED,UNVERIFIED,,,,,,46.26,MODERATE,RECURRING_INTERMITTENT_HEAT,ANALYST_REVIEW_RECOMMENDED
55,21.10028,72.63832,336.63,288.5,2026-08-25,0843,6.64,nominal,0.6,D,N20,VIIRS,historical,Gujarat,WEST_GUJARAT,False,205.4,ArcelorMittal Nippon Steel India,works,way/104647203,NEARBY_INDUSTRIAL_BUFFER,0.8,CLUSTER_009,0.345,20,58,True,48.129999999999995,,UNLABELED,UNVERIFIED,,,,,,79.34,HIGH,ELEVATED_THERMAL_ACTIVITY,ESCALATED_INVESTIGATION_RECOMMENDED
56,21.10536,72.64783,332.66,289.06,2026-08-25,0843,6.03,nominal,0.6,D,N20,VIIRS,historical,Gujarat,WEST_GUJARAT,True,0.0,ArcelorMittal Nippon Steel India,works,way/104647203,INSIDE_INDUSTRIAL_ZONE,1.0,CLUSTER_009,0.345,20,58,True,43.60000000000002,,UNLABELED,UNVERIFIED,,,,,,79.34,HIGH,ELEVATED_THERMAL_ACTIVITY,ESCALATED_INVESTIGATION_RECOMMENDED
57,22.93576,69.1861,331.31,298.51,2026-08-25,0843,0.9,nominal,0.6,D,N20,VIIRS,historical,Gujarat,WEST_GUJARAT,False,20823.3,Unnamed Industrial Facility,general_industry,way/139441710,NON_INDUSTRIAL_RURAL,0.1,CLUSTER_022,0.034,2,58,False,32.80000000000001,,UNLABELED,UNVERIFIED,,,,,,19.34,LOW,NON_INDUSTRIAL_RURAL,ROUTINE_MONITORING_RECOMMENDED
58,20.9112,71.45757,302.1,284.29,2026-08-25,2112,0.57,nominal,0.6,N,N20,VIIRS,historical,Gujarat,WEST_GUJARAT,False,58.3,Unnamed Industrial Facility,general_industry,way/169375800,NEARBY_INDUSTRIAL_BUFFER,0.8,CLUSTER_008,0.103,6,58,False,17.810000000000002,,UNLABELED,UNVERIFIED,,,,,,45.06,MODERATE,RECURRING_INTERMITTENT_HEAT,ANALYST_REVIEW_RECOMMENDED
59,21.10278,72.63721,322.81,288.84,2026-08-25,2112,5.36,nominal,0.6,N,N20,VIIRS,historical,Gujarat,WEST_GUJARAT,False,6.4,ArcelorMittal Nippon Steel India,works,way/104647203,NEARBY_INDUSTRIAL_BUFFER,0.8,CLUSTER_009,0.345,20,58,True,33.97000000000003,,UNLABELED,UNVERIFIED,,,,,,79.34,HIGH,ELEVATED_THERMAL_ACTIVITY,ESCALATED_INVESTIGATION_RECOMMENDED
60,21.10566,72.6433,330.23,288.03,2026-08-25,2112,9.44,nominal,0.6,N,N20,VIIRS,historical,Gujarat,WEST_GUJARAT,True,0.0,ArcelorMittal Nippon Steel India,works,way/104647203,INSIDE_INDUSTRIAL_ZONE,1.0,CLUSTER_009,0.345,20,58,True,42.200000000000045,,UNLABELED,UNVERIFIED,,,,,,79.34,HIGH,ELEVATED_THERMAL_ACTIVITY,ESCALATED_INVESTIGATION_RECOMMENDED
61,22.33997,69.85574,308.37,292.92,2026-08-25,2112,3.06,nominal,0.6,N,N20,VIIRS,historical,Gujarat,WEST_GUJARAT,True,0.0,Reliance Refinery,refinery,way/91585872,INSIDE_INDUSTRIAL_ZONE,1.0,CLUSTER_010,0.086,5,58,False,15.449999999999989,,UNLABELED,UNVERIFIED,,,,,,49.89,MODERATE,RECURRING_INTERMITTENT_HEAT,ANALYST_REVIEW_RECOMMENDED
62,22.3412,69.85442,306.8,291.97,2026-08-25,2112,2.19,nominal,0.6,N,N20,VIIRS,historical,Gujarat,WEST_GUJARAT,True,0.0,Reliance Refinery,refinery,way/91585872,INSIDE_INDUSTRIAL_ZONE,1.0,CLUSTER_010,0.086,5,58,False,14.829999999999984,,UNLABELED,UNVERIFIED,,,,,,49.89,MODERATE,RECURRING_INTERMITTENT_HEAT,ANALYST_REVIEW_RECOMMENDED
63,22.41745,69.03764,310.21,285.03,2026-08-25,2112,0.7,nominal,0.6,N,N20,VIIRS,historical,Gujarat,WEST_GUJARAT,False,50.3,Unnamed Industrial Facility,general_industry,way/1311235459,NEARBY_INDUSTRIAL_BUFFER,0.8,CLUSTER_018,0.172,10,58,False,25.180000000000007,,UNLABELED,UNVERIFIED,,,,,,48.09,MODERATE,RECURRING_INTERMITTENT_HEAT,ANALYST_REVIEW_RECOMMENDED
64,22.42014,69.04203,302.36,284.81,2026-08-25,2112,0.79,nominal,0.6,N,N20,VIIRS,historical,Gujarat,WEST_GUJARAT,True,0.0,Unnamed Industrial Facility,general_industry,way/1311235459,INSIDE_INDUSTRIAL_ZONE,1.0,CLUSTER_018,0.172,10,58,False,17.55000000000001,,UNLABELED,UNVERIFIED,,,,,,48.09,MODERATE,RECURRING_INTERMITTENT_HEAT,ANALYST_REVIEW_RECOMMENDED
65,22.92693,69.82433,307.02,294.39,2026-08-25,2112,2.03,nominal,0.6,N,N20,VIIRS,historical,Gujarat,WEST_GUJARAT,True,0.0,Unnamed Industrial Facility,general_industry,way/839105241,INSIDE_INDUSTRIAL_ZONE,1.0,CLUSTER_019,0.086,5,58,False,12.629999999999995,,UNLABELED,UNVERIFIED,,,,,,44.75,MODERATE,RECURRING_INTERMITTENT_HEAT,ANALYST_REVIEW_RECOMMENDED
66,22.92767,70.10764,315.24,293.46,2026-08-25,2112,1.1,nominal,0.6,N,N20,VIIRS,historical,Gujarat,WEST_GUJARAT,True,0.0,Tuna-Tekra Container Terminal,port,way/361301736,INSIDE_INDUSTRIAL_ZONE,1.0,CLUSTER_011,0.069,4,58,False,21.78000000000003,,UNLABELED,UNVERIFIED,,,,,,48.97,MODERATE,RECURRING_INTERMITTENT_HEAT,ANALYST_REVIEW_RECOMMENDED
67,22.9311,69.69724,306.28,294.03,2026-08-25,2112,1.76,nominal,0.6,N,N20,VIIRS,historical,Gujarat,WEST_GUJARAT,False,513.7,Unnamed Industrial Facility,general_industry,way/1002375165,NEARBY_INDUSTRIAL_BUFFER,0.8,CLUSTER_012,0.138,8,58,False,12.25,,UNLABELED,UNVERIFIED,,,,,,46.26,MODERATE,RECURRING_INTERMITTENT_HEAT,ANALYST_REVIEW_RECOMMENDED
68,22.9338,69.70174,317.05,294.03,2026-08-25,2112,2.97,nominal,0.6,N,N20,VIIRS,historical,Gujarat,WEST_GUJARAT,False,123.7,Unnamed Industrial Facility,general_industry,way/1002375165,NEARBY_INDUSTRIAL_BUFFER,0.8,CLUSTER_012,0.138,8,58,False,23.02000000000004,,UNLABELED,UNVERIFIED,,,,,,46.26,MODERATE,RECURRING_INTERMITTENT_HEAT,ANALYST_REVIEW_RECOMMENDED
69,22.93445,69.69788,330.6,293.92,2026-08-25,2112,3.76,nominal,0.6,N,N20,VIIRS,historical,Gujarat,WEST_GUJARAT,False,468.2,Unnamed Industrial Facility,general_industry,way/1002375165,NEARBY_INDUSTRIAL_BUFFER,0.8,CLUSTER_012,0.138,8,58,False,36.68000000000001,,UNLABELED,UNVERIFIED,,,,,,46.26,MODERATE,RECURRING_INTERMITTENT_HEAT,ANALYST_REVIEW_RECOMMENDED
70,21.10113,72.63656,342.14,300.87,2026-08-26,0824,8.04,nominal,0.6,D,N20,VIIRS,historical,Gujarat,WEST_GUJARAT,False,13.8,ArcelorMittal Nippon Steel India,works,way/104647203,NEARBY_INDUSTRIAL_BUFFER,0.8,CLUSTER_009,0.345,20,58,True,41.26999999999998,,UNLABELED,UNVERIFIED,,,,,,79.34,HIGH,ELEVATED_THERMAL_ACTIVITY,ESCALATED_INVESTIGATION_RECOMMENDED
71,21.10283,72.64758,339.05,302.09,2026-08-26,0824,11.92,nominal,0.6,D,N20,VIIRS,historical,Gujarat,WEST_GUJARAT,True,0.0,ArcelorMittal Nippon Steel India,works,way/104647203,INSIDE_INDUSTRIAL_ZONE,1.0,CLUSTER_009,0.345,20,58,True,36.960000000000036,,UNLABELED,UNVERIFIED,,,,,,79.34,HIGH,ELEVATED_THERMAL_ACTIVITY,ESCALATED_INVESTIGATION_RECOMMENDED
72,21.10612,72.647,344.97,302.32,2026-08-26,0824,11.92,nominal,0.6,D,N20,VIIRS,historical,Gujarat,WEST_GUJARAT,True,0.0,ArcelorMittal Nippon Steel India,works,way/104647203,INSIDE_INDUSTRIAL_ZONE,1.0,CLUSTER_009,0.345,20,58,True,42.650000000000034,,UNLABELED,UNVERIFIED,,,,,,79.34,HIGH,ELEVATED_THERMAL_ACTIVITY,ESCALATED_INVESTIGATION_RECOMMENDED
73,22.92799,70.10835,334.26,302.81,2026-08-26,0826,6.26,low,0.2,D,N20,VIIRS,historical,Gujarat,WEST_GUJARAT,False,31.3,Tuna-Tekra Container Terminal,port,way/361301736,NEARBY_INDUSTRIAL_BUFFER,0.8,CLUSTER_011,0.069,4,58,False,31.44999999999999,,UNLABELED,UNVERIFIED,,,,,,48.97,MODERATE,RECURRING_INTERMITTENT_HEAT,ANALYST_REVIEW_RECOMMENDED
74,23.93222,72.36194,322.77,280.0,2026-08-26,2051,1.69,nominal,0.6,N,N20,VIIRS,historical,Gujarat,WEST_GUJARAT,False,59.6,Unnamed Industrial Facility,general_industry,way/824252595,NEARBY_INDUSTRIAL_BUFFER,0.8,CLUSTER_023,0.017,1,58,False,42.76999999999998,,UNLABELED,UNVERIFIED,,,,,,44.91,MODERATE,RECURRING_INTERMITTENT_HEAT,ANALYST_REVIEW_RECOMMENDED
75,20.91049,71.45941,312.46,289.09,2026-08-26,2053,1.26,nominal,0.6,N,N20,VIIRS,historical,Gujarat,WEST_GUJARAT,True,0.0,Unnamed Industrial Facility,general_industry,way/169375800,INSIDE_INDUSTRIAL_ZONE,1.0,CLUSTER_008,0.103,6,58,False,23.370000000000005,,UNLABELED,UNVERIFIED,,,,,,45.06,MODERATE,RECURRING_INTERMITTENT_HEAT,ANALYST_REVIEW_RECOMMENDED
76,21.1065,72.64651,300.89,270.92,2026-08-26,2053,0.55,nominal,0.6,N,N20,VIIRS,historical,Gujarat,WEST_GUJARAT,True,0.0,ArcelorMittal Nippon Steel India,works,way/104647203,INSIDE_INDUSTRIAL_ZONE,1.0,CLUSTER_009,0.345,20,58,True,29.96999999999997,,UNLABELED,UNVERIFIED,,,,,,79.34,HIGH,ELEVATED_THERMAL_ACTIVITY,ESCALATED_INVESTIGATION_RECOMMENDED
77,22.32085,69.8827,311.16,286.86,2026-08-26,2053,1.41,nominal,0.6,N,N20,VIIRS,historical,Gujarat,WEST_GUJARAT,True,0.0,Reliance Refinery,refinery,way/91585872,INSIDE_INDUSTRIAL_ZONE,1.0,CLUSTER_024,0.017,1,58,False,24.30000000000001,,UNLABELED,UNVERIFIED,,,,,,45.6,MODERATE,RECURRING_INTERMITTENT_HEAT,ANALYST_REVIEW_RECOMMENDED
78,22.32132,69.88142,317.54,287.39,2026-08-26,2053,1.49,nominal,0.6,N,N20,VIIRS,historical,Gujarat,WEST_GUJARAT,True,0.0,Reliance Refinery,refinery,way/91585872,INSIDE_INDUSTRIAL_ZONE,1.0,CLUSTER_024,0.017,1,58,False,30.150000000000034,,UNLABELED,UNVERIFIED,,,,,,45.6,MODERATE,RECURRING_INTERMITTENT_HEAT,ANALYST_REVIEW_RECOMMENDED
79,22.41633,69.0387,309.0,292.91,2026-08-26,2053,2.63,nominal,0.6,N,N20,VIIRS,historical,Gujarat,WEST_GUJARAT,True,0.0,Unnamed Industrial Facility,general_industry,way/1311235459,INSIDE_INDUSTRIAL_ZONE,1.0,CLUSTER_018,0.172,10,58,False,16.089999999999975,,UNLABELED,UNVERIFIED,,,,,,48.09,MODERATE,RECURRING_INTERMITTENT_HEAT,ANALYST_REVIEW_RECOMMENDED
80,23.31464,70.48708,307.11,293.75,2026-08-26,2053,1.62,nominal,0.6,N,N20,VIIRS,historical,Gujarat,WEST_GUJARAT,True,0.0,Unnamed Industrial Facility,general_industry,way/661955013,INSIDE_INDUSTRIAL_ZONE,1.0,CLUSTER_017,0.052,3,58,False,13.360000000000014,,UNLABELED,UNVERIFIED,,,,,,45.17,MODERATE,RECURRING_INTERMITTENT_HEAT,ANALYST_REVIEW_RECOMMENDED
81,23.31667,70.48634,308.92,294.09,2026-08-26,2053,1.21,nominal,0.6,N,N20,VIIRS,historical,Gujarat,WEST_GUJARAT,True,0.0,Unnamed Industrial Facility,general_industry,way/661955013,INSIDE_INDUSTRIAL_ZONE,1.0,CLUSTER_017,0.052,3,58,False,14.830000000000041,,UNLABELED,UNVERIFIED,,,,,,45.17,MODERATE,RECURRING_INTERMITTENT_HEAT,ANALYST_REVIEW_RECOMMENDED
82,21.11086,72.63392,297.67,269.91,2026-08-27,2034,0.95,nominal,0.6,N,N20,VIIRS,historical,Gujarat,WEST_GUJARAT,True,0.0,ArcelorMittal Nippon Steel India,works,way/104647203,INSIDE_INDUSTRIAL_ZONE,1.0,CLUSTER_009,0.345,20,58,True,27.75999999999999,,UNLABELED,UNVERIFIED,,,,,,79.34,HIGH,ELEVATED_THERMAL_ACTIVITY,ESCALATED_INVESTIGATION_RECOMMENDED
83,23.11632,70.08329,303.57,288.7,2026-08-27,2034,1.73,nominal,0.6,N,N20,VIIRS,historical,Gujarat,WEST_GUJARAT,True,0.0,Unnamed Industrial Facility,general_industry,way/104495231,INSIDE_INDUSTRIAL_ZONE,1.0,CLUSTER_020,0.052,3,58,False,14.870000000000005,,UNLABELED,UNVERIFIED,,,,,,48.76,MODERATE,RECURRING_INTERMITTENT_HEAT,ANALYST_REVIEW_RECOMMENDED
84,20.91008,71.45858,304.73,291.81,2026-08-24,2036,1.97,nominal,0.6,N,N21,VIIRS,historical,Gujarat,WEST_GUJARAT,True,0.0,Unnamed Industrial Facility,general_industry,way/169375800,INSIDE_INDUSTRIAL_ZONE,1.0,CLUSTER_008,0.103,6,58,False,12.920000000000016,,UNLABELED,UNVERIFIED,,,,,,45.06,MODERATE,RECURRING_INTERMITTENT_HEAT,ANALYST_REVIEW_RECOMMENDED
85,21.1006,72.63942,303.78,284.69,2026-08-24,2036,6.84,nominal,0.6,N,N21,VIIRS,historical,Gujarat,WEST_GUJARAT,False,289.9,ArcelorMittal Nippon Steel India,works,way/104647203,NEARBY_INDUSTRIAL_BUFFER,0.8,CLUSTER_009,0.345,20,58,True,19.089999999999975,,UNLABELED,UNVERIFIED,,,,,,79.34,HIGH,ELEVATED_THERMAL_ACTIVITY,ESCALATED_INVESTIGATION_RECOMMENDED
86,21.1012,72.63512,343.9,286.91,2026-08-24,2036,6.84,nominal,0.6,N,N21,VIIRS,historical,Gujarat,WEST_GUJARAT,False,50.8,ArcelorMittal Nippon Steel India,works,way/104647203,NEARBY_INDUSTRIAL_BUFFER,0.8,CLUSTER_009,0.345,20,58,True,56.98999999999995,,UNLABELED,UNVERIFIED,,,,,,79.34,HIGH,ELEVATED_THERMAL_ACTIVITY,ESCALATED_INVESTIGATION_RECOMMENDED
87,21.10295,72.64854,306.06,287.19,2026-08-24,2036,5.21,nominal,0.6,N,N21,VIIRS,historical,Gujarat,WEST_GUJARAT,True,0.0,ArcelorMittal Nippon Steel India,works,way/104647203,INSIDE_INDUSTRIAL_ZONE,1.0,CLUSTER_009,0.345,20,58,True,18.870000000000005,,UNLABELED,UNVERIFIED,,,,,,79.34,HIGH,ELEVATED_THERMAL_ACTIVITY,ESCALATED_INVESTIGATION_RECOMMENDED
88,21.10355,72.64426,333.39,286.73,2026-08-24,2036,5.21,nominal,0.6,N,N21,VIIRS,historical,Gujarat,WEST_GUJARAT,True,0.0,ArcelorMittal Nippon Steel India,works,way/104647203,INSIDE_INDUSTRIAL_ZONE,1.0,CLUSTER_009,0.345,20,58,True,46.65999999999997,,UNLABELED,UNVERIFIED,,,,,,79.34,HIGH,ELEVATED_THERMAL_ACTIVITY,ESCALATED_INVESTIGATION_RECOMMENDED
89,21.10415,72.63996,305.3,285.08,2026-08-24,2036,1.32,nominal,0.6,N,N21,VIIRS,historical,Gujarat,WEST_GUJARAT,True,0.0,ArcelorMittal Nippon Steel India,works,way/104647203,INSIDE_INDUSTRIAL_ZONE,1.0,CLUSTER_009,0.345,20,58,True,20.220000000000027,,UNLABELED,UNVERIFIED,,,,,,79.34,HIGH,ELEVATED_THERMAL_ACTIVITY,ESCALATED_INVESTIGATION_RECOMMENDED
90,21.10475,72.63566,311.84,286.77,2026-08-24,2036,1.32,nominal,0.6,N,N21,VIIRS,historical,Gujarat,WEST_GUJARAT,True,0.0,ArcelorMittal Nippon Steel India,works,way/104647203,INSIDE_INDUSTRIAL_ZONE,1.0,CLUSTER_009,0.345,20,58,True,25.069999999999993,,UNLABELED,UNVERIFIED,,,,,,79.34,HIGH,ELEVATED_THERMAL_ACTIVITY,ESCALATED_INVESTIGATION_RECOMMENDED
91,21.10649,72.64909,309.21,287.92,2026-08-24,2036,5.21,nominal,0.6,N,N21,VIIRS,historical,Gujarat,WEST_GUJARAT,True,0.0,ArcelorMittal Nippon Steel India,works,way/104647203,INSIDE_INDUSTRIAL_ZONE,1.0,CLUSTER_009,0.345,20,58,True,21.289999999999964,,UNLABELED,UNVERIFIED,,,,,,79.34,HIGH,ELEVATED_THERMAL_ACTIVITY,ESCALATED_INVESTIGATION_RECOMMENDED
92,21.1071,72.6448,333.63,286.64,2026-08-24,2036,5.21,nominal,0.6,N,N21,VIIRS,historical,Gujarat,WEST_GUJARAT,True,0.0,ArcelorMittal Nippon Steel India,works,way/104647203,INSIDE_INDUSTRIAL_ZONE,1.0,CLUSTER_009,0.345,20,58,True,46.99000000000001,,UNLABELED,UNVERIFIED,,,,,,79.34,HIGH,ELEVATED_THERMAL_ACTIVITY,ESCALATED_INVESTIGATION_RECOMMENDED
93,21.1077,72.6405,305.03,286.38,2026-08-24,2036,1.32,nominal,0.6,N,N21,VIIRS,historical,Gujarat,WEST_GUJARAT,True,0.0,ArcelorMittal Nippon Steel India,works,way/104647203,INSIDE_INDUSTRIAL_ZONE,1.0,CLUSTER_009,0.345,20,58,True,18.649999999999977,,UNLABELED,UNVERIFIED,,,,,,79.34,HIGH,ELEVATED_THERMAL_ACTIVITY,ESCALATED_INVESTIGATION_RECOMMENDED
94,21.1083,72.63621,314.67,287.72,2026-08-24,2036,1.32,nominal,0.6,N,N21,VIIRS,historical,Gujarat,WEST_GUJARAT,True,0.0,ArcelorMittal Nippon Steel India,works,way/104647203,INSIDE_INDUSTRIAL_ZONE,1.0,CLUSTER_009,0.345,20,58,True,26.94999999999999,,UNLABELED,UNVERIFIED,,,,,,79.34,HIGH,ELEVATED_THERMAL_ACTIVITY,ESCALATED_INVESTIGATION_RECOMMENDED
95,21.11155,72.63502,306.84,285.95,2026-08-24,2036,2.62,nominal,0.6,N,N21,VIIRS,historical,Gujarat,WEST_GUJARAT,True,0.0,ArcelorMittal Nippon Steel India,works,way/104647203,INSIDE_INDUSTRIAL_ZONE,1.0,CLUSTER_009,0.345,20,58,True,20.889999999999986,,UNLABELED,UNVERIFIED,,,,,,79.34,HIGH,ELEVATED_THERMAL_ACTIVITY,ESCALATED_INVESTIGATION_RECOMMENDED
96,21.11185,72.63676,305.79,286.44,2026-08-24,2036,2.38,nominal,0.6,N,N21,VIIRS,historical,Gujarat,WEST_GUJARAT,True,0.0,ArcelorMittal Nippon Steel India,works,way/104647203,INSIDE_INDUSTRIAL_ZONE,1.0,CLUSTER_009,0.345,20,58,True,19.350000000000023,,UNLABELED,UNVERIFIED,,,,,,79.34,HIGH,ELEVATED_THERMAL_ACTIVITY,ESCALATED_INVESTIGATION_RECOMMENDED
97,22.33921,69.8703,309.15,293.54,2026-08-24,2036,2.69,nominal,0.6,N,N21,VIIRS,historical,Gujarat,WEST_GUJARAT,True,0.0,Reliance Refinery,refinery,way/91585872,INSIDE_INDUSTRIAL_ZONE,1.0,CLUSTER_010,0.086,5,58,False,15.609999999999957,,UNLABELED,UNVERIFIED,,,,,,49.89,MODERATE,RECURRING_INTERMITTENT_HEAT,ANALYST_REVIEW_RECOMMENDED
98,22.33969,69.86611,315.85,294.07,2026-08-24,2036,2.69,nominal,0.6,N,N21,VIIRS,historical,Gujarat,WEST_GUJARAT,True,0.0,Reliance Refinery,refinery,way/91585872,INSIDE_INDUSTRIAL_ZONE,1.0,CLUSTER_010,0.086,5,58,False,21.78000000000003,,UNLABELED,UNVERIFIED,,,,,,49.89,MODERATE,RECURRING_INTERMITTENT_HEAT,ANALYST_REVIEW_RECOMMENDED
99,22.34017,69.86192,307.83,293.93,2026-08-24,2036,3.82,nominal,0.6,N,N21,VIIRS,historical,Gujarat,WEST_GUJARAT,True,0.0,Reliance Refinery,refinery,way/91585872,INSIDE_INDUSTRIAL_ZONE,1.0,CLUSTER_010,0.086,5,58,False,13.899999999999977,,UNLABELED,UNVERIFIED,,,,,,49.89,MODERATE,RECURRING_INTERMITTENT_HEAT,ANALYST_REVIEW_RECOMMENDED
100,22.34343,69.87085,313.73,293.41,2026-08-24,2036,7.01,nominal,0.6,N,N21,VIIRS,historical,Gujarat,WEST_GUJARAT,True,0.0,Reliance Refinery,refinery,way/91585872,INSIDE_INDUSTRIAL_ZONE,1.0,CLUSTER_010,0.086,5,58,False,20.319999999999993,,UNLABELED,UNVERIFIED,,,,,,49.89,MODERATE,RECURRING_INTERMITTENT_HEAT,ANALYST_REVIEW_RECOMMENDED
101,22.34392,69.86665,339.9,293.84,2026-08-24,2036,7.01,nominal,0.6,N,N21,VIIRS,historical,Gujarat,WEST_GUJARAT,True,0.0,Reliance Refinery,refinery,way/91585872,INSIDE_INDUSTRIAL_ZONE,1.0,CLUSTER_010,0.086,5,58,False,46.06,,UNLABELED,UNVERIFIED,,,,,,49.89,MODERATE,RECURRING_INTERMITTENT_HEAT,ANALYST_REVIEW_RECOMMENDED
102,22.3444,69.86245,308.11,293.06,2026-08-24,2036,2.37,nominal,0.6,N,N21,VIIRS,historical,Gujarat,WEST_GUJARAT,True,0.0,Reliance Refinery,refinery,way/91585872,INSIDE_INDUSTRIAL_ZONE,1.0,CLUSTER_010,0.086,5,58,False,15.050000000000011,,UNLABELED,UNVERIFIED,,,,,,49.89,MODERATE,RECURRING_INTERMITTENT_HEAT,ANALYST_REVIEW_RECOMMENDED
103,22.93092,69.6974,305.22,293.62,2026-08-24,2036,1.29,nominal,0.6,N,N21,VIIRS,historical,Gujarat,WEST_GUJARAT,False,500.4,Unnamed Industrial Facility,general_industry,way/1002375165,NEARBY_INDUSTRIAL_BUFFER,0.8,CLUSTER_012,0.138,8,58,False,11.600000000000023,,UNLABELED,UNVERIFIED,,,,,,46.26,MODERATE,RECURRING_INTERMITTENT_HEAT,ANALYST_REVIEW_RECOMMENDED
104,22.93522,69.69798,309.2,293.68,2026-08-24,2036,1.47,nominal,0.6,N,N21,VIIRS,historical,Gujarat,WEST_GUJARAT,False,500.7,Unnamed Industrial Facility,general_industry,way/1002375165,NEARBY_INDUSTRIAL_BUFFER,0.8,CLUSTER_012,0.138,8,58,False,15.519999999999982,,UNLABELED,UNVERIFIED,,,,,,46.26,MODERATE,RECURRING_INTERMITTENT_HEAT,ANALYST_REVIEW_RECOMMENDED
105,23.31523,70.48663,306.28,294.42,2026-08-24,2036,1.6,nominal,0.6,N,N21,VIIRS,historical,Gujarat,WEST_GUJARAT,True,0.0,Unnamed Industrial Facility,general_industry,way/661955013,INSIDE_INDUSTRIAL_ZONE,1.0,CLUSTER_017,0.052,3,58,False,11.859999999999957,,UNLABELED,UNVERIFIED,,,,,,45.17,MODERATE,RECURRING_INTERMITTENT_HEAT,ANALYST_REVIEW_RECOMMENDED
106,20.91191,71.45881,305.05,290.37,2026-08-25,2019,0.96,nominal,0.6,N,N21,VIIRS,historical,Gujarat,WEST_GUJARAT,True,0.0,Unnamed Industrial Facility,general_industry,way/169375800,INSIDE_INDUSTRIAL_ZONE,1.0,CLUSTER_008,0.103,6,58,False,14.680000000000007,,UNLABELED,UNVERIFIED,,,,,,45.06,MODERATE,RECURRING_INTERMITTENT_HEAT,ANALYST_REVIEW_RECOMMENDED
107,21.10038,72.63611,334.04,287.11,2026-08-26,0731,6.31,nominal,0.6,D,N21,VIIRS,historical,Gujarat,WEST_GUJARAT,False,60.3,ArcelorMittal Nippon Steel India,works,way/104647203,NEARBY_INDUSTRIAL_BUFFER,0.8,CLUSTER_009,0.345,20,58,True,46.93000000000001,,UNLABELED,UNVERIFIED,,,,,,79.34,HIGH,ELEVATED_THERMAL_ACTIVITY,ESCALATED_INVESTIGATION_RECOMMENDED
108,21.10424,72.64529,332.55,288.95,2026-08-26,0909,7.18,nominal,0.6,D,N21,VIIRS,historical,Gujarat,WEST_GUJARAT,True,0.0,ArcelorMittal Nippon Steel India,works,way/104647203,INSIDE_INDUSTRIAL_ZONE,1.0,CLUSTER_009,0.345,20,58,True,43.60000000000002,,UNLABELED,UNVERIFIED,,,,,,79.34,HIGH,ELEVATED_THERMAL_ACTIVITY,ESCALATED_INVESTIGATION_RECOMMENDED
109,21.10633,72.64521,332.78,288.69,2026-08-26,0909,6.43,nominal,0.6,D,N21,VIIRS,historical,Gujarat,WEST_GUJARAT,True,0.0,ArcelorMittal Nippon Steel India,works,way/104647203,INSIDE_INDUSTRIAL_ZONE,1.0,CLUSTER_009,0.345,20,58,True,44.089999999999975,,UNLABELED,UNVERIFIED,,,,,,79.34,HIGH,ELEVATED_THERMAL_ACTIVITY,ESCALATED_INVESTIGATION_RECOMMENDED
110,22.4143,69.03838,306.35,290.09,2026-08-26,2138,0.72,nominal,0.6,N,N21,VIIRS,historical,Gujarat,WEST_GUJARAT,True,0.0,Unnamed Industrial Facility,general_industry,way/1311235459,INSIDE_INDUSTRIAL_ZONE,1.0,CLUSTER_018,0.172,10,58,False,16.260000000000048,,UNLABELED,UNVERIFIED,,,,,,48.09,MODERATE,RECURRING_INTERMITTENT_HEAT,ANALYST_REVIEW_RECOMMENDED
111,21.10197,72.63417,314.93,273.63,2026-08-27,2121,6.06,nominal,0.6,N,N21,VIIRS,historical,Gujarat,WEST_GUJARAT,True,0.0,ArcelorMittal Nippon Steel India,works,way/104647203,INSIDE_INDUSTRIAL_ZONE,1.0,CLUSTER_009,0.345,20,58,True,41.30000000000001,,UNLABELED,UNVERIFIED,,,,,,79.34,HIGH,ELEVATED_THERMAL_ACTIVITY,ESCALATED_INVESTIGATION_RECOMMENDED
112,21.10285,72.63518,315.13,274.69,2026-08-27,2121,3.87,nominal,0.6,N,N21,VIIRS,historical,Gujarat,WEST_GUJARAT,True,0.0,ArcelorMittal Nippon Steel India,works,way/104647203,INSIDE_INDUSTRIAL_ZONE,1.0,CLUSTER_009,0.345,20,58,True,40.44,,UNLABELED,UNVERIFIED,,,,,,79.34,HIGH,ELEVATED_THERMAL_ACTIVITY,ESCALATED_INVESTIGATION_RECOMMENDED
113,21.10449,72.64615,317.36,274.79,2026-08-27,2121,5.35,nominal,0.6,N,N21,VIIRS,historical,Gujarat,WEST_GUJARAT,True,0.0,ArcelorMittal Nippon Steel India,works,way/104647203,INSIDE_INDUSTRIAL_ZONE,1.0,CLUSTER_009,0.345,20,58,True,42.56999999999999,,UNLABELED,UNVERIFIED,,,,,,79.34,HIGH,ELEVATED_THERMAL_ACTIVITY,ESCALATED_INVESTIGATION_RECOMMENDED
114,21.1053,72.64713,317.47,275.42,2026-08-27,2121,5.51,nominal,0.6,N,N21,VIIRS,historical,Gujarat,WEST_GUJARAT,True,0.0,ArcelorMittal Nippon Steel India,works,way/104647203,INSIDE_INDUSTRIAL_ZONE,1.0,CLUSTER_009,0.345,20,58,True,42.05000000000001,,UNLABELED,UNVERIFIED,,,,,,79.34,HIGH,ELEVATED_THERMAL_ACTIVITY,ESCALATED_INVESTIGATION_RECOMMENDED
115,22.92664,70.10658,313.67,293.11,2026-08-27,2121,2.39,nominal,0.6,N,N21,VIIRS,historical,Gujarat,WEST_GUJARAT,True,0.0,Tuna-Tekra Container Terminal,port,way/361301736,INSIDE_INDUSTRIAL_ZONE,1.0,CLUSTER_011,0.069,4,58,False,20.560000000000002,,UNLABELED,UNVERIFIED,,,,,,48.97,MODERATE,RECURRING_INTERMITTENT_HEAT,ANALYST_REVIEW_RECOMMENDED
116,22.14031,72.23269,312.84,285.47,2026-08-03,0336,32.57,nominal,0.45,D,Terra,MODIS,historical,Gujarat,WEST_GUJARAT,True,0.0,Dholera Solar Park,general_industry,way/1245396806,INSIDE_INDUSTRIAL_ZONE,1.0,CLUSTER_025,0.017,1,58,False,27.369999999999948,,UNLABELED,UNVERIFIED,,,,,,52.6,MODERATE,RECURRING_INTERMITTENT_HEAT,ANALYST_REVIEW_RECOMMENDED
117,24.07264,69.48524,325.57,290.78,2026-08-03,1117,87.99,nominal,0.79,D,Aqua,MODIS,historical,Gujarat,WEST_GUJARAT,True,0.0,NTPC Khavda,general_industry,way/1336628395,INSIDE_INDUSTRIAL_ZONE,1.0,CLUSTER_026,0.017,1,58,True,34.79000000000002,,UNLABELED,UNVERIFIED,,,,,,86.35,CRITICAL,SEVERE_THERMAL_ANOMALY,HIGH_PRIORITY_INVESTIGATION_REQUIRED
118,24.0728,69.47696,326.64,290.92,2026-08-03,1117,94.41,high,0.8,D,Aqua,MODIS,historical,Gujarat,WEST_GUJARAT,True,0.0,NTPC Khavda,general_industry,way/1336628395,INSIDE_INDUSTRIAL_ZONE,1.0,CLUSTER_027,0.017,1,58,True,35.71999999999997,,UNLABELED,UNVERIFIED,,,,,,88.06,CRITICAL,SEVERE_THERMAL_ANOMALY,HIGH_PRIORITY_INVESTIGATION_REQUIRED
119,21.10234,72.64673,318.62,292.67,2026-08-06,0357,13.09,nominal,0.55,D,Terra,MODIS,historical,Gujarat,WEST_GUJARAT,False,29.8,ArcelorMittal Nippon Steel India,works,way/104647203,NEARBY_INDUSTRIAL_BUFFER,0.8,CLUSTER_009,0.345,20,58,True,25.94999999999999,,UNLABELED,UNVERIFIED,,,,,,79.34,HIGH,ELEVATED_THERMAL_ACTIVITY,ESCALATED_INVESTIGATION_RECOMMENDED
120,21.10371,72.63623,313.8,293.1,2026-08-06,0357,7.82,nominal,0.46,D,Terra,MODIS,historical,Gujarat,WEST_GUJARAT,True,0.0,ArcelorMittal Nippon Steel India,works,way/104647203,INSIDE_INDUSTRIAL_ZONE,1.0,CLUSTER_009,0.345,20,58,True,20.69999999999999,,UNLABELED,UNVERIFIED,,,,,,79.34,HIGH,ELEVATED_THERMAL_ACTIVITY,ESCALATED_INVESTIGATION_RECOMMENDED
121,21.10824,72.64632,301.91,289.62,2026-08-22,1524,6.33,low,0.13,N,Terra,MODIS,historical,Gujarat,WEST_GUJARAT,True,0.0,ArcelorMittal Nippon Steel India,works,way/104647203,INSIDE_INDUSTRIAL_ZONE,1.0,CLUSTER_009,0.345,20,58,True,12.29000000000002,,UNLABELED,UNVERIFIED,,,,,,79.34,HIGH,ELEVATED_THERMAL_ACTIVITY,ESCALATED_INVESTIGATION_RECOMMENDED
122,20.86841,71.39706,303.07,292.83,2026-08-29,2118,2.52,nominal,0.6,N,N,VIIRS,near_real_time,Gujarat,WEST_GUJARAT,True,0.0,Unnamed Industrial Facility,general_industry,way/169375805,INSIDE_INDUSTRIAL_ZONE,1.0,CLUSTER_028,0.017,1,58,False,10.240000000000009,,UNLABELED,UNVERIFIED,,,,,,44.87,MODERATE,RECURRING_INTERMITTENT_HEAT,ANALYST_REVIEW_RECOMMENDED
123,20.35619,72.94963,305.96,291.96,2026-08-30,2059,1.84,nominal,0.6,N,N,VIIRS,near_real_time,Gujarat,WEST_GUJARAT,False,1701.8,Unnamed Industrial Facility,general_industry,way/755699023,VICINITY_ZONE,0.4,CLUSTER_007,0.069,4,58,False,14.0,,UNLABELED,UNVERIFIED,,,,,,20.11,LOW,NON_INDUSTRIAL_RURAL,ROUTINE_MONITORING_RECOMMENDED
124,21.10102,72.63954,295.93,281.97,2026-08-30,2059,0.49,nominal,0.6,N,N,VIIRS,near_real_time,Gujarat,WEST_GUJARAT,False,283.5,ArcelorMittal Nippon Steel India,works,way/104647203,NEARBY_INDUSTRIAL_BUFFER,0.8,CLUSTER_009,0.345,20,58,True,13.95999999999998,,UNLABELED,UNVERIFIED,,,,,,79.34,HIGH,ELEVATED_THERMAL_ACTIVITY,ESCALATED_INVESTIGATION_RECOMMENDED
125,21.1016,72.63586,315.23,282.26,2026-08-30,2059,1.65,nominal,0.6,N,N,VIIRS,near_real_time,Gujarat,WEST_GUJARAT,True,0.0,ArcelorMittal Nippon Steel India,works,way/104647203,INSIDE_INDUSTRIAL_ZONE,1.0,CLUSTER_009,0.345,20,58,True,32.97000000000003,,UNLABELED,UNVERIFIED,,,,,,79.34,HIGH,ELEVATED_THERMAL_ACTIVITY,ESCALATED_INVESTIGATION_RECOMMENDED
126,21.26307,72.94081,312.03,293.36,2026-08-30,2059,2.1,nominal,0.6,N,N,VIIRS,near_real_time,Gujarat,WEST_GUJARAT,False,202.5,Unnamed Industrial Facility,general_industry,way/1227523085,NEARBY_INDUSTRIAL_BUFFER,0.8,CLUSTER_029,0.017,1,58,False,18.66999999999996,,UNLABELED,UNVERIFIED,,,,,,40.17,MODERATE,RECURRING_INTERMITTENT_HEAT,ANALYST_REVIEW_RECOMMENDED
127,21.79665,72.08905,308.36,292.6,2026-08-30,2059,1.45,nominal,0.6,N,N,VIIRS,near_real_time,Gujarat,WEST_GUJARAT,False,2298.2,Unnamed Industrial Facility,general_industry,way/745642641,VICINITY_ZONE,0.4,CLUSTER_030,0.017,1,58,False,15.759999999999991,,UNLABELED,UNVERIFIED,,,,,,18.66,LOW,NON_INDUSTRIAL_RURAL,ROUTINE_MONITORING_RECOMMENDED
128,21.1033,72.63795,337.6,295.6,2026-09-11,0805,5.89,nominal,0.6,D,N,VIIRS,near_real_time,Gujarat,WEST_GUJARAT,False,3.9,ArcelorMittal Nippon Steel India,works,way/104647203,NEARBY_INDUSTRIAL_BUFFER,0.8,CLUSTER_009,0.345,20,58,True,42.0,,UNLABELED,UNVERIFIED,,,,,,79.34,HIGH,ELEVATED_THERMAL_ACTIVITY,ESCALATED_INVESTIGATION_RECOMMENDED
129,21.10511,72.64705,344.32,297.72,2026-09-11,0805,9.15,nominal,0.6,D,N,VIIRS,near_real_time,Gujarat,WEST_GUJARAT,True,0.0,ArcelorMittal Nippon Steel India,works,way/104647203,INSIDE_INDUSTRIAL_ZONE,1.0,CLUSTER_009,0.345,20,58,True,46.599999999999966,,UNLABELED,UNVERIFIED,,,,,,79.34,HIGH,ELEVATED_THERMAL_ACTIVITY,ESCALATED_INVESTIGATION_RECOMMENDED
130,21.10116,72.63661,339.66,291.28,2026-09-11,2034,9.18,nominal,0.6,N,N,VIIRS,near_real_time,Gujarat,WEST_GUJARAT,False,14.2,ArcelorMittal Nippon Steel India,works,way/104647203,NEARBY_INDUSTRIAL_BUFFER,0.8,CLUSTER_009,0.345,20,58,True,48.38000000000005,,UNLABELED,UNVERIFIED,,,,,,79.34,HIGH,ELEVATED_THERMAL_ACTIVITY,ESCALATED_INVESTIGATION_RECOMMENDED
131,21.10441,72.6459,343.3,291.64,2026-09-11,2034,6.65,nominal,0.6,N,N,VIIRS,near_real_time,Gujarat,WEST_GUJARAT,True,0.0,ArcelorMittal Nippon Steel India,works,way/104647203,INSIDE_INDUSTRIAL_ZONE,1.0,CLUSTER_009,0.345,20,58,True,51.660000000000025,,UNLABELED,UNVERIFIED,,,,,,79.34,HIGH,ELEVATED_THERMAL_ACTIVITY,ESCALATED_INVESTIGATION_RECOMMENDED
132,21.10548,72.6372,308.75,290.15,2026-09-11,2034,3.95,nominal,0.6,N,N,VIIRS,near_real_time,Gujarat,WEST_GUJARAT,True,0.0,ArcelorMittal Nippon Steel India,works,way/104647203,INSIDE_INDUSTRIAL_ZONE,1.0,CLUSTER_009,0.345,20,58,True,18.600000000000023,,UNLABELED,UNVERIFIED,,,,,,79.34,HIGH,ELEVATED_THERMAL_ACTIVITY,ESCALATED_INVESTIGATION_RECOMMENDED
133,21.10603,72.64871,309.18,290.5,2026-09-11,2034,7.13,nominal,0.6,N,N,VIIRS,near_real_time,Gujarat,WEST_GUJARAT,True,0.0,ArcelorMittal Nippon Steel India,works,way/104647203,INSIDE_INDUSTRIAL_ZONE,1.0,CLUSTER_009,0.345,20,58,True,18.680000000000007,,UNLABELED,UNVERIFIED,,,,,,79.34,HIGH,ELEVATED_THERMAL_ACTIVITY,ESCALATED_INVESTIGATION_RECOMMENDED
134,21.10653,72.64437,340.24,291.98,2026-09-11,2034,7.13,nominal,0.6,N,N,VIIRS,near_real_time,Gujarat,WEST_GUJARAT,True,0.0,ArcelorMittal Nippon Steel India,works,way/104647203,INSIDE_INDUSTRIAL_ZONE,1.0,CLUSTER_009,0.345,20,58,True,48.25999999999999,,UNLABELED,UNVERIFIED,,,,,,79.34,HIGH,ELEVATED_THERMAL_ACTIVITY,ESCALATED_INVESTIGATION_RECOMMENDED
135,21.10755,72.63565,309.89,290.88,2026-09-11,2034,4.4,nominal,0.6,N,N,VIIRS,near_real_time,Gujarat,WEST_GUJARAT,True,0.0,ArcelorMittal Nippon Steel India,works,way/104647203,INSIDE_INDUSTRIAL_ZONE,1.0,CLUSTER_009,0.345,20,58,True,19.00999999999999,,UNLABELED,UNVERIFIED,,,,,,79.34,HIGH,ELEVATED_THERMAL_ACTIVITY,ESCALATED_INVESTIGATION_RECOMMENDED
136,21.10872,72.64648,311.12,291.06,2026-09-11,2034,6.65,nominal,0.6,N,N,VIIRS,near_real_time,Gujarat,WEST_GUJARAT,True,0.0,ArcelorMittal Nippon Steel India,works,way/104647203,INSIDE_INDUSTRIAL_ZONE,1.0,CLUSTER_009,0.345,20,58,True,20.060000000000002,,UNLABELED,UNVERIFIED,,,,,,79.34,HIGH,ELEVATED_THERMAL_ACTIVITY,ESCALATED_INVESTIGATION_RECOMMENDED
137,21.10979,72.63779,308.22,291.28,2026-09-11,2034,3.95,nominal,0.6,N,N,VIIRS,near_real_time,Gujarat,WEST_GUJARAT,True,0.0,ArcelorMittal Nippon Steel India,works,way/104647203,INSIDE_INDUSTRIAL_ZONE,1.0,CLUSTER_009,0.345,20,58,True,16.940000000000055,,UNLABELED,UNVERIFIED,,,,,,79.34,HIGH,ELEVATED_THERMAL_ACTIVITY,ESCALATED_INVESTIGATION_RECOMMENDED
138,21.16485,72.6702,335.84,290.35,2026-09-11,2034,10.53,nominal,0.6,N,N,VIIRS,near_real_time,Gujarat,WEST_GUJARAT,True,0.0,Reliance,works,way/661885047,INSIDE_INDUSTRIAL_ZONE,1.0,CLUSTER_031,0.017,1,58,False,45.48999999999995,,UNLABELED,UNVERIFIED,,,,,,50.22,MODERATE,RECURRING_INTERMITTENT_HEAT,ANALYST_REVIEW_RECOMMENDED
139,21.16537,72.66583,334.66,289.32,2026-09-11,2034,10.37,nominal,0.6,N,N,VIIRS,near_real_time,Gujarat,WEST_GUJARAT,True,0.0,Unnamed Industrial Facility,general_industry,way/104647201,INSIDE_INDUSTRIAL_ZONE,1.0,CLUSTER_031,0.017,1,58,False,45.34000000000003,,UNLABELED,UNVERIFIED,,,,,,50.22,MODERATE,RECURRING_INTERMITTENT_HEAT,ANALYST_REVIEW_RECOMMENDED
140,22.41649,69.03779,312.23,291.92,2026-09-11,2034,1.4,nominal,0.6,N,N,VIIRS,near_real_time,Gujarat,WEST_GUJARAT,False,10.9,Unnamed Industrial Facility,general_industry,way/1311235459,NEARBY_INDUSTRIAL_BUFFER,0.8,CLUSTER_018,0.172,10,58,False,20.310000000000002,,UNLABELED,UNVERIFIED,,,,,,48.09,MODERATE,RECURRING_INTERMITTENT_HEAT,ANALYST_REVIEW_RECOMMENDED
141,22.9267,69.82265,307.63,291.83,2026-09-11,2034,0.89,nominal,0.6,N,N,VIIRS,near_real_time,Gujarat,WEST_GUJARAT,True,0.0,Unnamed Industrial Facility,general_industry,way/839105241,INSIDE_INDUSTRIAL_ZONE,1.0,CLUSTER_019,0.086,5,58,False,15.800000000000011,,UNLABELED,UNVERIFIED,,,,,,44.75,MODERATE,RECURRING_INTERMITTENT_HEAT,ANALYST_REVIEW_RECOMMENDED
142,22.93276,69.70088,303.67,288.44,2026-09-11,2034,0.56,nominal,0.6,N,N,VIIRS,near_real_time,Gujarat,WEST_GUJARAT,False,119.9,Unnamed Industrial Facility,general_industry,way/1002375165,NEARBY_INDUSTRIAL_BUFFER,0.8,CLUSTER_012,0.138,8,58,False,15.230000000000018,,UNLABELED,UNVERIFIED,,,,,,46.26,MODERATE,RECURRING_INTERMITTENT_HEAT,ANALYST_REVIEW_RECOMMENDED
143,22.9331,69.69727,306.91,288.63,2026-09-11,2034,0.56,nominal,0.6,N,N,VIIRS,near_real_time,Gujarat,WEST_GUJARAT,False,491.3,Unnamed Industrial Facility,general_industry,way/1002375165,NEARBY_INDUSTRIAL_BUFFER,0.8,CLUSTER_012,0.138,8,58,False,18.28000000000003,,UNLABELED,UNVERIFIED,,,,,,46.26,MODERATE,RECURRING_INTERMITTENT_HEAT,ANALYST_REVIEW_RECOMMENDED
144,23.26521,70.25777,304.89,292.8,2026-09-11,2034,0.85,nominal,0.6,N,N,VIIRS,near_real_time,Gujarat,WEST_GUJARAT,True,0.0,Unnamed Industrial Facility,general_industry,way/1263812739,INSIDE_INDUSTRIAL_ZONE,1.0,CLUSTER_032,0.017,1,58,False,12.089999999999975,,UNLABELED,UNVERIFIED,,,,,,44.46,MODERATE,RECURRING_INTERMITTENT_HEAT,ANALYST_REVIEW_RECOMMENDED
145,23.50945,69.26907,336.81,294.22,2026-09-12,0928,5.28,nominal,0.6,D,N,VIIRS,near_real_time,Gujarat,WEST_GUJARAT,False,13698.0,Unnamed Industrial Facility,general_industry,way/1263553236,NON_INDUSTRIAL_RURAL,0.1,CLUSTER_033,0.017,1,58,False,42.589999999999975,,UNLABELED,UNVERIFIED,,,,,,20.56,LOW,NON_INDUSTRIAL_RURAL,ROUTINE_MONITORING_RECOMMENDED
146,20.86672,70.56433,305.24,285.31,2026-09-15,2059,0.73,nominal,0.6,N,N,VIIRS,near_real_time,Gujarat,WEST_GUJARAT,True,0.0,Gujarat Sidhee Cement,general_industry,way/169375804,INSIDE_INDUSTRIAL_ZONE,1.0,CLUSTER_034,0.034,2,58,False,19.930000000000007,,UNLABELED,UNVERIFIED,,,,,,44.61,MODERATE,RECURRING_INTERMITTENT_HEAT,ANALYST_REVIEW_RECOMMENDED
147,21.82372,73.11503,308.73,288.49,2026-09-15,2059,1.1,nominal,0.6,N,N,VIIRS,near_real_time,Gujarat,WEST_GUJARAT,True,0.0,NTPC Jhanor-Gandhar,general_industry,way/147486451,INSIDE_INDUSTRIAL_ZONE,1.0,CLUSTER_035,0.017,1,58,False,20.24000000000001,,UNLABELED,UNVERIFIED,,,,,,44.52,MODERATE,RECURRING_INTERMITTENT_HEAT,ANALYST_REVIEW_RECOMMENDED
148,20.35746,72.95112,310.17,290.57,2026-09-16,2042,0.73,nominal,0.6,N,N,VIIRS,near_real_time,Gujarat,WEST_GUJARAT,False,1711.9,Unnamed Industrial Facility,general_industry,way/755699023,VICINITY_ZONE,0.4,CLUSTER_007,0.069,4,58,False,19.600000000000023,,UNLABELED,UNVERIFIED,,,,,,20.11,LOW,NON_INDUSTRIAL_RURAL,ROUTINE_MONITORING_RECOMMENDED
149,21.10248,72.64323,304.86,290.56,2026-09-16,2042,5.92,nominal,0.6,N,N,VIIRS,near_real_time,Gujarat,WEST_GUJARAT,False,100.2,ArcelorMittal Nippon Steel India,works,way/104647203,NEARBY_INDUSTRIAL_BUFFER,0.8,CLUSTER_009,0.345,20,58,True,14.300000000000011,,UNLABELED,UNVERIFIED,,,,,,79.34,HIGH,ELEVATED_THERMAL_ACTIVITY,ESCALATED_INVESTIGATION_RECOMMENDED
150,21.10314,72.63384,333.46,292.01,2026-09-16,2042,19.9,nominal,0.6,N,N,VIIRS,near_real_time,Gujarat,WEST_GUJARAT,True,0.0,ArcelorMittal Nippon Steel India,works,way/104647203,INSIDE_INDUSTRIAL_ZONE,1.0,CLUSTER_009,0.345,20,58,True,41.44999999999999,,UNLABELED,UNVERIFIED,,,,,,79.34,HIGH,ELEVATED_THERMAL_ACTIVITY,ESCALATED_INVESTIGATION_RECOMMENDED
151,21.10318,72.63799,326.28,291.71,2026-09-16,2042,5.92,nominal,0.6,N,N,VIIRS,near_real_time,Gujarat,WEST_GUJARAT,False,17.5,ArcelorMittal Nippon Steel India,works,way/104647203,NEARBY_INDUSTRIAL_BUFFER,0.8,CLUSTER_009,0.345,20,58,True,34.56999999999999,,UNLABELED,UNVERIFIED,,,,,,79.34,HIGH,ELEVATED_THERMAL_ACTIVITY,ESCALATED_INVESTIGATION_RECOMMENDED
152,21.10388,72.63271,330.15,290.73,2026-09-16,2042,12.4,nominal,0.6,N,N,VIIRS,near_real_time,Gujarat,WEST_GUJARAT,True,0.0,ArcelorMittal Nippon Steel India,works,way/104647203,INSIDE_INDUSTRIAL_ZONE,1.0,CLUSTER_009,0.345,20,58,True,39.41999999999996,,UNLABELED,UNVERIFIED,,,,,,79.34,HIGH,ELEVATED_THERMAL_ACTIVITY,ESCALATED_INVESTIGATION_RECOMMENDED
153,21.10505,72.65024,305.8,290.79,2026-09-16,2042,11.63,nominal,0.6,N,N,VIIRS,near_real_time,Gujarat,WEST_GUJARAT,True,0.0,ArcelorMittal Nippon Steel India,works,way/104647203,INSIDE_INDUSTRIAL_ZONE,1.0,CLUSTER_009,0.345,20,58,True,15.009999999999991,,UNLABELED,UNVERIFIED,,,,,,79.34,HIGH,ELEVATED_THERMAL_ACTIVITY,ESCALATED_INVESTIGATION_RECOMMENDED
154,21.10572,72.64497,340.61,292.51,2026-09-16,2042,11.63,nominal,0.6,N,N,VIIRS,near_real_time,Gujarat,WEST_GUJARAT,True,0.0,ArcelorMittal Nippon Steel India,works,way/104647203,INSIDE_INDUSTRIAL_ZONE,1.0,CLUSTER_009,0.345,20,58,True,48.10000000000002,,UNLABELED,UNVERIFIED,,,,,,79.34,HIGH,ELEVATED_THERMAL_ACTIVITY,ESCALATED_INVESTIGATION_RECOMMENDED
155,21.10963,72.64555,306.28,291.24,2026-09-16,2042,4.81,nominal,0.6,N,N,VIIRS,near_real_time,Gujarat,WEST_GUJARAT,True,0.0,ArcelorMittal Nippon Steel India,works,way/104647203,INSIDE_INDUSTRIAL_ZONE,1.0,CLUSTER_009,0.345,20,58,True,15.039999999999964,,UNLABELED,UNVERIFIED,,,,,,79.34,HIGH,ELEVATED_THERMAL_ACTIVITY,ESCALATED_INVESTIGATION_RECOMMENDED
156,21.11097,72.63501,309.85,291.62,2026-09-16,2042,5.53,nominal,0.6,N,N,VIIRS,near_real_time,Gujarat,WEST_GUJARAT,True,0.0,ArcelorMittal Nippon Steel India,works,way/104647203,INSIDE_INDUSTRIAL_ZONE,1.0,CLUSTER_009,0.345,20,58,True,18.230000000000018,,UNLABELED,UNVERIFIED,,,,,,79.34,HIGH,ELEVATED_THERMAL_ACTIVITY,ESCALATED_INVESTIGATION_RECOMMENDED
157,21.10249,72.63689,367.0,292.62,2026-09-17,0754,9.37,high,0.9,D,N,VIIRS,near_real_time,Gujarat,WEST_GUJARAT,True,0.0,ArcelorMittal Nippon Steel India,works,way/104647203,INSIDE_INDUSTRIAL_ZONE,1.0,CLUSTER_009,0.345,20,58,True,74.38,,UNLABELED,UNVERIFIED,,,,,,79.34,HIGH,ELEVATED_THERMAL_ACTIVITY,ESCALATED_INVESTIGATION_RECOMMENDED
158,21.10482,72.64775,343.6,293.04,2026-09-17,0754,6.57,nominal,0.6,D,N,VIIRS,near_real_time,Gujarat,WEST_GUJARAT,True,0.0,ArcelorMittal Nippon Steel India,works,way/104647203,INSIDE_INDUSTRIAL_ZONE,1.0,CLUSTER_009,0.345,20,58,True,50.56,,UNLABELED,UNVERIFIED,,,,,,79.34,HIGH,ELEVATED_THERMAL_ACTIVITY,ESCALATED_INVESTIGATION_RECOMMENDED
159,21.10117,72.63416,347.21,289.41,2026-09-17,2021,6.23,nominal,0.6,N,N,VIIRS,near_real_time,Gujarat,WEST_GUJARAT,True,0.0,ArcelorMittal Nippon Steel India,works,way/104647203,INSIDE_INDUSTRIAL_ZONE,1.0,CLUSTER_009,0.345,20,58,True,57.799999999999955,,UNLABELED,UNVERIFIED,,,,,,79.34,HIGH,ELEVATED_THERMAL_ACTIVITY,ESCALATED_INVESTIGATION_RECOMMENDED
160,21.10167,72.6454,305.38,289.03,2026-09-17,2021,1.57,nominal,0.6,N,N,VIIRS,near_real_time,Gujarat,WEST_GUJARAT,False,134.7,ArcelorMittal Nippon Steel India,works,way/104647203,NEARBY_INDUSTRIAL_BUFFER,0.8,CLUSTER_009,0.345,20,58,True,16.350000000000023,,UNLABELED,UNVERIFIED,,,,,,79.34,HIGH,ELEVATED_THERMAL_ACTIVITY,ESCALATED_INVESTIGATION_RECOMMENDED
161,21.10278,72.63486,350.06,289.59,2026-09-17,2021,5.74,nominal,0.6,N,N,VIIRS,near_real_time,Gujarat,WEST_GUJARAT,True,0.0,ArcelorMittal Nippon Steel India,works,way/104647203,INSIDE_INDUSTRIAL_ZONE,1.0,CLUSTER_009,0.345,20,58,True,60.47000000000003,,UNLABELED,UNVERIFIED,,,,,,79.34,HIGH,ELEVATED_THERMAL_ACTIVITY,ESCALATED_INVESTIGATION_RECOMMENDED
162,21.10547,72.64535,344.2,290.06,2026-09-17,2021,7.41,nominal,0.6,N,N,VIIRS,near_real_time,Gujarat,WEST_GUJARAT,True,0.0,ArcelorMittal Nippon Steel India,works,way/104647203,INSIDE_INDUSTRIAL_ZONE,1.0,CLUSTER_009,0.345,20,58,True,54.139999999999986,,UNLABELED,UNVERIFIED,,,,,,79.34,HIGH,ELEVATED_THERMAL_ACTIVITY,ESCALATED_INVESTIGATION_RECOMMENDED
163,21.1065,72.6348,304.79,289.14,2026-09-17,2021,2.02,nominal,0.6,N,N,VIIRS,near_real_time,Gujarat,WEST_GUJARAT,True,0.0,ArcelorMittal Nippon Steel India,works,way/104647203,INSIDE_INDUSTRIAL_ZONE,1.0,CLUSTER_009,0.345,20,58,True,15.650000000000034,,UNLABELED,UNVERIFIED,,,,,,79.34,HIGH,ELEVATED_THERMAL_ACTIVITY,ESCALATED_INVESTIGATION_RECOMMENDED
164,21.10699,72.64602,340.1,290.47,2026-09-17,2021,6.14,nominal,0.6,N,N,VIIRS,near_real_time,Gujarat,WEST_GUJARAT,True,0.0,ArcelorMittal Nippon Steel India,works,way/104647203,INSIDE_INDUSTRIAL_ZONE,1.0,CLUSTER_009,0.345,20,58,True,49.629999999999995,,UNLABELED,UNVERIFIED,,,,,,79.34,HIGH,ELEVATED_THERMAL_ACTIVITY,ESCALATED_INVESTIGATION_RECOMMENDED
165,21.1081,72.6355,313.63,289.45,2026-09-17,2021,1.76,nominal,0.6,N,N,VIIRS,near_real_time,Gujarat,WEST_GUJARAT,True,0.0,ArcelorMittal Nippon Steel India,works,way/104647203,INSIDE_INDUSTRIAL_ZONE,1.0,CLUSTER_009,0.345,20,58,True,24.180000000000007,,UNLABELED,UNVERIFIED,,,,,,79.34,HIGH,ELEVATED_THERMAL_ACTIVITY,ESCALATED_INVESTIGATION_RECOMMENDED
166,21.11183,72.63544,319.84,289.3,2026-09-17,2021,2.02,nominal,0.6,N,N,VIIRS,near_real_time,Gujarat,WEST_GUJARAT,True,0.0,ArcelorMittal Nippon Steel India,works,way/104647203,INSIDE_INDUSTRIAL_ZONE,1.0,CLUSTER_009,0.345,20,58,True,30.539999999999964,,UNLABELED,UNVERIFIED,,,,,,79.34,HIGH,ELEVATED_THERMAL_ACTIVITY,ESCALATED_INVESTIGATION_RECOMMENDED
167,21.11343,72.63612,310.65,289.62,2026-09-17,2021,1.76,nominal,0.6,N,N,VIIRS,near_real_time,Gujarat,WEST_GUJARAT,True,0.0,ArcelorMittal Nippon Steel India,works,way/104647203,INSIDE_INDUSTRIAL_ZONE,1.0,CLUSTER_009,0.345,20,58,True,21.029999999999973,,UNLABELED,UNVERIFIED,,,,,,79.34,HIGH,ELEVATED_THERMAL_ACTIVITY,ESCALATED_INVESTIGATION_RECOMMENDED
168,21.43239,72.97762,321.76,288.68,2026-09-17,2021,1.98,nominal,0.6,N,N,VIIRS,near_real_time,Gujarat,WEST_GUJARAT,False,1340.7,Unnamed Industrial Facility,general_industry,way/678612994,VICINITY_ZONE,0.4,CLUSTER_036,0.034,2,58,False,33.079999999999984,,UNLABELED,UNVERIFIED,,,,,,21.77,LOW,NON_INDUSTRIAL_RURAL,ROUTINE_MONITORING_RECOMMENDED
169,20.90883,71.46107,303.82,291.5,2026-09-18,2144,1.13,nominal,0.6,N,N,VIIRS,near_real_time,Gujarat,WEST_GUJARAT,True,0.0,Unnamed Industrial Facility,general_industry,way/169375800,INSIDE_INDUSTRIAL_ZONE,1.0,CLUSTER_008,0.103,6,58,False,12.319999999999993,,UNLABELED,UNVERIFIED,,,,,,45.06,MODERATE,RECURRING_INTERMITTENT_HEAT,ANALYST_REVIEW_RECOMMENDED
170,20.90962,71.4575,302.08,291.09,2026-09-18,2144,1.36,nominal,0.6,N,N,VIIRS,near_real_time,Gujarat,WEST_GUJARAT,False,47.4,Unnamed Industrial Facility,general_industry,way/169375800,NEARBY_INDUSTRIAL_BUFFER,0.8,CLUSTER_008,0.103,6,58,False,10.990000000000009,,UNLABELED,UNVERIFIED,,,,,,45.06,MODERATE,RECURRING_INTERMITTENT_HEAT,ANALYST_REVIEW_RECOMMENDED
171,22.31089,69.71923,313.71,293.22,2026-09-18,2144,1.74,nominal,0.6,N,N,VIIRS,near_real_time,Gujarat,WEST_GUJARAT,True,0.0,Vadinar Refinery,oil,way/197338462,INSIDE_INDUSTRIAL_ZONE,1.0,CLUSTER_037,0.034,2,58,False,20.489999999999952,,UNLABELED,UNVERIFIED,,,,,,45.16,MODERATE,RECURRING_INTERMITTENT_HEAT,ANALYST_REVIEW_RECOMMENDED
172,23.2587,70.26107,304.02,291.25,2026-09-18,2144,0.96,nominal,0.6,N,N,VIIRS,near_real_time,Gujarat,WEST_GUJARAT,True,0.0,Unnamed Industrial Facility,general_industry,way/1263812739,INSIDE_INDUSTRIAL_ZONE,1.0,CLUSTER_016,0.052,3,58,False,12.769999999999982,,UNLABELED,UNVERIFIED,,,,,,44.84,MODERATE,RECURRING_INTERMITTENT_HEAT,ANALYST_REVIEW_RECOMMENDED
173,19.0112,72.892,348.2,298.0,2026-08-20,0830,24.5,nominal,0.7,D,N,VIIRS,historical,Maharashtra,WEST_MAHARASHTRA,False,685.3,HPCL Mumbai Refinery (Mahul),oil_refinery,national_hpcl_mumbai_refinery,NEARBY_INDUSTRIAL_BUFFER,0.8,CLUSTER_038,0.086,5,58,False,50.19999999999999,,UNLABELED,UNVERIFIED,,,,,,44.01,MODERATE,RECURRING_INTERMITTENT_HEAT,ANALYST_REVIEW_RECOMMENDED
174,19.0115,72.8922,351.0,299.1,2026-08-21,0815,27.2,nominal,0.7,D,N,VIIRS,historical,Maharashtra,WEST_MAHARASHTRA,False,647.7,HPCL Mumbai Refinery (Mahul),oil_refinery,national_hpcl_mumbai_refinery,NEARBY_INDUSTRIAL_BUFFER,0.8,CLUSTER_038,0.086,5,58,False,51.89999999999998,,UNLABELED,UNVERIFIED,,,,,,44.01,MODERATE,RECURRING_INTERMITTENT_HEAT,ANALYST_REVIEW_RECOMMENDED
175,19.011,72.8918,353.4,300.5,2026-08-22,0800,31.0,high,0.9,D,N,VIIRS,historical,Maharashtra,WEST_MAHARASHTRA,False,712.2,HPCL Mumbai Refinery (Mahul),oil_refinery,national_hpcl_mumbai_refinery,NEARBY_INDUSTRIAL_BUFFER,0.8,CLUSTER_038,0.086,5,58,False,52.89999999999998,,UNLABELED,UNVERIFIED,,,,,,44.01,MODERATE,RECURRING_INTERMITTENT_HEAT,ANALYST_REVIEW_RECOMMENDED
176,19.0114,72.8921,356.1,301.8,2026-08-23,0845,33.8,high,0.9,D,N,VIIRS,historical,Maharashtra,WEST_MAHARASHTRA,False,661.1,HPCL Mumbai Refinery (Mahul),oil_refinery,national_hpcl_mumbai_refinery,NEARBY_INDUSTRIAL_BUFFER,0.8,CLUSTER_038,0.086,5,58,False,54.30000000000001,,UNLABELED,UNVERIFIED,,,,,,44.01,MODERATE,RECURRING_INTERMITTENT_HEAT,ANALYST_REVIEW_RECOMMENDED
177,19.0113,72.8919,358.5,302.2,2026-08-24,0820,36.5,high,0.9,D,N,VIIRS,near_real_time,Maharashtra,WEST_MAHARASHTRA,False,677.3,HPCL Mumbai Refinery (Mahul),oil_refinery,national_hpcl_mumbai_refinery,NEARBY_INDUSTRIAL_BUFFER,0.8,CLUSTER_038,0.086,5,58,False,56.30000000000001,,UNLABELED,UNVERIFIED,,,,,,44.01,MODERATE,RECURRING_INTERMITTENT_HEAT,ANALYST_REVIEW_RECOMMENDED
178,19.0734,73.1182,382.4,312.0,2026-08-24,0820,74.2,high,0.95,D,N,VIIRS,near_real_time,Maharashtra,WEST_MAHARASHTRA,False,662.8,MIDC Taloja Chemical Zone,chemical_estate,national_midc_taloja_chemical,NEARBY_INDUSTRIAL_BUFFER,0.8,CLUSTER_039,0.017,1,58,True,70.39999999999998,,UNLABELED,UNVERIFIED,,,,,,82.12,CRITICAL,SEVERE_THERMAL_ANOMALY,HIGH_PRIORITY_INVESTIGATION_REQUIRED
179,19.0738,73.1186,394.0,322.5,2026-08-24,2045,98.6,high,0.95,N,N,VIIRS,near_real_time,Maharashtra,WEST_MAHARASHTRA,False,637.0,MIDC Taloja Chemical Zone,chemical_estate,national_midc_taloja_chemical,NEARBY_INDUSTRIAL_BUFFER,0.8,CLUSTER_039,0.017,1,58,True,71.5,,UNLABELED,UNVERIFIED,,,,,,82.12,CRITICAL,SEVERE_THERMAL_ANOMALY,HIGH_PRIORITY_INVESTIGATION_REQUIRED
180,19.821,72.695,344.0,296.8,2026-08-22,0800,18.2,nominal,0.7,D,N,VIIRS,historical,Maharashtra,WEST_MAHARASHTRA,False,945.6,MIDC Tarapur Industrial Area,chemical_and_pharmaceutical,national_midc_tarapur_industr,NEARBY_INDUSTRIAL_BUFFER,0.8,CLUSTER_040,0.052,3,58,False,47.19999999999999,,UNLABELED,UNVERIFIED,,,,,,34.17,MODERATE,RECURRING_INTERMITTENT_HEAT,ANALYST_REVIEW_RECOMMENDED
181,19.8214,72.6955,346.5,298.0,2026-08-23,0845,21.4,nominal,0.7,D,N,VIIRS,historical,Maharashtra,WEST_MAHARASHTRA,False,896.7,MIDC Tarapur Industrial Area,chemical_and_pharmaceutical,national_midc_tarapur_industr,NEARBY_INDUSTRIAL_BUFFER,0.8,CLUSTER_040,0.052,3,58,False,48.5,,UNLABELED,UNVERIFIED,,,,,,34.17,MODERATE,RECURRING_INTERMITTENT_HEAT,ANALYST_REVIEW_RECOMMENDED
182,19.8212,72.6952,349.8,299.4,2026-08-24,0820,25.4,high,0.85,D,N,VIIRS,near_real_time,Maharashtra,WEST_MAHARASHTRA,False,926.1,MIDC Tarapur Industrial Area,chemical_and_pharmaceutical,national_midc_tarapur_industr,NEARBY_INDUSTRIAL_BUFFER,0.8,CLUSTER_040,0.052,3,58,False,50.400000000000034,,UNLABELED,UNVERIFIED,,,,,,34.17,MODERATE,RECURRING_INTERMITTENT_HEAT,ANALYST_REVIEW_RECOMMENDED
183,19.45,74.2,332.0,293.0,2026-08-23,0845,4.8,nominal,0.5,D,N,VIIRS,historical,Maharashtra,WEST_MAHARASHTRA,False,73047.7,Unnamed Industrial Facility,general_industry,way/1471883309,NON_INDUSTRIAL_RURAL,0.1,CLUSTER_041,0.017,1,58,False,39.0,,UNLABELED,UNVERIFIED,,,,,,19.81,LOW,NON_INDUSTRIAL_RURAL,ROUTINE_MONITORING_RECOMMENDED
184,29.412,76.924,349.5,298.5,2026-08-20,0830,26.5,nominal,0.7,D,N,VIIRS,historical,Haryana,NORTH_NCR,True,0.0,IOCL Panipat Petrochemical Complex,oil_refinery,national_iocl_panipat_petroch,INSIDE_INDUSTRIAL_ZONE,1.0,CLUSTER_042,0.086,5,58,False,51.0,,UNLABELED,UNVERIFIED,,,,,,60.3,HIGH,ELEVATED_THERMAL_ACTIVITY,ESCALATED_INVESTIGATION_RECOMMENDED
185,29.4123,76.9242,352.8,299.8,2026-08-21,0815,29.4,nominal,0.7,D,N,VIIRS,historical,Haryana,NORTH_NCR,True,0.0,IOCL Panipat Petrochemical Complex,oil_refinery,national_iocl_panipat_petroch,INSIDE_INDUSTRIAL_ZONE,1.0,CLUSTER_042,0.086,5,58,False,53.0,,UNLABELED,UNVERIFIED,,,,,,60.3,HIGH,ELEVATED_THERMAL_ACTIVITY,ESCALATED_INVESTIGATION_RECOMMENDED
186,29.4119,76.9238,355.2,301.0,2026-08-22,0800,32.8,high,0.9,D,N,VIIRS,historical,Haryana,NORTH_NCR,True,0.0,IOCL Panipat Petrochemical Complex,oil_refinery,national_iocl_panipat_petroch,INSIDE_INDUSTRIAL_ZONE,1.0,CLUSTER_042,0.086,5,58,False,54.19999999999999,,UNLABELED,UNVERIFIED,,,,,,60.3,HIGH,ELEVATED_THERMAL_ACTIVITY,ESCALATED_INVESTIGATION_RECOMMENDED
187,29.4122,76.9241,358.4,302.5,2026-08-23,0845,35.6,high,0.9,D,N,VIIRS,historical,Haryana,NORTH_NCR,True,0.0,IOCL Panipat Petrochemical Complex,oil_refinery,national_iocl_panipat_petroch,INSIDE_INDUSTRIAL_ZONE,1.0,CLUSTER_042,0.086,5,58,False,55.89999999999998,,UNLABELED,UNVERIFIED,,,,,,60.3,HIGH,ELEVATED_THERMAL_ACTIVITY,ESCALATED_INVESTIGATION_RECOMMENDED
188,29.4121,76.9239,361.0,303.8,2026-08-24,0820,38.2,high,0.9,D,N,VIIRS,near_real_time,Haryana,NORTH_NCR,True,0.0,IOCL Panipat Petrochemical Complex,oil_refinery,national_iocl_panipat_petroch,INSIDE_INDUSTRIAL_ZONE,1.0,CLUSTER_042,0.086,5,58,False,57.19999999999999,,UNLABELED,UNVERIFIED,,,,,,60.3,HIGH,ELEVATED_THERMAL_ACTIVITY,ESCALATED_INVESTIGATION_RECOMMENDED
189,28.354,76.942,378.0,310.5,2026-08-24,0820,68.5,high,0.95,D,N,VIIRS,near_real_time,Delhi NCR,NORTH_NCR,False,18228.3,Bhiwadi RIICO Industrial Cluster,general_industry,national_bhiwadi_riico_indust,NON_INDUSTRIAL_RURAL,0.1,CLUSTER_043,0.017,1,58,True,67.5,,UNLABELED,UNVERIFIED,,,,,,66.54,HIGH,ELEVATED_THERMAL_ACTIVITY,ESCALATED_INVESTIGATION_RECOMMENDED
190,28.3545,76.9425,389.5,319.0,2026-08-24,2045,89.2,high,0.95,N,N,VIIRS,near_real_time,Delhi NCR,NORTH_NCR,False,18301.4,Bhiwadi RIICO Industrial Cluster,general_industry,national_bhiwadi_riico_indust,NON_INDUSTRIAL_RURAL,0.1,CLUSTER_043,0.017,1,58,True,70.5,,UNLABELED,UNVERIFIED,,,,,,66.54,HIGH,ELEVATED_THERMAL_ACTIVITY,ESCALATED_INVESTIGATION_RECOMMENDED
191,27.422,77.691,346.0,297.2,2026-08-21,0815,21.0,nominal,0.7,D,N,VIIRS,historical,Uttar Pradesh,NORTH_NCR,False,513.2,IOCL Mathura Refinery,oil_refinery,national_iocl_mathura_refiner,NEARBY_INDUSTRIAL_BUFFER,0.8,CLUSTER_044,0.052,3,58,False,48.80000000000001,,UNLABELED,UNVERIFIED,,,,,,45.67,MODERATE,RECURRING_INTERMITTENT_HEAT,ANALYST_REVIEW_RECOMMENDED
192,27.4224,77.6915,348.5,298.5,2026-08-22,0800,24.8,nominal,0.7,D,N,VIIRS,historical,Uttar Pradesh,NORTH_NCR,False,570.8,IOCL Mathura Refinery,oil_refinery,national_iocl_mathura_refiner,NEARBY_INDUSTRIAL_BUFFER,0.8,CLUSTER_044,0.052,3,58,False,50.0,,UNLABELED,UNVERIFIED,,,,,,45.67,MODERATE,RECURRING_INTERMITTENT_HEAT,ANALYST_REVIEW_RECOMMENDED
193,27.4222,77.6912,354.0,300.8,2026-08-24,0820,32.5,high,0.9,D,N,VIIRS,near_real_time,Uttar Pradesh,NORTH_NCR,False,537.0,IOCL Mathura Refinery,oil_refinery,national_iocl_mathura_refiner,NEARBY_INDUSTRIAL_BUFFER,0.8,CLUSTER_044,0.052,3,58,False,53.19999999999999,,UNLABELED,UNVERIFIED,,,,,,45.67,MODERATE,RECURRING_INTERMITTENT_HEAT,ANALYST_REVIEW_RECOMMENDED
194,29.12,76.35,334.5,294.0,2026-08-23,0845,5.6,nominal,0.5,D,N,VIIRS,historical,Haryana,NORTH_NCR,False,63406.5,IOCL Panipat Petrochemical Complex,oil_refinery,national_iocl_panipat_petroch,NON_INDUSTRIAL_RURAL,0.1,CLUSTER_045,0.017,1,58,False,40.5,,UNLABELED,UNVERIFIED,,,,,,20.34,LOW,NON_INDUSTRIAL_RURAL,ROUTINE_MONITORING_RECOMMENDED
195,20.284,86.632,352.0,299.5,2026-08-20,0830,31.0,nominal,0.7,D,N,VIIRS,historical,Odisha,EAST_MINERAL_BELT,False,36.5,IOCL Paradip Refinery Complex,oil_refinery,national_iocl_paradip_refiner,NEARBY_INDUSTRIAL_BUFFER,0.8,CLUSTER_046,0.086,5,58,False,52.5,,UNLABELED,UNVERIFIED,,,,,,62.69,HIGH,ELEVATED_THERMAL_ACTIVITY,ESCALATED_INVESTIGATION_RECOMMENDED
196,20.2843,86.6322,355.4,301.2,2026-08-21,0815,35.8,nominal,0.7,D,N,VIIRS,historical,Odisha,EAST_MINERAL_BELT,False,12.7,IOCL Paradip Refinery Complex,oil_refinery,national_iocl_paradip_refiner,NEARBY_INDUSTRIAL_BUFFER,0.8,CLUSTER_046,0.086,5,58,False,54.19999999999999,,UNLABELED,UNVERIFIED,,,,,,62.69,HIGH,ELEVATED_THERMAL_ACTIVITY,ESCALATED_INVESTIGATION_RECOMMENDED
197,20.2839,86.6318,359.0,303.0,2026-08-22,0800,40.2,high,0.9,D,N,VIIRS,historical,Odisha,EAST_MINERAL_BELT,False,40.1,IOCL Paradip Refinery Complex,oil_refinery,national_iocl_paradip_refiner,NEARBY_INDUSTRIAL_BUFFER,0.8,CLUSTER_046,0.086,5,58,False,56.0,,UNLABELED,UNVERIFIED,,,,,,62.69,HIGH,ELEVATED_THERMAL_ACTIVITY,ESCALATED_INVESTIGATION_RECOMMENDED
198,20.2842,86.6321,362.5,304.8,2026-08-23,0845,43.5,high,0.9,D,N,VIIRS,historical,Odisha,EAST_MINERAL_BELT,False,19.4,IOCL Paradip Refinery Complex,oil_refinery,national_iocl_paradip_refiner,NEARBY_INDUSTRIAL_BUFFER,0.8,CLUSTER_046,0.086,5,58,False,57.69999999999999,,UNLABELED,UNVERIFIED,,,,,,62.69,HIGH,ELEVATED_THERMAL_ACTIVITY,ESCALATED_INVESTIGATION_RECOMMENDED
199,20.2841,86.6319,366.0,306.0,2026-08-24,0820,46.5,high,0.9,D,N,VIIRS,near_real_time,Odisha,EAST_MINERAL_BELT,False,22.4,IOCL Paradip Refinery Complex,oil_refinery,national_iocl_paradip_refiner,NEARBY_INDUSTRIAL_BUFFER,0.8,CLUSTER_046,0.086,5,58,False,60.0,,UNLABELED,UNVERIFIED,,,,,,62.69,HIGH,ELEVATED_THERMAL_ACTIVITY,ESCALATED_INVESTIGATION_RECOMMENDED
200,22.783,86.211,358.0,302.0,2026-08-21,0815,38.5,high,0.85,D,N,VIIRS,historical,Jharkhand,EAST_MINERAL_BELT,False,557.2,Tata Steel Jamshedpur Works,steel_and_heavy_industry,national_tata_steel_jamshedpu,NEARBY_INDUSTRIAL_BUFFER,0.8,CLUSTER_047,0.121,7,58,True,56.0,,UNLABELED,UNVERIFIED,,,,,,82.57,CRITICAL,SEVERE_THERMAL_ANOMALY,HIGH_PRIORITY_INVESTIGATION_REQUIRED
201,22.7834,86.2114,363.0,304.5,2026-08-22,0800,44.2,high,0.9,D,N,VIIRS,historical,Jharkhand,EAST_MINERAL_BELT,False,608.7,Tata Steel Jamshedpur Works,steel_and_heavy_industry,national_tata_steel_jamshedpu,NEARBY_INDUSTRIAL_BUFFER,0.8,CLUSTER_047,0.121,7,58,True,58.5,,UNLABELED,UNVERIFIED,,,,,,82.57,CRITICAL,SEVERE_THERMAL_ANOMALY,HIGH_PRIORITY_INVESTIGATION_REQUIRED
202,22.7832,86.2112,369.5,308.0,2026-08-24,0820,54.0,high,0.95,D,N,VIIRS,near_real_time,Jharkhand,EAST_MINERAL_BELT,False,582.6,Tata Steel Jamshedpur Works,steel_and_heavy_industry,national_tata_steel_jamshedpu,NEARBY_INDUSTRIAL_BUFFER,0.8,CLUSTER_047,0.121,7,58,True,61.5,,UNLABELED,UNVERIFIED,,,,,,82.57,CRITICAL,SEVERE_THERMAL_ANOMALY,HIGH_PRIORITY_INVESTIGATION_REQUIRED
203,21.185,81.385,372.0,314.0,2026-08-24,0820,68.0,high,0.95,D,N,VIIRS,near_real_time,Chhattisgarh,EAST_MINERAL_BELT,False,115.1,SAIL Bhilai Steel Plant,steel_and_heavy_industry,national_sail_bhilai_steel_pl,NEARBY_INDUSTRIAL_BUFFER,0.8,CLUSTER_048,0.052,3,58,True,58.0,,UNLABELED,UNVERIFIED,,,,,,90.68,CRITICAL,SEVERE_THERMAL_ANOMALY,HIGH_PRIORITY_INVESTIGATION_REQUIRED
204,21.1855,81.3855,380.0,321.8,2026-08-24,2045,76.5,high,0.95,N,N,VIIRS,near_real_time,Chhattisgarh,EAST_MINERAL_BELT,False,191.2,SAIL Bhilai Steel Plant,steel_and_heavy_industry,national_sail_bhilai_steel_pl,NEARBY_INDUSTRIAL_BUFFER,0.8,CLUSTER_048,0.052,3,58,True,58.19999999999999,,UNLABELED,UNVERIFIED,,,,,,90.68,CRITICAL,SEVERE_THERMAL_ANOMALY,HIGH_PRIORITY_INVESTIGATION_REQUIRED
205,22.062,88.081,349.0,298.8,2026-08-22,0800,27.5,nominal,0.7,D,N,VIIRS,historical,West Bengal,EAST_MINERAL_BELT,False,671.7,Haldia Petrochemicals Complex,chemical_petrochemical,national_haldia_petrochemical,NEARBY_INDUSTRIAL_BUFFER,0.8,CLUSTER_049,0.034,2,58,False,50.19999999999999,,UNLABELED,UNVERIFIED,,,,,,43.88,MODERATE,RECURRING_INTERMITTENT_HEAT,ANALYST_REVIEW_RECOMMENDED
206,22.0625,88.0815,357.2,302.4,2026-08-24,0820,39.0,high,0.9,D,N,VIIRS,near_real_time,West Bengal,EAST_MINERAL_BELT,False,732.0,Haldia Petrochemicals Complex,chemical_petrochemical,national_haldia_petrochemical,NEARBY_INDUSTRIAL_BUFFER,0.8,CLUSTER_049,0.034,2,58,False,54.80000000000001,,UNLABELED,UNVERIFIED,,,,,,43.88,MODERATE,RECURRING_INTERMITTENT_HEAT,ANALYST_REVIEW_RECOMMENDED
207,21.55,85.3,333.0,293.5,2026-08-23,0845,5.1,nominal,0.5,D,N,VIIRS,historical,Odisha,EAST_MINERAL_BELT,False,86059.0,SAIL Rourkela Steel Plant,steel_and_heavy_industry,national_sail_rourkela_steel_,NON_INDUSTRIAL_RURAL,0.1,CLUSTER_050,0.017,1,58,False,39.5,,UNLABELED,UNVERIFIED,,,,,,20.02,LOW,NON_INDUSTRIAL_RURAL,ROUTINE_MONITORING_RECOMMENDED
208,13.164,80.261,347.5,297.8,2026-08-20,0830,24.0,nominal,0.7,D,N,VIIRS,historical,Tamil Nadu,SOUTH_CORRIDOR,False,419.3,CPCL Manali Refinery Complex,oil_refinery,national_cpcl_manali_refinery,NEARBY_INDUSTRIAL_BUFFER,0.8,CLUSTER_051,0.086,5,58,False,49.69999999999999,,UNLABELED,UNVERIFIED,,,,,,50.88,MODERATE,RECURRING_INTERMITTENT_HEAT,ANALYST_REVIEW_RECOMMENDED
209,13.1644,80.2613,351.0,299.0,2026-08-21,0815,28.5,nominal,0.7,D,N,VIIRS,historical,Tamil Nadu,SOUTH_CORRIDOR,False,408.4,CPCL Manali Refinery Complex,oil_refinery,national_cpcl_manali_refinery,NEARBY_INDUSTRIAL_BUFFER,0.8,CLUSTER_051,0.086,5,58,False,52.0,,UNLABELED,UNVERIFIED,,,,,,50.88,MODERATE,RECURRING_INTERMITTENT_HEAT,ANALYST_REVIEW_RECOMMENDED
210,13.1639,80.2608,354.5,300.5,2026-08-22,0800,33.2,high,0.9,D,N,VIIRS,historical,Tamil Nadu,SOUTH_CORRIDOR,False,434.2,CPCL Manali Refinery Complex,oil_refinery,national_cpcl_manali_refinery,NEARBY_INDUSTRIAL_BUFFER,0.8,CLUSTER_051,0.086,5,58,False,54.0,,UNLABELED,UNVERIFIED,,,,,,50.88,MODERATE,RECURRING_INTERMITTENT_HEAT,ANALYST_REVIEW_RECOMMENDED
211,13.1642,80.2611,358.0,302.0,2026-08-23,0845,37.0,high,0.9,D,N,VIIRS,historical,Tamil Nadu,SOUTH_CORRIDOR,False,418.8,CPCL Manali Refinery Complex,oil_refinery,national_cpcl_manali_refinery,NEARBY_INDUSTRIAL_BUFFER,0.8,CLUSTER_051,0.086,5,58,False,56.0,,UNLABELED,UNVERIFIED,,,,,,50.88,MODERATE,RECURRING_INTERMITTENT_HEAT,ANALYST_REVIEW_RECOMMENDED
212,13.1641,80.2609,361.5,303.5,2026-08-24,0820,39.5,high,0.9,D,N,VIIRS,near_real_time,Tamil Nadu,SOUTH_CORRIDOR,False,433.8,CPCL Manali Refinery Complex,oil_refinery,national_cpcl_manali_refinery,NEARBY_INDUSTRIAL_BUFFER,0.8,CLUSTER_051,0.086,5,58,False,58.0,,UNLABELED,UNVERIFIED,,,,,,50.88,MODERATE,RECURRING_INTERMITTENT_HEAT,ANALYST_REVIEW_RECOMMENDED
213,12.991,74.832,369.0,311.5,2026-08-24,0820,62.0,high,0.95,D,N,VIIRS,near_real_time,Karnataka,SOUTH_CORRIDOR,True,0.0,MRPL Mangalore Refinery,oil_refinery,national_mrpl_mangalore_refin,INSIDE_INDUSTRIAL_ZONE,1.0,CLUSTER_052,0.017,1,58,True,57.5,,UNLABELED,UNVERIFIED,,,,,,89.93,CRITICAL,SEVERE_THERMAL_ANOMALY,HIGH_PRIORITY_INVESTIGATION_REQUIRED
214,12.9915,74.8325,378.0,321.0,2026-08-24,2045,74.5,high,0.95,N,N,VIIRS,near_real_time,Karnataka,SOUTH_CORRIDOR,True,0.0,MRPL Mangalore Refinery,oil_refinery,national_mrpl_mangalore_refin,INSIDE_INDUSTRIAL_ZONE,1.0,CLUSTER_052,0.017,1,58,True,57.0,,UNLABELED,UNVERIFIED,,,,,,89.93,CRITICAL,SEVERE_THERMAL_ANOMALY,HIGH_PRIORITY_INVESTIGATION_REQUIRED
215,9.982,76.364,346.5,297.0,2026-08-21,0815,22.5,nominal,0.7,D,N,VIIRS,historical,Kerala,SOUTH_CORRIDOR,True,0.0,BPCL Kochi Refinery (Ambalamugal),oil_refinery,national_bpcl_kochi_refinery_,INSIDE_INDUSTRIAL_ZONE,1.0,CLUSTER_053,0.052,3,58,False,49.5,,UNLABELED,UNVERIFIED,,,,,,58.48,MODERATE,RECURRING_INTERMITTENT_HEAT,ANALYST_REVIEW_RECOMMENDED
216,9.9823,76.3644,350.0,298.5,2026-08-22,0800,27.0,nominal,0.7,D,N,VIIRS,historical,Kerala,SOUTH_CORRIDOR,True,0.0,BPCL Kochi Refinery (Ambalamugal),oil_refinery,national_bpcl_kochi_refinery_,INSIDE_INDUSTRIAL_ZONE,1.0,CLUSTER_053,0.052,3,58,False,51.5,,UNLABELED,UNVERIFIED,,,,,,58.48,MODERATE,RECURRING_INTERMITTENT_HEAT,ANALYST_REVIEW_RECOMMENDED
217,9.9821,76.3642,355.0,300.5,2026-08-24,0820,34.0,high,0.9,D,N,VIIRS,near_real_time,Kerala,SOUTH_CORRIDOR,True,0.0,BPCL Kochi Refinery (Ambalamugal),oil_refinery,national_bpcl_kochi_refinery_,INSIDE_INDUSTRIAL_ZONE,1.0,CLUSTER_053,0.052,3,58,False,54.5,,UNLABELED,UNVERIFIED,,,,,,58.48,MODERATE,RECURRING_INTERMITTENT_HEAT,ANALYST_REVIEW_RECOMMENDED
218,17.682,83.254,348.0,298.0,2026-08-22,0800,26.0,nominal,0.7,D,N,VIIRS,historical,Andhra Pradesh,SOUTH_CORRIDOR,False,325.2,HPCL Visakhapatnam Refinery,oil_refinery,national_hpcl_visakhapatnam_r,NEARBY_INDUSTRIAL_BUFFER,0.8,CLUSTER_054,0.034,2,58,False,50.0,,UNLABELED,UNVERIFIED,,,,,,52.16,MODERATE,RECURRING_INTERMITTENT_HEAT,ANALYST_REVIEW_RECOMMENDED
219,17.6825,83.2545,356.5,301.8,2026-08-24,0820,37.0,high,0.9,D,N,VIIRS,near_real_time,Andhra Pradesh,SOUTH_CORRIDOR,False,302.4,HPCL Visakhapatnam Refinery,oil_refinery,national_hpcl_visakhapatnam_r,NEARBY_INDUSTRIAL_BUFFER,0.8,CLUSTER_054,0.034,2,58,False,54.69999999999999,,UNLABELED,UNVERIFIED,,,,,,52.16,MODERATE,RECURRING_INTERMITTENT_HEAT,ANALYST_REVIEW_RECOMMENDED
220,11.2,78.5,331.5,292.8,2026-08-23,0845,4.6,nominal,0.5,D,N,VIIRS,historical,Karnataka,SOUTH_CORRIDOR,False,269732.7,BPCL Kochi Refinery (Ambalamugal),oil_refinery,national_bpcl_kochi_refinery_,NON_INDUSTRIAL_RURAL,0.1,CLUSTER_055,0.017,1,58,False,38.69999999999999,,UNLABELED,UNVERIFIED,,,,,,19.7,LOW,NON_INDUSTRIAL_RURAL,ROUTINE_MONITORING_RECOMMENDED
221,21.09994,72.63522,331.88,297.47,2026-09-19,0856,2.23,nominal,0.6,D,N,VIIRS,near_real_time,Gujarat,WEST_GUJARAT,False,137.6,ArcelorMittal Nippon Steel India,works,way/104647203,NEARBY_INDUSTRIAL_BUFFER,0.8,CLUSTER_009,0.345,20,58,True,34.40999999999997,,UNLABELED,UNVERIFIED,,,,,,79.34,HIGH,ELEVATED_THERMAL_ACTIVITY,ESCALATED_INVESTIGATION_RECOMMENDED
222,21.10412,72.63467,340.84,297.51,2026-09-19,0856,2.23,nominal,0.6,D,N,VIIRS,near_real_time,Gujarat,WEST_GUJARAT,True,0.0,ArcelorMittal Nippon Steel India,works,way/104647203,INSIDE_INDUSTRIAL_ZONE,1.0,CLUSTER_009,0.345,20,58,True,43.329999999999984,,UNLABELED,UNVERIFIED,,,,,,79.34,HIGH,ELEVATED_THERMAL_ACTIVITY,ESCALATED_INVESTIGATION_RECOMMENDED
223,21.10554,72.6468,350.1,300.15,2026-09-19,0856,12.63,nominal,0.6,D,N,VIIRS,near_real_time,Gujarat,WEST_GUJARAT,True,0.0,ArcelorMittal Nippon Steel India,works,way/104647203,INSIDE_INDUSTRIAL_ZONE,1.0,CLUSTER_009,0.345,20,58,True,49.950000000000045,,UNLABELED,UNVERIFIED,,,,,,79.34,HIGH,ELEVATED_THERMAL_ACTIVITY,ESCALATED_INVESTIGATION_RECOMMENDED
224,22.93186,69.69827,307.75,295.26,2026-09-19,2123,0.9,nominal,0.6,N,N,VIIRS,near_real_time,Gujarat,WEST_GUJARAT,False,397.1,Unnamed Industrial Facility,general_industry,way/1002375165,NEARBY_INDUSTRIAL_BUFFER,0.8,CLUSTER_012,0.138,8,58,False,12.490000000000009,,UNLABELED,UNVERIFIED,,,,,,46.26,MODERATE,RECURRING_INTERMITTENT_HEAT,ANALYST_REVIEW_RECOMMENDED
225,22.93537,69.69899,306.8,295.15,2026-09-19,2123,0.71,nominal,0.6,N,N,VIIRS,near_real_time,Gujarat,WEST_GUJARAT,False,429.8,Unnamed Industrial Facility,general_industry,way/1002375165,NEARBY_INDUSTRIAL_BUFFER,0.8,CLUSTER_012,0.138,8,58,False,11.650000000000034,,UNLABELED,UNVERIFIED,,,,,,46.26,MODERATE,RECURRING_INTERMITTENT_HEAT,ANALYST_REVIEW_RECOMMENDED
226,21.10284,72.64529,305.4,289.43,2026-09-19,2125,4.15,nominal,0.6,N,N,VIIRS,near_real_time,Gujarat,WEST_GUJARAT,False,10.9,ArcelorMittal Nippon Steel India,works,way/104647203,NEARBY_INDUSTRIAL_BUFFER,0.8,CLUSTER_009,0.345,20,58,True,15.96999999999997,,UNLABELED,UNVERIFIED,,,,,,79.34,HIGH,ELEVATED_THERMAL_ACTIVITY,ESCALATED_INVESTIGATION_RECOMMENDED
227,21.10453,72.63682,306.2,289.58,2026-09-19,2125,4.4,nominal,0.6,N,N,VIIRS,near_real_time,Gujarat,WEST_GUJARAT,True,0.0,ArcelorMittal Nippon Steel India,works,way/104647203,INSIDE_INDUSTRIAL_ZONE,1.0,CLUSTER_009,0.345,20,58,True,16.620000000000005,,UNLABELED,UNVERIFIED,,,,,,79.34,HIGH,ELEVATED_THERMAL_ACTIVITY,ESCALATED_INVESTIGATION_RECOMMENDED
228,21.10623,72.65048,307.38,289.8,2026-09-19,2125,3.06,nominal,0.6,N,N,VIIRS,near_real_time,Gujarat,WEST_GUJARAT,True,0.0,ArcelorMittal Nippon Steel India,works,way/104647203,INSIDE_INDUSTRIAL_ZONE,1.0,CLUSTER_009,0.345,20,58,True,17.579999999999984,,UNLABELED,UNVERIFIED,,,,,,79.34,HIGH,ELEVATED_THERMAL_ACTIVITY,ESCALATED_INVESTIGATION_RECOMMENDED
229,21.10708,72.64625,317.84,289.8,2026-09-19,2125,3.06,nominal,0.6,N,N,VIIRS,near_real_time,Gujarat,WEST_GUJARAT,True,0.0,ArcelorMittal Nippon Steel India,works,way/104647203,INSIDE_INDUSTRIAL_ZONE,1.0,CLUSTER_009,0.345,20,58,True,28.039999999999964,,UNLABELED,UNVERIFIED,,,,,,79.34,HIGH,ELEVATED_THERMAL_ACTIVITY,ESCALATED_INVESTIGATION_RECOMMENDED
230,22.33592,69.86636,306.91,295.89,2026-09-19,2125,3.12,nominal,0.6,N,N,VIIRS,near_real_time,Gujarat,WEST_GUJARAT,True,0.0,Reliance Refinery,refinery,way/91585872,INSIDE_INDUSTRIAL_ZONE,1.0,CLUSTER_010,0.086,5,58,False,11.020000000000039,,UNLABELED,UNVERIFIED,,,,,,49.89,MODERATE,RECURRING_INTERMITTENT_HEAT,ANALYST_REVIEW_RECOMMENDED
231,22.41644,69.03992,318.8,295.54,2026-09-19,2125,1.76,nominal,0.6,N,N,VIIRS,near_real_time,Gujarat,WEST_GUJARAT,True,0.0,Unnamed Industrial Facility,general_industry,way/1311235459,INSIDE_INDUSTRIAL_ZONE,1.0,CLUSTER_018,0.172,10,58,False,23.25999999999999,,UNLABELED,UNVERIFIED,,,,,,48.09,MODERATE,RECURRING_INTERMITTENT_HEAT,ANALYST_REVIEW_RECOMMENDED
232,22.41989,69.0406,306.86,294.97,2026-09-19,2125,0.38,nominal,0.6,N,N,VIIRS,near_real_time,Gujarat,WEST_GUJARAT,True,0.0,Unnamed Industrial Facility,general_industry,way/1311235459,INSIDE_INDUSTRIAL_ZONE,1.0,CLUSTER_018,0.172,10,58,False,11.889999999999986,,UNLABELED,UNVERIFIED,,,,,,48.09,MODERATE,RECURRING_INTERMITTENT_HEAT,ANALYST_REVIEW_RECOMMENDED
233,22.57542,70.22902,308.29,293.94,2026-09-19,2125,0.75,nominal,0.6,N,N,VIIRS,near_real_time,Gujarat,WEST_GUJARAT,False,384.3,Unnamed Industrial Facility,general_industry,way/1273183385,NEARBY_INDUSTRIAL_BUFFER,0.8,CLUSTER_056,0.017,1,58,False,14.350000000000023,,UNLABELED,UNVERIFIED,,,,,,35.21,MODERATE,RECURRING_INTERMITTENT_HEAT,ANALYST_REVIEW_RECOMMENDED
234,21.10412,72.63786,336.66,298.19,2026-09-20,0837,7.96,nominal,0.6,D,N,VIIRS,near_real_time,Gujarat,WEST_GUJARAT,True,0.0,ArcelorMittal Nippon Steel India,works,way/104647203,INSIDE_INDUSTRIAL_ZONE,1.0,CLUSTER_009,0.345,20,58,True,38.47000000000003,,UNLABELED,UNVERIFIED,,,,,,79.34,HIGH,ELEVATED_THERMAL_ACTIVITY,ESCALATED_INVESTIGATION_RECOMMENDED
235,21.10523,72.64537,339.88,294.73,2026-09-20,0837,3.58,nominal,0.6,D,N,VIIRS,near_real_time,Gujarat,WEST_GUJARAT,True,0.0,ArcelorMittal Nippon Steel India,works,way/104647203,INSIDE_INDUSTRIAL_ZONE,1.0,CLUSTER_009,0.345,20,58,True,45.14999999999998,,UNLABELED,UNVERIFIED,,,,,,79.34,HIGH,ELEVATED_THERMAL_ACTIVITY,ESCALATED_INVESTIGATION_RECOMMENDED
236,20.86739,70.56648,311.42,291.72,2026-09-20,2106,0.71,nominal,0.6,N,N,VIIRS,near_real_time,Gujarat,WEST_GUJARAT,True,0.0,Gujarat Sidhee Cement,general_industry,way/169375804,INSIDE_INDUSTRIAL_ZONE,1.0,CLUSTER_034,0.034,2,58,False,19.69999999999999,,UNLABELED,UNVERIFIED,,,,,,44.61,MODERATE,RECURRING_INTERMITTENT_HEAT,ANALYST_REVIEW_RECOMMENDED
237,20.90879,71.45869,309.05,293.04,2026-09-20,2106,1.02,nominal,0.6,N,N,VIIRS,near_real_time,Gujarat,WEST_GUJARAT,True,0.0,Unnamed Industrial Facility,general_industry,way/169375800,INSIDE_INDUSTRIAL_ZONE,1.0,CLUSTER_008,0.103,6,58,False,16.00999999999999,,UNLABELED,UNVERIFIED,,,,,,45.06,MODERATE,RECURRING_INTERMITTENT_HEAT,ANALYST_REVIEW_RECOMMENDED
238,21.10095,72.63789,311.03,294.2,2026-09-20,2106,2.34,nominal,0.6,N,N,VIIRS,near_real_time,Gujarat,WEST_GUJARAT,False,127.8,ArcelorMittal Nippon Steel India,works,way/104647203,NEARBY_INDUSTRIAL_BUFFER,0.8,CLUSTER_009,0.345,20,58,True,16.829999999999984,,UNLABELED,UNVERIFIED,,,,,,79.34,HIGH,ELEVATED_THERMAL_ACTIVITY,ESCALATED_INVESTIGATION_RECOMMENDED
239,21.10159,72.63406,330.29,295.23,2026-09-20,2106,2.34,nominal,0.6,N,N,VIIRS,near_real_time,Gujarat,WEST_GUJARAT,True,0.0,ArcelorMittal Nippon Steel India,works,way/104647203,INSIDE_INDUSTRIAL_ZONE,1.0,CLUSTER_009,0.345,20,58,True,35.06,,UNLABELED,UNVERIFIED,,,,,,79.34,HIGH,ELEVATED_THERMAL_ACTIVITY,ESCALATED_INVESTIGATION_RECOMMENDED
240,21.10173,72.65388,314.48,294.8,2026-09-20,2106,1.57,nominal,0.6,N,N,VIIRS,near_real_time,Gujarat,WEST_GUJARAT,True,0.0,ArcelorMittal Nippon Steel India,works,way/104647203,INSIDE_INDUSTRIAL_ZONE,1.0,CLUSTER_009,0.345,20,58,True,19.680000000000007,,UNLABELED,UNVERIFIED,,,,,,79.34,HIGH,ELEVATED_THERMAL_ACTIVITY,ESCALATED_INVESTIGATION_RECOMMENDED
241,21.10496,72.6347,319.73,294.85,2026-09-20,2106,2.34,nominal,0.6,N,N,VIIRS,near_real_time,Gujarat,WEST_GUJARAT,True,0.0,ArcelorMittal Nippon Steel India,works,way/104647203,INSIDE_INDUSTRIAL_ZONE,1.0,CLUSTER_009,0.345,20,58,True,24.879999999999995,,UNLABELED,UNVERIFIED,,,,,,79.34,HIGH,ELEVATED_THERMAL_ACTIVITY,ESCALATED_INVESTIGATION_RECOMMENDED
242,21.10639,72.64685,321.58,294.28,2026-09-20,2106,1.85,nominal,0.6,N,N,VIIRS,near_real_time,Gujarat,WEST_GUJARAT,True,0.0,ArcelorMittal Nippon Steel India,works,way/104647203,INSIDE_INDUSTRIAL_ZONE,1.0,CLUSTER_009,0.345,20,58,True,27.30000000000001,,UNLABELED,UNVERIFIED,,,,,,79.34,HIGH,ELEVATED_THERMAL_ACTIVITY,ESCALATED_INVESTIGATION_RECOMMENDED
243,21.10833,72.63535,308.69,295.5,2026-09-20,2106,0.89,nominal,0.6,N,N,VIIRS,near_real_time,Gujarat,WEST_GUJARAT,True,0.0,ArcelorMittal Nippon Steel India,works,way/104647203,INSIDE_INDUSTRIAL_ZONE,1.0,CLUSTER_009,0.345,20,58,True,13.189999999999998,,UNLABELED,UNVERIFIED,,,,,,79.34,HIGH,ELEVATED_THERMAL_ACTIVITY,ESCALATED_INVESTIGATION_RECOMMENDED
244,21.11169,72.63599,311.09,295.98,2026-09-20,2106,0.89,nominal,0.6,N,N,VIIRS,near_real_time,Gujarat,WEST_GUJARAT,True,0.0,ArcelorMittal Nippon Steel India,works,way/104647203,INSIDE_INDUSTRIAL_ZONE,1.0,CLUSTER_009,0.345,20,58,True,15.109999999999957,,UNLABELED,UNVERIFIED,,,,,,79.34,HIGH,ELEVATED_THERMAL_ACTIVITY,ESCALATED_INVESTIGATION_RECOMMENDED
245,22.20797,70.80544,309.79,291.76,2026-09-20,2106,0.54,nominal,0.6,N,N,VIIRS,near_real_time,Gujarat,WEST_GUJARAT,False,22.9,Unnamed Industrial Facility,general_industry,way/882452868,NEARBY_INDUSTRIAL_BUFFER,0.8,CLUSTER_057,0.017,1,58,False,18.03000000000003,,UNLABELED,UNVERIFIED,,,,,,43.83,MODERATE,RECURRING_INTERMITTENT_HEAT,ANALYST_REVIEW_RECOMMENDED
246,22.33693,69.86636,308.03,291.27,2026-09-20,2106,2.57,nominal,0.6,N,N,VIIRS,near_real_time,Gujarat,WEST_GUJARAT,True,0.0,Reliance Refinery,refinery,way/91585872,INSIDE_INDUSTRIAL_ZONE,1.0,CLUSTER_010,0.086,5,58,False,16.75999999999999,,UNLABELED,UNVERIFIED,,,,,,49.89,MODERATE,RECURRING_INTERMITTENT_HEAT,ANALYST_REVIEW_RECOMMENDED
247,22.33866,69.85473,311.51,292.65,2026-09-20,2106,2.75,nominal,0.6,N,N,VIIRS,near_real_time,Gujarat,WEST_GUJARAT,True,0.0,Reliance Refinery,refinery,way/91585872,INSIDE_INDUSTRIAL_ZONE,1.0,CLUSTER_010,0.086,5,58,False,18.860000000000014,,UNLABELED,UNVERIFIED,,,,,,49.89,MODERATE,RECURRING_INTERMITTENT_HEAT,ANALYST_REVIEW_RECOMMENDED
248,23.25753,70.26478,310.24,292.46,2026-09-20,2106,2.31,nominal,0.6,N,N,VIIRS,near_real_time,Gujarat,WEST_GUJARAT,True,0.0,Unnamed Industrial Facility,general_industry,way/1263812739,INSIDE_INDUSTRIAL_ZONE,1.0,CLUSTER_016,0.052,3,58,False,17.78000000000003,,UNLABELED,UNVERIFIED,,,,,,44.84,MODERATE,RECURRING_INTERMITTENT_HEAT,ANALYST_REVIEW_RECOMMENDED
249,23.31525,70.48738,312.42,293.96,2026-09-20,2106,2.49,nominal,0.6,N,N,VIIRS,near_real_time,Gujarat,WEST_GUJARAT,True,0.0,Unnamed Industrial Facility,general_industry,way/661955013,INSIDE_INDUSTRIAL_ZONE,1.0,CLUSTER_017,0.052,3,58,False,18.460000000000036,,UNLABELED,UNVERIFIED,,,,,,45.17,MODERATE,RECURRING_INTERMITTENT_HEAT,ANALYST_REVIEW_RECOMMENDED
250,21.10358,72.63866,334.97,294.29,2026-09-21,0818,37.18,nominal,0.6,D,N,VIIRS,near_real_time,Gujarat,WEST_GUJARAT,True,0.0,ArcelorMittal Nippon Steel India,works,way/104647203,INSIDE_INDUSTRIAL_ZONE,1.0,CLUSTER_009,0.345,20,58,True,40.68000000000001,,UNLABELED,UNVERIFIED,,,,,,79.34,HIGH,ELEVATED_THERMAL_ACTIVITY,ESCALATED_INVESTIGATION_RECOMMENDED
251,21.10517,72.64781,336.96,296.25,2026-09-21,0818,9.79,nominal,0.6,D,N,VIIRS,near_real_time,Gujarat,WEST_GUJARAT,True,0.0,ArcelorMittal Nippon Steel India,works,way/104647203,INSIDE_INDUSTRIAL_ZONE,1.0,CLUSTER_009,0.345,20,58,True,40.70999999999998,,UNLABELED,UNVERIFIED,,,,,,79.34,HIGH,ELEVATED_THERMAL_ACTIVITY,ESCALATED_INVESTIGATION_RECOMMENDED
252,23.12208,70.08372,337.2,298.98,2026-09-21,0820,3.83,nominal,0.6,D,N,VIIRS,near_real_time,Gujarat,WEST_GUJARAT,False,414.8,Unnamed Industrial Facility,general_industry,way/104495231,NEARBY_INDUSTRIAL_BUFFER,0.8,CLUSTER_020,0.052,3,58,False,38.21999999999997,,UNLABELED,UNVERIFIED,,,,,,48.76,MODERATE,RECURRING_INTERMITTENT_HEAT,ANALYST_REVIEW_RECOMMENDED
253,24.87569,97.0718,329.38,295.62,2026-09-21,0637,2.36,nominal,0.6,D,N,VIIRS,near_real_time,Eastern India,ALL_INDIA,False,968599.4,Haldia Petrochemicals Complex,chemical_petrochemical,national_haldia_petrochemical,NON_INDUSTRIAL_RURAL,0.1,CLUSTER_058,0.017,1,58,False,33.75999999999999,,UNLABELED,UNVERIFIED,,,,,,18.88,LOW,NON_INDUSTRIAL_RURAL,ROUTINE_MONITORING_RECOMMENDED
254,25.02771,97.1887,328.91,295.88,2026-09-21,0637,2.52,nominal,0.6,D,N,VIIRS,near_real_time,Eastern India,ALL_INDIA,False,984905.7,Haldia Petrochemicals Complex,chemical_petrochemical,national_haldia_petrochemical,NON_INDUSTRIAL_RURAL,0.1,CLUSTER_059,0.017,1,58,False,33.03000000000003,,UNLABELED,UNVERIFIED,,,,,,18.85,LOW,NON_INDUSTRIAL_RURAL,ROUTINE_MONITORING_RECOMMENDED
255,25.14342,97.49666,332.18,296.35,2026-09-21,0637,2.98,nominal,0.6,D,N,VIIRS,near_real_time,Eastern India,ALL_INDIA,False,1018366.8,Haldia Petrochemicals Complex,chemical_petrochemical,national_haldia_petrochemical,NON_INDUSTRIAL_RURAL,0.1,CLUSTER_060,0.017,1,58,False,35.829999999999984,,UNLABELED,UNVERIFIED,,,,,,19.39,LOW,NON_INDUSTRIAL_RURAL,ROUTINE_MONITORING_RECOMMENDED
256,25.53974,96.71659,330.07,296.97,2026-09-21,0637,2.43,nominal,0.6,D,N,VIIRS,near_real_time,Eastern India,ALL_INDIA,False,959631.5,Haldia Petrochemicals Complex,chemical_petrochemical,national_haldia_petrochemical,NON_INDUSTRIAL_RURAL,0.1,CLUSTER_061,0.017,1,58,False,33.099999999999966,,UNLABELED,UNVERIFIED,,,,,,18.98,LOW,NON_INDUSTRIAL_RURAL,ROUTINE_MONITORING_RECOMMENDED
257,8.29176,80.75997,335.65,295.27,2026-09-21,0813,4.66,nominal,0.6,D,N,VIIRS,near_real_time,Tamil Nadu,SOUTH_CORRIDOR,False,517564.2,BPCL Kochi Refinery (Ambalamugal),oil_refinery,national_bpcl_kochi_refinery_,NON_INDUSTRIAL_RURAL,0.1,CLUSTER_062,0.017,1,58,False,40.379999999999995,,UNLABELED,UNVERIFIED,,,,,,20.25,LOW,NON_INDUSTRIAL_RURAL,ROUTINE_MONITORING_RECOMMENDED
258,8.35397,81.29202,337.72,297.77,2026-09-21,0813,4.13,nominal,0.6,D,N,VIIRS,near_real_time,Tamil Nadu,SOUTH_CORRIDOR,False,545270.2,CPCL Manali Refinery Complex,oil_refinery,national_cpcl_manali_refinery,NON_INDUSTRIAL_RURAL,0.1,CLUSTER_063,0.017,1,58,False,39.950000000000045,,UNLABELED,UNVERIFIED,,,,,,22.96,LOW,NON_INDUSTRIAL_RURAL,ROUTINE_MONITORING_RECOMMENDED
259,8.3574,81.2915,352.94,298.48,2026-09-21,0813,6.45,nominal,0.6,D,N,VIIRS,near_real_time,Tamil Nadu,SOUTH_CORRIDOR,False,544885.1,CPCL Manali Refinery Complex,oil_refinery,national_cpcl_manali_refinery,NON_INDUSTRIAL_RURAL,0.1,CLUSTER_063,0.017,1,58,False,54.45999999999998,,UNLABELED,UNVERIFIED,,,,,,22.96,LOW,NON_INDUSTRIAL_RURAL,ROUTINE_MONITORING_RECOMMENDED
260,8.35796,81.29525,340.53,297.06,2026-09-21,0813,5.82,nominal,0.6,D,N,VIIRS,near_real_time,Tamil Nadu,SOUTH_CORRIDOR,False,544908.0,CPCL Manali Refinery Complex,oil_refinery,national_cpcl_manali_refinery,NON_INDUSTRIAL_RURAL,0.1,CLUSTER_063,0.017,1,58,False,43.46999999999997,,UNLABELED,UNVERIFIED,,,,,,22.96,LOW,NON_INDUSTRIAL_RURAL,ROUTINE_MONITORING_RECOMMENDED
261,8.36083,81.29099,345.37,298.02,2026-09-21,0813,6.45,nominal,0.6,D,N,VIIRS,near_real_time,Tamil Nadu,SOUTH_CORRIDOR,False,544500.2,CPCL Manali Refinery Complex,oil_refinery,national_cpcl_manali_refinery,NON_INDUSTRIAL_RURAL,0.1,CLUSTER_063,0.017,1,58,False,47.35000000000002,,UNLABELED,UNVERIFIED,,,,,,22.96,LOW,NON_INDUSTRIAL_RURAL,ROUTINE_MONITORING_RECOMMENDED
262,8.69229,80.4555,343.38,298.85,2026-09-21,0813,5.0,nominal,0.6,D,N,VIIRS,near_real_time,Tamil Nadu,SOUTH_CORRIDOR,False,470957.6,BPCL Kochi Refinery (Ambalamugal),oil_refinery,national_bpcl_kochi_refinery_,NON_INDUSTRIAL_RURAL,0.1,CLUSTER_064,0.017,1,58,False,44.52999999999997,,UNLABELED,UNVERIFIED,,,,,,23.5,LOW,NON_INDUSTRIAL_RURAL,ROUTINE_MONITORING_RECOMMENDED
263,8.69283,80.45908,349.11,300.68,2026-09-21,0813,10.67,nominal,0.6,D,N,VIIRS,near_real_time,Tamil Nadu,SOUTH_CORRIDOR,False,471313.3,BPCL Kochi Refinery (Ambalamugal),oil_refinery,national_bpcl_kochi_refinery_,NON_INDUSTRIAL_RURAL,0.1,CLUSTER_064,0.017,1,58,False,48.43000000000001,,UNLABELED,UNVERIFIED,,,,,,23.5,LOW,NON_INDUSTRIAL_RURAL,ROUTINE_MONITORING_RECOMMENDED
264,8.69565,80.45499,335.61,297.69,2026-09-21,0813,5.0,nominal,0.6,D,N,VIIRS,near_real_time,Tamil Nadu,SOUTH_CORRIDOR,False,470788.9,BPCL Kochi Refinery (Ambalamugal),oil_refinery,national_bpcl_kochi_refinery_,NON_INDUSTRIAL_RURAL,0.1,CLUSTER_064,0.017,1,58,False,37.920000000000016,,UNLABELED,UNVERIFIED,,,,,,23.5,LOW,NON_INDUSTRIAL_RURAL,ROUTINE_MONITORING_RECOMMENDED
265,8.69619,80.45857,335.22,297.62,2026-09-21,0813,10.67,nominal,0.6,D,N,VIIRS,near_real_time,Tamil Nadu,SOUTH_CORRIDOR,False,471144.8,BPCL Kochi Refinery (Ambalamugal),oil_refinery,national_bpcl_kochi_refinery_,NON_INDUSTRIAL_RURAL,0.1,CLUSTER_064,0.017,1,58,False,37.60000000000002,,UNLABELED,UNVERIFIED,,,,,,23.5,LOW,NON_INDUSTRIAL_RURAL,ROUTINE_MONITORING_RECOMMENDED
266,8.87128,78.08917,341.62,304.37,2026-09-21,0813,4.56,nominal,0.6,D,N,VIIRS,near_real_time,Karnataka,SOUTH_CORRIDOR,False,225560.6,BPCL Kochi Refinery (Ambalamugal),oil_refinery,national_bpcl_kochi_refinery_,NON_INDUSTRIAL_RURAL,0.1,CLUSTER_065,0.017,1,58,False,37.25,,UNLABELED,UNVERIFIED,,,,,,21.01,LOW,NON_INDUSTRIAL_RURAL,ROUTINE_MONITORING_RECOMMENDED
267,9.0166,78.13821,342.87,299.3,2026-09-21,0813,2.61,nominal,0.6,D,N,VIIRS,near_real_time,Karnataka,SOUTH_CORRIDOR,False,221841.1,BPCL Kochi Refinery (Ambalamugal),oil_refinery,national_bpcl_kochi_refinery_,NON_INDUSTRIAL_RURAL,0.1,CLUSTER_066,0.017,1,58,False,43.56999999999999,,UNLABELED,UNVERIFIED,,,,,,20.71,LOW,NON_INDUSTRIAL_RURAL,ROUTINE_MONITORING_RECOMMENDED
268,11.23936,77.23362,330.61,296.96,2026-09-21,0816,3.22,low,0.2,D,N,VIIRS,near_real_time,Karnataka,SOUTH_CORRIDOR,False,168823.3,BPCL Kochi Refinery (Ambalamugal),oil_refinery,national_bpcl_kochi_refinery_,NON_INDUSTRIAL_RURAL,0.1,CLUSTER_067,0.017,1,58,False,33.650000000000034,,UNLABELED,UNVERIFIED,,,,,,19.6,LOW,NON_INDUSTRIAL_RURAL,ROUTINE_MONITORING_RECOMMENDED
269,11.24016,77.23308,332.45,297.23,2026-09-21,0816,3.71,low,0.2,D,N,VIIRS,near_real_time,Karnataka,SOUTH_CORRIDOR,False,168863.5,BPCL Kochi Refinery (Ambalamugal),oil_refinery,national_bpcl_kochi_refinery_,NON_INDUSTRIAL_RURAL,0.1,CLUSTER_067,0.017,1,58,False,35.21999999999997,,UNLABELED,UNVERIFIED,,,,,,19.6,LOW,NON_INDUSTRIAL_RURAL,ROUTINE_MONITORING_RECOMMENDED
270,12.82642,79.54056,333.16,296.41,2026-09-21,0816,2.42,nominal,0.6,D,N,VIIRS,near_real_time,Tamil Nadu,SOUTH_CORRIDOR,False,86652.7,CPCL Manali Refinery Complex,oil_refinery,national_cpcl_manali_refinery,NON_INDUSTRIAL_RURAL,0.1,CLUSTER_068,0.017,1,58,False,36.75,,UNLABELED,UNVERIFIED,,,,,,19.39,LOW,NON_INDUSTRIAL_RURAL,ROUTINE_MONITORING_RECOMMENDED
271,13.27823,80.29333,333.09,278.2,2026-09-21,0816,3.27,nominal,0.6,D,N,VIIRS,near_real_time,Tamil Nadu,SOUTH_CORRIDOR,False,12720.4,CPCL Manali Refinery Complex,oil_refinery,national_cpcl_manali_refinery,NON_INDUSTRIAL_RURAL,0.1,CLUSTER_069,0.017,1,58,False,54.889999999999986,,UNLABELED,UNVERIFIED,,,,,,19.58,LOW,NON_INDUSTRIAL_RURAL,ROUTINE_MONITORING_RECOMMENDED
272,13.67215,79.5278,332.93,282.22,2026-09-21,0816,3.81,nominal,0.6,D,N,VIIRS,near_real_time,Tamil Nadu,SOUTH_CORRIDOR,False,97769.7,CPCL Manali Refinery Complex,oil_refinery,national_cpcl_manali_refinery,NON_INDUSTRIAL_RURAL,0.1,CLUSTER_070,0.017,1,58,False,50.70999999999998,,UNLABELED,UNVERIFIED,,,,,,19.69,LOW,NON_INDUSTRIAL_RURAL,ROUTINE_MONITORING_RECOMMENDED
273,15.73247,79.65581,335.25,297.09,2026-09-21,0816,3.82,nominal,0.6,D,N,VIIRS,near_real_time,Andhra Pradesh,SOUTH_CORRIDOR,False,292923.9,CPCL Manali Refinery Complex,oil_refinery,national_cpcl_manali_refinery,NON_INDUSTRIAL_RURAL,0.1,CLUSTER_071,0.017,1,58,False,38.160000000000025,,UNLABELED,UNVERIFIED,,,,,,19.99,LOW,NON_INDUSTRIAL_RURAL,ROUTINE_MONITORING_RECOMMENDED
274,15.83993,79.7503,330.64,293.68,2026-09-21,0816,3.34,nominal,0.6,D,N,VIIRS,near_real_time,Andhra Pradesh,SOUTH_CORRIDOR,False,302533.5,CPCL Manali Refinery Complex,oil_refinery,national_cpcl_manali_refinery,NON_INDUSTRIAL_RURAL,0.1,CLUSTER_072,0.017,1,58,False,36.95999999999998,,UNLABELED,UNVERIFIED,,,,,,19.27,LOW,NON_INDUSTRIAL_RURAL,ROUTINE_MONITORING_RECOMMENDED
275,15.84448,79.75757,351.76,296.4,2026-09-21,0816,12.39,nominal,0.6,D,N,VIIRS,near_real_time,Andhra Pradesh,SOUTH_CORRIDOR,False,302887.5,CPCL Manali Refinery Complex,oil_refinery,national_cpcl_manali_refinery,NON_INDUSTRIAL_RURAL,0.1,CLUSTER_073,0.017,1,58,False,55.360000000000014,,UNLABELED,UNVERIFIED,,,,,,24.27,LOW,NON_INDUSTRIAL_RURAL,ROUTINE_MONITORING_RECOMMENDED
276,15.84917,79.74093,335.12,293.34,2026-09-21,0816,7.9,nominal,0.6,D,N,VIIRS,near_real_time,Andhra Pradesh,SOUTH_CORRIDOR,False,303730.2,CPCL Manali Refinery Complex,oil_refinery,national_cpcl_manali_refinery,NON_INDUSTRIAL_RURAL,0.1,CLUSTER_074,0.017,1,58,False,41.78000000000003,,UNLABELED,UNVERIFIED,,,,,,22.83,LOW,NON_INDUSTRIAL_RURAL,ROUTINE_MONITORING_RECOMMENDED
277,15.84972,79.74483,349.19,294.28,2026-09-21,0816,7.9,nominal,0.6,D,N,VIIRS,near_real_time,Andhra Pradesh,SOUTH_CORRIDOR,False,303712.0,CPCL Manali Refinery Complex,oil_refinery,national_cpcl_manali_refinery,NON_INDUSTRIAL_RURAL,0.1,CLUSTER_074,0.017,1,58,False,54.910000000000025,,UNLABELED,UNVERIFIED,,,,,,22.83,LOW,NON_INDUSTRIAL_RURAL,ROUTINE_MONITORING_RECOMMENDED
278,16.16523,79.92226,335.46,294.81,2026-09-21,0816,1.41,nominal,0.6,D,N,VIIRS,near_real_time,Andhra Pradesh,SOUTH_CORRIDOR,False,335586.1,CPCL Manali Refinery Complex,oil_refinery,national_cpcl_manali_refinery,NON_INDUSTRIAL_RURAL,0.1,CLUSTER_075,0.017,1,58,False,40.64999999999998,,UNLABELED,UNVERIFIED,,,,,,20.04,LOW,NON_INDUSTRIAL_RURAL,ROUTINE_MONITORING_RECOMMENDED
279,16.1658,79.92622,333.28,296.11,2026-09-21,0816,3.85,nominal,0.6,D,N,VIIRS,near_real_time,Andhra Pradesh,SOUTH_CORRIDOR,False,335601.9,CPCL Manali Refinery Complex,oil_refinery,national_cpcl_manali_refinery,NON_INDUSTRIAL_RURAL,0.1,CLUSTER_075,0.017,1,58,False,37.16999999999996,,UNLABELED,UNVERIFIED,,,,,,20.04,LOW,NON_INDUSTRIAL_RURAL,ROUTINE_MONITORING_RECOMMENDED
280,16.33395,78.26297,330.91,288.8,2026-09-21,0816,2.78,nominal,0.6,D,N,VIIRS,near_real_time,Andhra Pradesh,SOUTH_CORRIDOR,False,413006.5,CPCL Manali Refinery Complex,oil_refinery,national_cpcl_manali_refinery,NON_INDUSTRIAL_RURAL,0.1,CLUSTER_076,0.017,1,58,False,42.110000000000014,,UNLABELED,UNVERIFIED,,,,,,19.17,LOW,NON_INDUSTRIAL_RURAL,ROUTINE_MONITORING_RECOMMENDED
281,16.61245,79.49863,330.5,298.04,2026-09-21,0816,2.67,nominal,0.6,D,N,VIIRS,near_real_time,Andhra Pradesh,SOUTH_CORRIDOR,False,392072.9,CPCL Manali Refinery Complex,oil_refinery,national_cpcl_manali_refinery,NON_INDUSTRIAL_RURAL,0.1,CLUSTER_077,0.017,1,58,False,32.45999999999998,,UNLABELED,UNVERIFIED,,,,,,19.1,LOW,NON_INDUSTRIAL_RURAL,ROUTINE_MONITORING_RECOMMENDED
282,16.82013,78.19477,334.81,294.94,2026-09-21,0816,2.45,nominal,0.6,D,N,VIIRS,near_real_time,Andhra Pradesh,SOUTH_CORRIDOR,False,463345.2,CPCL Manali Refinery Complex,oil_refinery,national_cpcl_manali_refinery,NON_INDUSTRIAL_RURAL,0.1,CLUSTER_078,0.017,1,58,False,39.870000000000005,,UNLABELED,UNVERIFIED,,,,,,19.61,LOW,NON_INDUSTRIAL_RURAL,ROUTINE_MONITORING_RECOMMENDED
283,17.03526,77.73318,331.72,295.63,2026-09-21,0816,0.81,nominal,0.6,D,N,VIIRS,near_real_time,Andhra Pradesh,SOUTH_CORRIDOR,False,509063.1,CPCL Manali Refinery Complex,oil_refinery,national_cpcl_manali_refinery,NON_INDUSTRIAL_RURAL,0.1,CLUSTER_079,0.017,1,58,False,36.09000000000003,,UNLABELED,UNVERIFIED,,,,,,18.8,LOW,NON_INDUSTRIAL_RURAL,ROUTINE_MONITORING_RECOMMENDED
284,17.09404,80.59815,333.58,294.65,2026-09-21,0816,4.02,nominal,0.6,D,N,VIIRS,near_real_time,Andhra Pradesh,SOUTH_CORRIDOR,False,288448.5,HPCL Visakhapatnam Refinery,oil_refinery,national_hpcl_visakhapatnam_r,NON_INDUSTRIAL_RURAL,0.1,CLUSTER_080,0.017,1,58,False,38.93000000000001,,UNLABELED,UNVERIFIED,,,,,,19.83,LOW,NON_INDUSTRIAL_RURAL,ROUTINE_MONITORING_RECOMMENDED
285,19.37039,71.3538,339.92,294.76,2026-09-21,0818,3.21,nominal,0.6,D,N,VIIRS,near_real_time,Western India,ALL_INDIA,False,157083.0,Unnamed Industrial Facility,general_industry,way/897110614,NON_INDUSTRIAL_RURAL,0.1,CLUSTER_081,0.069,4,58,False,45.160000000000025,,UNLABELED,UNVERIFIED,,,,,,27.78,LOW,NON_INDUSTRIAL_RURAL,ROUTINE_MONITORING_RECOMMENDED
286,21.05754,75.62813,338.9,302.75,2026-09-21,0818,3.12,nominal,0.6,D,N,VIIRS,near_real_time,Central India,ALL_INDIA,False,188448.8,Unnamed Industrial Facility,general_industry,way/1486793039,NON_INDUSTRIAL_RURAL,0.1,CLUSTER_082,0.017,1,58,False,36.14999999999998,,UNLABELED,UNVERIFIED,,,,,,20.31,LOW,NON_INDUSTRIAL_RURAL,ROUTINE_MONITORING_RECOMMENDED
287,22.69435,75.37374,331.25,303.36,2026-09-21,0818,2.56,low,0.2,D,N,VIIRS,near_real_time,Central India,ALL_INDIA,False,149460.0,Unnamed Industrial Facility,general_industry,way/659900492,NON_INDUSTRIAL_RURAL,0.1,CLUSTER_083,0.017,1,58,False,27.889999999999986,,UNLABELED,UNVERIFIED,,,,,,19.16,LOW,NON_INDUSTRIAL_RURAL,ROUTINE_MONITORING_RECOMMENDED
288,22.7711,75.34428,330.64,302.01,2026-09-21,0818,1.18,low,0.2,D,N,VIIRS,near_real_time,Central India,ALL_INDIA,False,145837.8,Unnamed Industrial Facility,general_industry,way/659900492,NON_INDUSTRIAL_RURAL,0.1,CLUSTER_084,0.017,1,58,False,28.629999999999995,,UNLABELED,UNVERIFIED,,,,,,18.74,LOW,NON_INDUSTRIAL_RURAL,ROUTINE_MONITORING_RECOMMENDED
289,22.88176,75.44677,330.89,302.03,2026-09-21,0818,3.81,low,0.2,D,N,VIIRS,near_real_time,Central India,ALL_INDIA,False,156319.1,Unnamed Industrial Facility,general_industry,way/659900492,NON_INDUSTRIAL_RURAL,0.1,CLUSTER_085,0.017,1,58,False,28.860000000000014,,UNLABELED,UNVERIFIED,,,,,,19.43,LOW,NON_INDUSTRIAL_RURAL,ROUTINE_MONITORING_RECOMMENDED
290,22.94285,75.73074,338.94,302.75,2026-09-21,0818,3.8,nominal,0.6,D,N,VIIRS,near_real_time,Central India,ALL_INDIA,False,185723.0,Unnamed Industrial Facility,general_industry,way/659900492,NON_INDUSTRIAL_RURAL,0.1,CLUSTER_086,0.017,1,58,False,36.19,,UNLABELED,UNVERIFIED,,,,,,20.48,LOW,NON_INDUSTRIAL_RURAL,ROUTINE_MONITORING_RECOMMENDED
291,22.94425,75.89148,330.11,302.73,2026-09-21,0818,2.13,low,0.2,D,N,VIIRS,near_real_time,Central India,ALL_INDIA,False,202158.8,Unnamed Industrial Facility,general_industry,way/659900492,NON_INDUSTRIAL_RURAL,0.1,CLUSTER_087,0.017,1,58,False,27.379999999999995,,UNLABELED,UNVERIFIED,,,,,,18.91,LOW,NON_INDUSTRIAL_RURAL,ROUTINE_MONITORING_RECOMMENDED
292,23.23625,75.98862,330.03,303.16,2026-09-21,0818,2.2,low,0.2,D,N,VIIRS,near_real_time,Central India,ALL_INDIA,False,216396.4,Unnamed Industrial Facility,general_industry,way/659900492,NON_INDUSTRIAL_RURAL,0.1,CLUSTER_088,0.017,1,58,False,26.869999999999948,,UNLABELED,UNVERIFIED,,,,,,18.91,LOW,NON_INDUSTRIAL_RURAL,ROUTINE_MONITORING_RECOMMENDED
293,24.81587,68.04147,332.85,304.03,2026-09-21,0820,2.5,low,0.2,D,N,VIIRS,near_real_time,Western India,ALL_INDIA,False,148973.2,Unnamed Industrial Facility,general_industry,way/1264592672,NON_INDUSTRIAL_RURAL,0.1,CLUSTER_089,0.017,1,58,False,28.82000000000005,,UNLABELED,UNVERIFIED,,,,,,19.87,LOW,NON_INDUSTRIAL_RURAL,ROUTINE_MONITORING_RECOMMENDED
294,24.81766,68.04298,334.47,304.89,2026-09-21,0820,3.71,low,0.2,D,N,VIIRS,near_real_time,Western India,ALL_INDIA,False,148988.8,Unnamed Industrial Facility,general_industry,way/1264592672,NON_INDUSTRIAL_RURAL,0.1,CLUSTER_089,0.017,1,58,False,29.58000000000004,,UNLABELED,UNVERIFIED,,,,,,19.87,LOW,NON_INDUSTRIAL_RURAL,ROUTINE_MONITORING_RECOMMENDED
295,25.38862,68.58082,331.81,303.48,2026-09-21,0820,2.11,low,0.2,D,N,VIIRS,near_real_time,Western India,ALL_INDIA,False,155090.7,Khavda Renewable Energy Park,general_industry,way/1273382001,NON_INDUSTRIAL_RURAL,0.1,CLUSTER_090,0.121,7,58,False,28.329999999999984,,UNLABELED,UNVERIFIED,,,,,,19.89,LOW,NON_INDUSTRIAL_RURAL,ROUTINE_MONITORING_RECOMMENDED
296,25.55967,68.45715,331.36,303.16,2026-09-21,0820,1.43,nominal,0.6,D,N,VIIRS,near_real_time,Western India,ALL_INDIA,False,177735.7,Khavda Renewable Energy Park,general_industry,way/1273382001,NON_INDUSTRIAL_RURAL,0.1,CLUSTER_091,0.017,1,58,False,28.19999999999999,,UNLABELED,UNVERIFIED,,,,,,19.54,LOW,NON_INDUSTRIAL_RURAL,ROUTINE_MONITORING_RECOMMENDED
297,25.56394,68.45611,334.3,301.07,2026-09-21,0820,2.45,nominal,0.6,D,N,VIIRS,near_real_time,Western India,ALL_INDIA,False,178201.6,Khavda Renewable Energy Park,general_industry,way/1273382001,NON_INDUSTRIAL_RURAL,0.1,CLUSTER_091,0.017,1,58,False,33.23000000000002,,UNLABELED,UNVERIFIED,,,,,,19.54,LOW,NON_INDUSTRIAL_RURAL,ROUTINE_MONITORING_RECOMMENDED
298,25.69573,68.84558,340.41,305.26,2026-09-21,0820,2.5,nominal,0.6,D,N,VIIRS,near_real_time,Western India,ALL_INDIA,False,177042.1,Khavda Renewable Energy Park,general_industry,way/1273382001,NON_INDUSTRIAL_RURAL,0.1,CLUSTER_092,0.017,1,58,False,35.150000000000034,,UNLABELED,UNVERIFIED,,,,,,20.35,LOW,NON_INDUSTRIAL_RURAL,ROUTINE_MONITORING_RECOMMENDED
299,27.0984,68.12234,332.85,307.3,2026-09-21,0820,4.61,low,0.2,D,N,VIIRS,near_real_time,Western India,ALL_INDIA,False,347694.2,Khavda Renewable Energy Park,general_industry,way/1273382001,NON_INDUSTRIAL_RURAL,0.1,CLUSTER_093,0.017,1,58,False,25.55000000000001,,UNLABELED,UNVERIFIED,,,,,,19.88,LOW,NON_INDUSTRIAL_RURAL,ROUTINE_MONITORING_RECOMMENDED
300,27.30935,82.76711,331.86,291.68,2026-09-21,0820,9.17,nominal,0.6,D,N,VIIRS,near_real_time,Central India,ALL_INDIA,False,501886.2,IOCL Mathura Refinery,oil_refinery,national_iocl_mathura_refiner,NON_INDUSTRIAL_RURAL,0.1,CLUSTER_094,0.017,1,58,False,40.18000000000001,,UNLABELED,UNVERIFIED,,,,,,20.87,LOW,NON_INDUSTRIAL_RURAL,ROUTINE_MONITORING_RECOMMENDED
301,27.83533,75.0683,330.62,304.81,2026-09-21,0820,1.22,low,0.2,D,N,VIIRS,near_real_time,Central India,ALL_INDIA,False,178235.1,Bhiwadi RIICO Industrial Cluster,general_industry,national_bhiwadi_riico_indust,NON_INDUSTRIAL_RURAL,0.1,CLUSTER_095,0.017,1,58,False,25.810000000000002,,UNLABELED,UNVERIFIED,,,,,,18.75,LOW,NON_INDUSTRIAL_RURAL,ROUTINE_MONITORING_RECOMMENDED
302,28.06107,77.68706,334.4,299.48,2026-09-21,0820,3.77,nominal,0.6,D,N,VIIRS,near_real_time,Uttar Pradesh,NORTH_NCR,False,59664.7,NTPC Dadri Thermal Power Station,power_plant,national_ntpc_dadri_thermal_p,NON_INDUSTRIAL_RURAL,0.1,CLUSTER_096,0.017,1,58,False,34.91999999999996,,UNLABELED,UNVERIFIED,,,,,,20.77,LOW,NON_INDUSTRIAL_RURAL,ROUTINE_MONITORING_RECOMMENDED
303,28.06335,77.6835,340.51,298.12,2026-09-21,0820,4.15,nominal,0.6,D,N,VIIRS,near_real_time,Uttar Pradesh,NORTH_NCR,False,59340.8,NTPC Dadri Thermal Power Station,power_plant,national_ntpc_dadri_thermal_p,NON_INDUSTRIAL_RURAL,0.1,CLUSTER_096,0.017,1,58,False,42.389999999999986,,UNLABELED,UNVERIFIED,,,,,,20.77,LOW,NON_INDUSTRIAL_RURAL,ROUTINE_MONITORING_RECOMMENDED
304,28.73018,77.2591,333.06,302.12,2026-09-21,0820,1.51,nominal,0.6,D,N,VIIRS,near_real_time,Delhi NCR,NORTH_NCR,False,31777.6,NTPC Dadri Thermal Power Station,power_plant,national_ntpc_dadri_thermal_p,NON_INDUSTRIAL_RURAL,0.1,CLUSTER_097,0.017,1,58,False,30.939999999999998,,UNLABELED,UNVERIFIED,,,,,,19.15,LOW,NON_INDUSTRIAL_RURAL,ROUTINE_MONITORING_RECOMMENDED
305,29.58856,76.99125,330.62,300.0,2026-09-21,0820,3.29,nominal,0.6,D,N,VIIRS,near_real_time,Haryana,NORTH_NCR,False,20363.1,IOCL Panipat Petrochemical Complex,oil_refinery,national_iocl_panipat_petroch,NON_INDUSTRIAL_RURAL,0.1,CLUSTER_098,0.017,1,58,False,30.620000000000005,,UNLABELED,UNVERIFIED,,,,,,19.61,LOW,NON_INDUSTRIAL_RURAL,ROUTINE_MONITORING_RECOMMENDED
306,29.58877,76.99303,333.33,300.23,2026-09-21,0820,2.82,nominal,0.6,D,N,VIIRS,near_real_time,Haryana,NORTH_NCR,False,20442.2,IOCL Panipat Petrochemical Complex,oil_refinery,national_iocl_panipat_petroch,NON_INDUSTRIAL_RURAL,0.1,CLUSTER_098,0.017,1,58,False,33.099999999999966,,UNLABELED,UNVERIFIED,,,,,,19.61,LOW,NON_INDUSTRIAL_RURAL,ROUTINE_MONITORING_RECOMMENDED
307,29.72614,72.50052,342.38,306.35,2026-09-21,0820,3.81,nominal,0.6,D,N,VIIRS,near_real_time,Northern India,ALL_INDIA,False,428260.0,IOCL Panipat Petrochemical Complex,oil_refinery,national_iocl_panipat_petroch,NON_INDUSTRIAL_RURAL,0.1,CLUSTER_099,0.017,1,58,False,36.02999999999997,,UNLABELED,UNVERIFIED,,,,,,20.94,LOW,NON_INDUSTRIAL_RURAL,ROUTINE_MONITORING_RECOMMENDED
308,30.39939,72.33211,337.66,308.17,2026-09-21,0820,4.32,nominal,0.6,D,N,VIIRS,near_real_time,Northern India,ALL_INDIA,False,455082.4,IOCL Panipat Petrochemical Complex,oil_refinery,national_iocl_panipat_petroch,NON_INDUSTRIAL_RURAL,0.1,CLUSTER_100,0.017,1,58,False,29.49000000000001,,UNLABELED,UNVERIFIED,,,,,,20.44,LOW,NON_INDUSTRIAL_RURAL,ROUTINE_MONITORING_RECOMMENDED
309,30.49247,74.64198,330.89,301.16,2026-09-21,0820,2.2,low,0.2,D,N,VIIRS,near_real_time,Northern India,ALL_INDIA,False,249704.7,IOCL Panipat Petrochemical Complex,oil_refinery,national_iocl_panipat_petroch,NON_INDUSTRIAL_RURAL,0.1,CLUSTER_101,0.017,1,58,False,29.72999999999996,,UNLABELED,UNVERIFIED,,,,,,19.03,LOW,NON_INDUSTRIAL_RURAL,ROUTINE_MONITORING_RECOMMENDED
310,30.50016,76.93479,338.62,301.36,2026-09-21,0820,5.3,nominal,0.6,D,N,VIIRS,near_real_time,Northern India,ALL_INDIA,False,120561.5,IOCL Panipat Petrochemical Complex,oil_refinery,national_iocl_panipat_petroch,NON_INDUSTRIAL_RURAL,0.1,CLUSTER_102,0.017,1,58,False,37.25999999999999,,UNLABELED,UNVERIFIED,,,,,,20.8,LOW,NON_INDUSTRIAL_RURAL,ROUTINE_MONITORING_RECOMMENDED
311,30.50368,76.93418,336.89,299.1,2026-09-21,0820,5.3,nominal,0.6,D,N,VIIRS,near_real_time,Northern India,ALL_INDIA,False,120952.2,IOCL Panipat Petrochemical Complex,oil_refinery,national_iocl_panipat_petroch,NON_INDUSTRIAL_RURAL,0.1,CLUSTER_102,0.017,1,58,False,37.789999999999964,,UNLABELED,UNVERIFIED,,,,,,20.8,LOW,NON_INDUSTRIAL_RURAL,ROUTINE_MONITORING_RECOMMENDED
312,30.59048,76.77258,333.95,300.66,2026-09-21,0820,5.72,nominal,0.6,D,N,VIIRS,near_real_time,Northern India,ALL_INDIA,False,131362.5,IOCL Panipat Petrochemical Complex,oil_refinery,national_iocl_panipat_petroch,NON_INDUSTRIAL_RURAL,0.1,CLUSTER_103,0.017,1,58,False,33.289999999999964,,UNLABELED,UNVERIFIED,,,,,,20.29,LOW,NON_INDUSTRIAL_RURAL,ROUTINE_MONITORING_RECOMMENDED
313,30.98242,74.41074,340.06,304.38,2026-09-21,0822,3.43,nominal,0.6,D,N,VIIRS,near_real_time,Northern India,ALL_INDIA,False,297246.1,IOCL Panipat Petrochemical Complex,oil_refinery,national_iocl_panipat_petroch,NON_INDUSTRIAL_RURAL,0.1,CLUSTER_104,0.017,1,58,False,35.68000000000001,,UNLABELED,UNVERIFIED,,,,,,21.55,LOW,NON_INDUSTRIAL_RURAL,ROUTINE_MONITORING_RECOMMENDED
314,30.98572,74.41007,345.06,302.18,2026-09-21,0822,4.88,nominal,0.6,D,N,VIIRS,near_real_time,Northern India,ALL_INDIA,False,297510.4,IOCL Panipat Petrochemical Complex,oil_refinery,national_iocl_panipat_petroch,NON_INDUSTRIAL_RURAL,0.1,CLUSTER_104,0.017,1,58,False,42.879999999999995,,UNLABELED,UNVERIFIED,,,,,,21.55,LOW,NON_INDUSTRIAL_RURAL,ROUTINE_MONITORING_RECOMMENDED
315,31.04226,74.42369,341.32,302.16,2026-09-21,0822,6.85,nominal,0.6,D,N,VIIRS,near_real_time,Northern India,ALL_INDIA,False,300147.6,IOCL Panipat Petrochemical Complex,oil_refinery,national_iocl_panipat_petroch,NON_INDUSTRIAL_RURAL,0.1,CLUSTER_105,0.017,1,58,False,39.15999999999997,,UNLABELED,UNVERIFIED,,,,,,21.54,LOW,NON_INDUSTRIAL_RURAL,ROUTINE_MONITORING_RECOMMENDED
316,31.06985,74.51792,333.79,302.59,2026-09-21,0822,3.22,nominal,0.6,D,N,VIIRS,near_real_time,Northern India,ALL_INDIA,False,294861.3,IOCL Panipat Petrochemical Complex,oil_refinery,national_iocl_panipat_petroch,NON_INDUSTRIAL_RURAL,0.1,CLUSTER_106,0.017,1,58,False,31.200000000000045,,UNLABELED,UNVERIFIED,,,,,,19.66,LOW,NON_INDUSTRIAL_RURAL,ROUTINE_MONITORING_RECOMMENDED
317,31.07616,74.53748,335.56,301.25,2026-09-21,0822,2.41,nominal,0.6,D,N,VIIRS,near_real_time,Northern India,ALL_INDIA,False,293831.8,IOCL Panipat Petrochemical Complex,oil_refinery,national_iocl_panipat_petroch,NON_INDUSTRIAL_RURAL,0.1,CLUSTER_107,0.017,1,58,False,34.31,,UNLABELED,UNVERIFIED,,,,,,19.7,LOW,NON_INDUSTRIAL_RURAL,ROUTINE_MONITORING_RECOMMENDED
318,31.10003,72.32214,330.56,303.0,2026-09-21,0822,2.59,low,0.2,D,N,VIIRS,near_real_time,Northern India,ALL_INDIA,False,479289.7,IOCL Panipat Petrochemical Complex,oil_refinery,national_iocl_panipat_petroch,NON_INDUSTRIAL_RURAL,0.1,CLUSTER_108,0.017,1,58,False,27.560000000000002,,UNLABELED,UNVERIFIED,,,,,,19.8,LOW,NON_INDUSTRIAL_RURAL,ROUTINE_MONITORING_RECOMMENDED
319,31.10336,72.3214,335.97,303.9,2026-09-21,0822,2.59,nominal,0.6,D,N,VIIRS,near_real_time,Northern India,ALL_INDIA,False,479493.2,IOCL Panipat Petrochemical Complex,oil_refinery,national_iocl_panipat_petroch,NON_INDUSTRIAL_RURAL,0.1,CLUSTER_108,0.017,1,58,False,32.07000000000005,,UNLABELED,UNVERIFIED,,,,,,19.8,LOW,NON_INDUSTRIAL_RURAL,ROUTINE_MONITORING_RECOMMENDED
320,31.1235,74.67964,344.68,302.54,2026-09-21,0822,8.94,nominal,0.6,D,N,VIIRS,near_real_time,Northern India,ALL_INDIA,False,286763.5,IOCL Panipat Petrochemical Complex,oil_refinery,national_iocl_panipat_petroch,NON_INDUSTRIAL_RURAL,0.1,CLUSTER_109,0.017,1,58,False,42.139999999999986,,UNLABELED,UNVERIFIED,,,,,,22.49,LOW,NON_INDUSTRIAL_RURAL,ROUTINE_MONITORING_RECOMMENDED
321,31.12682,74.67899,333.31,299.28,2026-09-21,0822,3.15,nominal,0.6,D,N,VIIRS,near_real_time,Northern India,ALL_INDIA,False,287052.3,IOCL Panipat Petrochemical Complex,oil_refinery,national_iocl_panipat_petroch,NON_INDUSTRIAL_RURAL,0.1,CLUSTER_109,0.017,1,58,False,34.03000000000003,,UNLABELED,UNVERIFIED,,,,,,22.49,LOW,NON_INDUSTRIAL_RURAL,ROUTINE_MONITORING_RECOMMENDED
322,31.30233,75.1265,331.86,300.82,2026-09-21,0822,2.53,nominal,0.6,D,N,VIIRS,near_real_time,Northern India,ALL_INDIA,False,271189.6,IOCL Panipat Petrochemical Complex,oil_refinery,national_iocl_panipat_petroch,NON_INDUSTRIAL_RURAL,0.1,CLUSTER_110,0.017,1,58,False,31.04000000000002,,UNLABELED,UNVERIFIED,,,,,,19.24,LOW,NON_INDUSTRIAL_RURAL,ROUTINE_MONITORING_RECOMMENDED
323,31.31937,74.6959,332.88,300.23,2026-09-21,0822,2.59,nominal,0.6,D,N,VIIRS,near_real_time,Northern India,ALL_INDIA,False,300380.3,IOCL Panipat Petrochemical Complex,oil_refinery,national_iocl_panipat_petroch,NON_INDUSTRIAL_RURAL,0.1,CLUSTER_111,0.017,1,58,False,32.64999999999998,,UNLABELED,UNVERIFIED,,,,,,19.39,LOW,NON_INDUSTRIAL_RURAL,ROUTINE_MONITORING_RECOMMENDED
324,31.37797,74.54229,351.68,304.44,2026-09-21,0822,10.2,nominal,0.6,D,N,VIIRS,near_real_time,Northern India,ALL_INDIA,False,315423.8,IOCL Panipat Petrochemical Complex,oil_refinery,national_iocl_panipat_petroch,NON_INDUSTRIAL_RURAL,0.1,CLUSTER_112,0.017,1,58,False,47.24000000000001,,UNLABELED,UNVERIFIED,,,,,,23.72,LOW,NON_INDUSTRIAL_RURAL,ROUTINE_MONITORING_RECOMMENDED
325,31.40234,75.215,332.99,300.81,2026-09-21,0822,2.33,nominal,0.6,D,N,VIIRS,near_real_time,Northern India,ALL_INDIA,False,274700.6,IOCL Panipat Petrochemical Complex,oil_refinery,national_iocl_panipat_petroch,NON_INDUSTRIAL_RURAL,0.1,CLUSTER_113,0.017,1,58,False,32.18000000000001,,UNLABELED,UNVERIFIED,,,,,,19.34,LOW,NON_INDUSTRIAL_RURAL,ROUTINE_MONITORING_RECOMMENDED
326,31.50406,72.3751,335.62,303.22,2026-09-21,0822,2.76,nominal,0.6,D,N,VIIRS,near_real_time,Northern India,ALL_INDIA,False,493296.0,IOCL Panipat Petrochemical Complex,oil_refinery,national_iocl_panipat_petroch,NON_INDUSTRIAL_RURAL,0.1,CLUSTER_114,0.017,1,58,False,32.39999999999998,,UNLABELED,UNVERIFIED,,,,,,19.79,LOW,NON_INDUSTRIAL_RURAL,ROUTINE_MONITORING_RECOMMENDED
327,31.60312,75.03194,345.35,304.02,2026-09-21,0822,3.77,nominal,0.6,D,N,VIIRS,near_real_time,Northern India,ALL_INDIA,False,302975.0,IOCL Panipat Petrochemical Complex,oil_refinery,national_iocl_panipat_petroch,NON_INDUSTRIAL_RURAL,0.1,CLUSTER_115,0.017,1,58,False,41.33000000000004,,UNLABELED,UNVERIFIED,,,,,,21.32,LOW,NON_INDUSTRIAL_RURAL,ROUTINE_MONITORING_RECOMMENDED
328,31.61878,72.47723,336.73,302.28,2026-09-21,0822,2.22,nominal,0.6,D,N,VIIRS,near_real_time,Northern India,ALL_INDIA,False,490705.5,IOCL Panipat Petrochemical Complex,oil_refinery,national_iocl_panipat_petroch,NON_INDUSTRIAL_RURAL,0.1,CLUSTER_116,0.017,1,58,False,34.450000000000045,,UNLABELED,UNVERIFIED,,,,,,19.8,LOW,NON_INDUSTRIAL_RURAL,ROUTINE_MONITORING_RECOMMENDED
329,31.69464,75.28987,330.19,299.32,2026-09-21,0822,1.73,nominal,0.6,D,N,VIIRS,near_real_time,Northern India,ALL_INDIA,False,297512.0,IOCL Panipat Petrochemical Complex,oil_refinery,national_iocl_panipat_petroch,NON_INDUSTRIAL_RURAL,0.1,CLUSTER_117,0.017,1,58,False,30.870000000000005,,UNLABELED,UNVERIFIED,,,,,,18.83,LOW,NON_INDUSTRIAL_RURAL,ROUTINE_MONITORING_RECOMMENDED
330,31.7096,75.04677,335.33,303.45,2026-09-21,0822,4.63,nominal,0.6,D,N,VIIRS,near_real_time,Northern India,ALL_INDIA,False,311688.7,IOCL Panipat Petrochemical Complex,oil_refinery,national_iocl_panipat_petroch,NON_INDUSTRIAL_RURAL,0.1,CLUSTER_118,0.017,1,58,False,31.879999999999995,,UNLABELED,UNVERIFIED,,,,,,20.21,LOW,NON_INDUSTRIAL_RURAL,ROUTINE_MONITORING_RECOMMENDED
331,31.7358,72.59135,331.25,300.27,2026-09-21,0822,2.45,nominal,0.6,D,N,VIIRS,near_real_time,Northern India,ALL_INDIA,False,487815.0,IOCL Panipat Petrochemical Complex,oil_refinery,national_iocl_panipat_petroch,NON_INDUSTRIAL_RURAL,0.1,CLUSTER_119,0.017,1,58,False,30.980000000000018,,UNLABELED,UNVERIFIED,,,,,,19.59,LOW,NON_INDUSTRIAL_RURAL,ROUTINE_MONITORING_RECOMMENDED
332,31.73646,72.59542,334.69,300.11,2026-09-21,0822,2.45,nominal,0.6,D,N,VIIRS,near_real_time,Northern India,ALL_INDIA,False,487522.3,IOCL Panipat Petrochemical Complex,oil_refinery,national_iocl_panipat_petroch,NON_INDUSTRIAL_RURAL,0.1,CLUSTER_119,0.017,1,58,False,34.579999999999984,,UNLABELED,UNVERIFIED,,,,,,19.59,LOW,NON_INDUSTRIAL_RURAL,ROUTINE_MONITORING_RECOMMENDED
333,31.78019,74.10877,334.12,303.22,2026-09-21,0822,1.89,nominal,0.6,D,N,VIIRS,near_real_time,Northern India,ALL_INDIA,False,375996.5,IOCL Panipat Petrochemical Complex,oil_refinery,national_iocl_panipat_petroch,NON_INDUSTRIAL_RURAL,0.1,CLUSTER_120,0.017,1,58,False,30.899999999999977,,UNLABELED,UNVERIFIED,,,,,,19.38,LOW,NON_INDUSTRIAL_RURAL,ROUTINE_MONITORING_RECOMMENDED
334,31.79288,75.02636,335.72,302.62,2026-09-21,0822,3.36,nominal,0.6,D,N,VIIRS,near_real_time,Northern India,ALL_INDIA,False,320368.9,IOCL Panipat Petrochemical Complex,oil_refinery,national_iocl_panipat_petroch,NON_INDUSTRIAL_RURAL,0.1,CLUSTER_121,0.017,1,58,False,33.10000000000002,,UNLABELED,UNVERIFIED,,,,,,19.95,LOW,NON_INDUSTRIAL_RURAL,ROUTINE_MONITORING_RECOMMENDED
335,31.86499,75.11228,333.03,300.11,2026-09-21,0822,2.44,nominal,0.6,D,N,VIIRS,near_real_time,Northern India,ALL_INDIA,False,322501.0,IOCL Panipat Petrochemical Complex,oil_refinery,national_iocl_panipat_petroch,NON_INDUSTRIAL_RURAL,0.1,CLUSTER_122,0.017,1,58,False,32.91999999999996,,UNLABELED,UNVERIFIED,,,,,,19.37,LOW,NON_INDUSTRIAL_RURAL,ROUTINE_MONITORING_RECOMMENDED
336,31.87231,73.95262,345.17,302.02,2026-09-21,0822,6.31,nominal,0.6,D,N,VIIRS,near_real_time,Northern India,ALL_INDIA,False,393751.5,IOCL Panipat Petrochemical Complex,oil_refinery,national_iocl_panipat_petroch,NON_INDUSTRIAL_RURAL,0.1,CLUSTER_123,0.017,1,58,False,43.150000000000034,,UNLABELED,UNVERIFIED,,,,,,21.92,LOW,NON_INDUSTRIAL_RURAL,ROUTINE_MONITORING_RECOMMENDED
337,31.8985,73.63045,336.28,301.76,2026-09-21,0822,6.03,nominal,0.6,D,N,VIIRS,near_real_time,Northern India,ALL_INDIA,False,418362.4,IOCL Panipat Petrochemical Complex,oil_refinery,national_iocl_panipat_petroch,NON_INDUSTRIAL_RURAL,0.1,CLUSTER_124,0.034,2,58,False,34.51999999999998,,UNLABELED,UNVERIFIED,,,,,,23.79,LOW,NON_INDUSTRIAL_RURAL,ROUTINE_MONITORING_RECOMMENDED
338,31.89911,73.63448,333.69,303.02,2026-09-21,0822,9.12,nominal,0.6,D,N,VIIRS,near_real_time,Northern India,ALL_INDIA,False,418117.2,IOCL Panipat Petrochemical Complex,oil_refinery,national_iocl_panipat_petroch,NON_INDUSTRIAL_RURAL,0.1,CLUSTER_124,0.034,2,58,False,30.670000000000016,,UNLABELED,UNVERIFIED,,,,,,23.79,LOW,NON_INDUSTRIAL_RURAL,ROUTINE_MONITORING_RECOMMENDED
339,32.27169,75.38228,335.98,300.94,2026-09-21,0822,4.61,nominal,0.6,D,N,VIIRS,near_real_time,Northern India,ALL_INDIA,False,349776.1,IOCL Panipat Petrochemical Complex,oil_refinery,national_iocl_panipat_petroch,NON_INDUSTRIAL_RURAL,0.1,CLUSTER_125,0.017,1,58,False,35.04000000000002,,UNLABELED,UNVERIFIED,,,,,,20.29,LOW,NON_INDUSTRIAL_RURAL,ROUTINE_MONITORING_RECOMMENDED
340,32.90086,73.13861,331.02,304.17,2026-09-21,0822,2.64,nominal,0.6,D,N,VIIRS,near_real_time,Northern India,ALL_INDIA,False,528572.5,IOCL Panipat Petrochemical Complex,oil_refinery,national_iocl_panipat_petroch,NON_INDUSTRIAL_RURAL,0.1,CLUSTER_126,0.017,1,58,False,26.849999999999966,,UNLABELED,UNVERIFIED,,,,,,19.15,LOW,NON_INDUSTRIAL_RURAL,ROUTINE_MONITORING_RECOMMENDED
341,33.49573,70.35722,336.8,304.88,2026-09-21,0822,5.85,nominal,0.6,D,N,VIIRS,near_real_time,Northern India,ALL_INDIA,False,769763.6,IOCL Panipat Petrochemical Complex,oil_refinery,national_iocl_panipat_petroch,NON_INDUSTRIAL_RURAL,0.1,CLUSTER_127,0.017,1,58,False,31.920000000000016,,UNLABELED,UNVERIFIED,,,,,,21.87,LOW,NON_INDUSTRIAL_RURAL,ROUTINE_MONITORING_RECOMMENDED
342,33.49916,70.35637,345.66,301.55,2026-09-21,0822,5.85,nominal,0.6,D,N,VIIRS,near_real_time,Northern India,ALL_INDIA,False,770044.0,IOCL Panipat Petrochemical Complex,oil_refinery,national_iocl_panipat_petroch,NON_INDUSTRIAL_RURAL,0.1,CLUSTER_127,0.017,1,58,False,44.110000000000014,,UNLABELED,UNVERIFIED,,,,,,21.87,LOW,NON_INDUSTRIAL_RURAL,ROUTINE_MONITORING_RECOMMENDED
343,34.61545,69.71689,350.83,317.92,2026-09-21,0822,6.99,nominal,0.6,D,N,VIIRS,near_real_time,Northern India,ALL_INDIA,False,891253.7,IOCL Panipat Petrochemical Complex,oil_refinery,national_iocl_panipat_petroch,NON_INDUSTRIAL_RURAL,0.1,CLUSTER_128,0.017,1,58,False,32.90999999999997,,UNLABELED,UNVERIFIED,,,,,,22.82,LOW,NON_INDUSTRIAL_RURAL,ROUTINE_MONITORING_RECOMMENDED
344,35.43547,73.60424,330.43,301.33,2026-09-21,0822,4.68,low,0.2,D,N,VIIRS,near_real_time,Northern India,ALL_INDIA,False,737968.7,IOCL Panipat Petrochemical Complex,oil_refinery,national_iocl_panipat_petroch,NON_INDUSTRIAL_RURAL,0.1,CLUSTER_129,0.017,1,58,False,29.100000000000023,,UNLABELED,UNVERIFIED,,,,,,19.58,LOW,NON_INDUSTRIAL_RURAL,ROUTINE_MONITORING_RECOMMENDED
345,25.5442,91.23865,298.01,285.12,2026-09-21,1904,0.5,nominal,0.6,N,N,VIIRS,near_real_time,Eastern India,ALL_INDIA,False,503516.5,Haldia Petrochemicals Complex,chemical_petrochemical,national_haldia_petrochemical,NON_INDUSTRIAL_RURAL,0.1,CLUSTER_130,0.034,2,58,False,12.889999999999986,,UNLABELED,UNVERIFIED,,,,,,15.9,LOW,NON_INDUSTRIAL_RURAL,ROUTINE_MONITORING_RECOMMENDED
346,25.54457,91.23431,297.31,285.01,2026-09-21,1904,0.5,nominal,0.6,N,N,VIIRS,near_real_time,Eastern India,ALL_INDIA,False,503266.7,Haldia Petrochemicals Complex,chemical_petrochemical,national_haldia_petrochemical,NON_INDUSTRIAL_RURAL,0.1,CLUSTER_130,0.034,2,58,False,12.300000000000011,,UNLABELED,UNVERIFIED,,,,,,15.9,LOW,NON_INDUSTRIAL_RURAL,ROUTINE_MONITORING_RECOMMENDED
347,25.54515,91.23645,302.17,285.37,2026-09-21,1904,0.61,nominal,0.6,N,N,VIIRS,near_real_time,Eastern India,ALL_INDIA,False,503454.6,Haldia Petrochemicals Complex,chemical_petrochemical,national_haldia_petrochemical,NON_INDUSTRIAL_RURAL,0.1,CLUSTER_130,0.034,2,58,False,16.80000000000001,,UNLABELED,UNVERIFIED,,,,,,15.9,LOW,NON_INDUSTRIAL_RURAL,ROUTINE_MONITORING_RECOMMENDED
348,23.61509,86.79058,299.68,279.26,2026-09-21,1906,3.12,nominal,0.6,N,N,VIIRS,near_real_time,Jharkhand,EAST_MINERAL_BELT,False,110099.8,Tata Steel Jamshedpur Works,steel_and_heavy_industry,national_tata_steel_jamshedpu,NON_INDUSTRIAL_RURAL,0.1,CLUSTER_131,0.034,2,58,False,20.420000000000016,,UNLABELED,UNVERIFIED,,,,,,16.51,LOW,NON_INDUSTRIAL_RURAL,ROUTINE_MONITORING_RECOMMENDED
349,24.11254,86.86145,303.34,286.04,2026-09-21,1906,1.61,nominal,0.6,N,N,VIIRS,near_real_time,Jharkhand,EAST_MINERAL_BELT,False,162156.2,Tata Steel Jamshedpur Works,steel_and_heavy_industry,national_tata_steel_jamshedpu,NON_INDUSTRIAL_RURAL,0.1,CLUSTER_132,0.052,3,58,False,17.299999999999955,,UNLABELED,UNVERIFIED,,,,,,16.48,LOW,NON_INDUSTRIAL_RURAL,ROUTINE_MONITORING_RECOMMENDED
350,30.36275,77.82179,306.73,293.19,2026-09-21,2044,0.46,nominal,0.6,N,N,VIIRS,near_real_time,Northern India,ALL_INDIA,False,136420.6,IOCL Panipat Petrochemical Complex,oil_refinery,national_iocl_panipat_petroch,NON_INDUSTRIAL_RURAL,0.1,CLUSTER_133,0.017,1,58,False,13.54000000000002,,UNLABELED,UNVERIFIED,,,,,,15.86,LOW,NON_INDUSTRIAL_RURAL,ROUTINE_MONITORING_RECOMMENDED
351,31.25075,76.93011,305.54,290.97,2026-09-21,2044,0.33,nominal,0.6,N,N,VIIRS,near_real_time,Northern India,ALL_INDIA,False,204017.2,IOCL Panipat Petrochemical Complex,oil_refinery,national_iocl_panipat_petroch,NON_INDUSTRIAL_RURAL,0.1,CLUSTER_134,0.017,1,58,False,14.569999999999993,,UNLABELED,UNVERIFIED,,,,,,15.83,LOW,NON_INDUSTRIAL_RURAL,ROUTINE_MONITORING_RECOMMENDED
352,31.25871,76.92288,302.69,290.62,2026-09-21,2044,0.65,nominal,0.6,N,N,VIIRS,near_real_time,Northern India,ALL_INDIA,False,204900.2,IOCL Panipat Petrochemical Complex,oil_refinery,national_iocl_panipat_petroch,NON_INDUSTRIAL_RURAL,0.1,CLUSTER_135,0.069,4,58,False,12.069999999999993,,UNLABELED,UNVERIFIED,,,,,,16.1,LOW,NON_INDUSTRIAL_RURAL,ROUTINE_MONITORING_RECOMMENDED
353,32.29626,74.31674,307.2,295.75,2026-09-21,2044,2.67,nominal,0.6,N,N,VIIRS,near_real_time,Northern India,ALL_INDIA,False,405230.5,IOCL Panipat Petrochemical Complex,oil_refinery,national_iocl_panipat_petroch,NON_INDUSTRIAL_RURAL,0.1,CLUSTER_136,0.017,1,58,False,11.449999999999989,,UNLABELED,UNVERIFIED,,,,,,16.4,LOW,NON_INDUSTRIAL_RURAL,ROUTINE_MONITORING_RECOMMENDED
354,32.57526,72.56153,311.48,295.92,2026-09-21,2044,2.99,nominal,0.6,N,N,VIIRS,near_real_time,Northern India,ALL_INDIA,False,543783.0,IOCL Panipat Petrochemical Complex,oil_refinery,national_iocl_panipat_petroch,NON_INDUSTRIAL_RURAL,0.1,CLUSTER_137,0.069,4,58,False,15.560000000000002,,UNLABELED,UNVERIFIED,,,,,,16.68,LOW,NON_INDUSTRIAL_RURAL,ROUTINE_MONITORING_RECOMMENDED
355,32.71804,72.77415,308.33,294.11,2026-09-21,2044,1.16,nominal,0.6,N,N,VIIRS,near_real_time,Northern India,ALL_INDIA,False,538948.3,IOCL Panipat Petrochemical Complex,oil_refinery,national_iocl_panipat_petroch,NON_INDUSTRIAL_RURAL,0.1,CLUSTER_138,0.034,2,58,False,14.21999999999997,,UNLABELED,UNVERIFIED,,,,,,16.03,LOW,NON_INDUSTRIAL_RURAL,ROUTINE_MONITORING_RECOMMENDED
356,33.29485,71.18457,308.71,293.35,2026-09-21,2044,1.06,nominal,0.6,N,N,VIIRS,near_real_time,Northern India,ALL_INDIA,False,694312.8,IOCL Panipat Petrochemical Complex,oil_refinery,national_iocl_panipat_petroch,NON_INDUSTRIAL_RURAL,0.1,CLUSTER_139,0.052,3,58,False,15.359999999999957,,UNLABELED,UNVERIFIED,,,,,,17.08,LOW,NON_INDUSTRIAL_RURAL,ROUTINE_MONITORING_RECOMMENDED
357,33.69035,72.71108,309.12,294.07,2026-09-21,2044,1.44,nominal,0.6,N,N,VIIRS,near_real_time,Northern India,ALL_INDIA,False,620196.6,IOCL Panipat Petrochemical Complex,oil_refinery,national_iocl_panipat_petroch,NON_INDUSTRIAL_RURAL,0.1,CLUSTER_140,0.034,2,58,False,15.050000000000011,,UNLABELED,UNVERIFIED,,,,,,16.1,LOW,NON_INDUSTRIAL_RURAL,ROUTINE_MONITORING_RECOMMENDED
358,19.37137,71.35517,331.24,293.18,2026-09-21,2046,4.11,nominal,0.6,N,N,VIIRS,near_real_time,Western India,ALL_INDIA,False,149805.1,MIDC Tarapur Industrial Area,chemical_and_pharmaceutical,national_midc_tarapur_industr,NON_INDUSTRIAL_RURAL,0.1,CLUSTER_081,0.069,4,58,False,38.06,,UNLABELED,UNVERIFIED,,,,,,27.78,LOW,NON_INDUSTRIAL_RURAL,ROUTINE_MONITORING_RECOMMENDED
359,19.41661,71.38832,326.9,293.03,2026-09-21,2046,1.85,nominal,0.6,N,N,VIIRS,near_real_time,Western India,ALL_INDIA,False,144886.7,MIDC Tarapur Industrial Area,chemical_and_pharmaceutical,national_midc_tarapur_industr,NON_INDUSTRIAL_RURAL,0.1,CLUSTER_141,0.017,1,58,False,33.870000000000005,,UNLABELED,UNVERIFIED,,,,,,18.42,LOW,NON_INDUSTRIAL_RURAL,ROUTINE_MONITORING_RECOMMENDED
360,19.57418,71.36112,311.12,291.95,2026-09-21,2046,1.05,nominal,0.6,N,N,VIIRS,near_real_time,Western India,ALL_INDIA,False,136066.0,Unnamed Industrial Facility,general_industry,way/897110614,NON_INDUSTRIAL_RURAL,0.1,CLUSTER_142,0.017,1,58,False,19.170000000000016,,UNLABELED,UNVERIFIED,,,,,,16.15,LOW,NON_INDUSTRIAL_RURAL,ROUTINE_MONITORING_RECOMMENDED
361,19.93543,73.71117,321.03,289.3,2026-09-21,2046,1.26,nominal,0.6,N,N,VIIRS,near_real_time,Maharashtra,WEST_MAHARASHTRA,False,6933.0,Unnamed Industrial Facility,general_industry,way/1466134541,NON_INDUSTRIAL_RURAL,0.1,CLUSTER_143,0.034,2,58,False,31.72999999999996,,UNLABELED,UNVERIFIED,,,,,,17.62,LOW,NON_INDUSTRIAL_RURAL,ROUTINE_MONITORING_RECOMMENDED
362,19.93884,73.71175,304.68,289.45,2026-09-21,2046,1.26,nominal,0.6,N,N,VIIRS,near_real_time,Maharashtra,WEST_MAHARASHTRA,False,6549.4,Unnamed Industrial Facility,general_industry,way/1466134541,NON_INDUSTRIAL_RURAL,0.1,CLUSTER_143,0.034,2,58,False,15.230000000000018,,UNLABELED,UNVERIFIED,,,,,,17.62,LOW,NON_INDUSTRIAL_RURAL,ROUTINE_MONITORING_RECOMMENDED
363,21.32372,81.57734,302.94,289.24,2026-09-21,2046,1.3,nominal,0.6,N,N,VIIRS,near_real_time,Chhattisgarh,EAST_MINERAL_BELT,False,25318.7,SAIL Bhilai Steel Plant,steel_and_heavy_industry,national_sail_bhilai_steel_pl,NON_INDUSTRIAL_RURAL,0.1,CLUSTER_144,0.017,1,58,False,13.699999999999989,,UNLABELED,UNVERIFIED,,,,,,16.07,LOW,NON_INDUSTRIAL_RURAL,ROUTINE_MONITORING_RECOMMENDED
364,21.74252,83.84306,295.26,260.05,2026-09-21,2046,0.96,nominal,0.6,N,N,VIIRS,near_real_time,Odisha,EAST_MINERAL_BELT,False,117829.5,SAIL Rourkela Steel Plant,steel_and_heavy_industry,national_sail_rourkela_steel_,NON_INDUSTRIAL_RURAL,0.1,CLUSTER_145,0.069,4,58,False,35.20999999999998,,UNLABELED,UNVERIFIED,,,,,,20.45,LOW,NON_INDUSTRIAL_RURAL,ROUTINE_MONITORING_RECOMMENDED
365,21.74715,83.84424,305.54,259.53,2026-09-21,2046,2.23,nominal,0.6,N,N,VIIRS,near_real_time,Odisha,EAST_MINERAL_BELT,False,117489.0,SAIL Rourkela Steel Plant,steel_and_heavy_industry,national_sail_rourkela_steel_,NON_INDUSTRIAL_RURAL,0.1,CLUSTER_145,0.069,4,58,False,46.01000000000005,,UNLABELED,UNVERIFIED,,,,,,20.45,LOW,NON_INDUSTRIAL_RURAL,ROUTINE_MONITORING_RECOMMENDED
366,21.75751,83.84128,295.62,259.95,2026-09-21,2046,0.74,nominal,0.6,N,N,VIIRS,near_real_time,Odisha,EAST_MINERAL_BELT,False,117251.6,SAIL Rourkela Steel Plant,steel_and_heavy_industry,national_sail_rourkela_steel_,NON_INDUSTRIAL_RURAL,0.1,CLUSTER_145,0.069,4,58,False,35.670000000000016,,UNLABELED,UNVERIFIED,,,,,,20.45,LOW,NON_INDUSTRIAL_RURAL,ROUTINE_MONITORING_RECOMMENDED
367,21.76105,83.84766,297.46,258.58,2026-09-21,2046,0.74,nominal,0.6,N,N,VIIRS,near_real_time,Odisha,EAST_MINERAL_BELT,False,116486.8,SAIL Rourkela Steel Plant,steel_and_heavy_industry,national_sail_rourkela_steel_,NON_INDUSTRIAL_RURAL,0.1,CLUSTER_145,0.069,4,58,False,38.879999999999995,,UNLABELED,UNVERIFIED,,,,,,20.45,LOW,NON_INDUSTRIAL_RURAL,ROUTINE_MONITORING_RECOMMENDED
368,21.9202,83.35027,320.46,285.49,2026-09-21,2046,3.67,nominal,0.6,N,N,VIIRS,near_real_time,Odisha,EAST_MINERAL_BELT,False,159492.1,SAIL Rourkela Steel Plant,steel_and_heavy_industry,national_sail_rourkela_steel_,NON_INDUSTRIAL_RURAL,0.1,CLUSTER_146,0.086,5,58,False,34.96999999999997,,UNLABELED,UNVERIFIED,,,,,,20.16,LOW,NON_INDUSTRIAL_RURAL,ROUTINE_MONITORING_RECOMMENDED
369,21.92052,83.352,320.99,285.65,2026-09-21,2046,2.96,nominal,0.6,N,N,VIIRS,near_real_time,Odisha,EAST_MINERAL_BELT,False,159310.2,SAIL Rourkela Steel Plant,steel_and_heavy_industry,national_sail_rourkela_steel_,NON_INDUSTRIAL_RURAL,0.1,CLUSTER_146,0.086,5,58,False,35.34000000000003,,UNLABELED,UNVERIFIED,,,,,,20.16,LOW,NON_INDUSTRIAL_RURAL,ROUTINE_MONITORING_RECOMMENDED
370,21.92469,83.35132,307.69,284.73,2026-09-21,2046,2.03,nominal,0.6,N,N,VIIRS,near_real_time,Odisha,EAST_MINERAL_BELT,False,159280.6,SAIL Rourkela Steel Plant,steel_and_heavy_industry,national_sail_rourkela_steel_,NON_INDUSTRIAL_RURAL,0.1,CLUSTER_146,0.086,5,58,False,22.95999999999998,,UNLABELED,UNVERIFIED,,,,,,20.16,LOW,NON_INDUSTRIAL_RURAL,ROUTINE_MONITORING_RECOMMENDED
371,21.92501,83.35303,305.44,284.91,2026-09-21,2046,2.96,nominal,0.6,N,N,VIIRS,near_real_time,Odisha,EAST_MINERAL_BELT,False,159100.7,SAIL Rourkela Steel Plant,steel_and_heavy_industry,national_sail_rourkela_steel_,NON_INDUSTRIAL_RURAL,0.1,CLUSTER_146,0.086,5,58,False,20.529999999999973,,UNLABELED,UNVERIFIED,,,,,,20.16,LOW,NON_INDUSTRIAL_RURAL,ROUTINE_MONITORING_RECOMMENDED
372,21.9658,83.77306,304.11,283.95,2026-09-21,2046,1.68,nominal,0.6,N,N,VIIRS,near_real_time,Odisha,EAST_MINERAL_BELT,False,115879.6,SAIL Rourkela Steel Plant,steel_and_heavy_industry,national_sail_rourkela_steel_,NON_INDUSTRIAL_RURAL,0.1,CLUSTER_147,0.069,4,58,False,20.160000000000025,,UNLABELED,UNVERIFIED,,,,,,16.16,LOW,NON_INDUSTRIAL_RURAL,ROUTINE_MONITORING_RECOMMENDED
373,22.00558,82.67285,306.56,285.21,2026-09-21,2046,0.81,nominal,0.6,N,N,VIIRS,near_real_time,Chhattisgarh,EAST_MINERAL_BELT,False,161519.1,SAIL Bhilai Steel Plant,steel_and_heavy_industry,national_sail_bhilai_steel_pl,NON_INDUSTRIAL_RURAL,0.1,CLUSTER_148,0.052,3,58,False,21.350000000000023,,UNLABELED,UNVERIFIED,,,,,,16.87,LOW,NON_INDUSTRIAL_RURAL,ROUTINE_MONITORING_RECOMMENDED
374,22.01358,83.75202,302.97,285.23,2026-09-21,2046,1.04,nominal,0.6,N,N,VIIRS,near_real_time,Odisha,EAST_MINERAL_BELT,False,116811.7,SAIL Rourkela Steel Plant,steel_and_heavy_industry,national_sail_rourkela_steel_,NON_INDUSTRIAL_RURAL,0.1,CLUSTER_149,0.069,4,58,False,17.74000000000001,,UNLABELED,UNVERIFIED,,,,,,17.81,LOW,NON_INDUSTRIAL_RURAL,ROUTINE_MONITORING_RECOMMENDED
375,22.01817,83.75312,303.43,286.15,2026-09-21,2046,1.04,nominal,0.6,N,N,VIIRS,near_real_time,Odisha,EAST_MINERAL_BELT,False,116600.0,SAIL Rourkela Steel Plant,steel_and_heavy_industry,national_sail_rourkela_steel_,NON_INDUSTRIAL_RURAL,0.1,CLUSTER_149,0.069,4,58,False,17.28000000000003,,UNLABELED,UNVERIFIED,,,,,,17.81,LOW,NON_INDUSTRIAL_RURAL,ROUTINE_MONITORING_RECOMMENDED
376,22.03719,83.7308,303.75,286.95,2026-09-21,2046,1.32,nominal,0.6,N,N,VIIRS,near_real_time,Odisha,EAST_MINERAL_BELT,False,118471.0,SAIL Rourkela Steel Plant,steel_and_heavy_industry,national_sail_rourkela_steel_,NON_INDUSTRIAL_RURAL,0.1,CLUSTER_150,0.086,5,58,False,16.80000000000001,,UNLABELED,UNVERIFIED,,,,,,21.54,LOW,NON_INDUSTRIAL_RURAL,ROUTINE_MONITORING_RECOMMENDED
377,22.04176,83.73196,305.27,286.38,2026-09-21,2046,1.32,nominal,0.6,N,N,VIIRS,near_real_time,Odisha,EAST_MINERAL_BELT,False,118265.7,SAIL Rourkela Steel Plant,steel_and_heavy_industry,national_sail_rourkela_steel_,NON_INDUSTRIAL_RURAL,0.1,CLUSTER_150,0.086,5,58,False,18.889999999999986,,UNLABELED,UNVERIFIED,,,,,,21.54,LOW,NON_INDUSTRIAL_RURAL,ROUTINE_MONITORING_RECOMMENDED
378,22.04281,83.72684,304.69,286.66,2026-09-21,2046,1.32,nominal,0.6,N,N,VIIRS,near_real_time,Odisha,EAST_MINERAL_BELT,False,118766.0,SAIL Rourkela Steel Plant,steel_and_heavy_industry,national_sail_rourkela_steel_,NON_INDUSTRIAL_RURAL,0.1,CLUSTER_150,0.086,5,58,False,18.029999999999973,,UNLABELED,UNVERIFIED,,,,,,21.54,LOW,NON_INDUSTRIAL_RURAL,ROUTINE_MONITORING_RECOMMENDED
379,22.05151,88.1259,300.53,270.5,2026-09-21,2046,0.85,nominal,0.6,N,N,VIIRS,near_real_time,West Bengal,EAST_MINERAL_BELT,False,4115.6,Haldia Petrochemicals Complex,chemical_petrochemical,national_haldia_petrochemical,VICINITY_ZONE,0.4,CLUSTER_151,0.069,4,58,False,30.029999999999973,,UNLABELED,UNVERIFIED,,,,,,20.4,LOW,NON_INDUSTRIAL_RURAL,ROUTINE_MONITORING_RECOMMENDED
380,22.15497,82.09354,304.19,286.73,2026-09-21,2046,1.12,nominal,0.6,N,N,VIIRS,near_real_time,Chhattisgarh,EAST_MINERAL_BELT,False,130457.1,SAIL Bhilai Steel Plant,steel_and_heavy_industry,national_sail_bhilai_steel_pl,NON_INDUSTRIAL_RURAL,0.1,CLUSTER_152,0.034,2,58,False,17.45999999999998,,UNLABELED,UNVERIFIED,,,,,,16.02,LOW,NON_INDUSTRIAL_RURAL,ROUTINE_MONITORING_RECOMMENDED
381,22.32258,82.58869,317.23,287.66,2026-09-21,2046,2.56,nominal,0.6,N,N,VIIRS,near_real_time,Chhattisgarh,EAST_MINERAL_BELT,False,177465.8,SAIL Bhilai Steel Plant,steel_and_heavy_industry,national_sail_bhilai_steel_pl,NON_INDUSTRIAL_RURAL,0.1,CLUSTER_153,0.086,5,58,False,29.569999999999993,,UNLABELED,UNVERIFIED,,,,,,21.05,LOW,NON_INDUSTRIAL_RURAL,ROUTINE_MONITORING_RECOMMENDED
382,22.33271,82.60463,304.17,287.43,2026-09-21,2046,1.21,nominal,0.6,N,N,VIIRS,near_real_time,Chhattisgarh,EAST_MINERAL_BELT,False,179420.3,SAIL Bhilai Steel Plant,steel_and_heavy_industry,national_sail_bhilai_steel_pl,NON_INDUSTRIAL_RURAL,0.1,CLUSTER_154,0.052,3,58,False,16.74000000000001,,UNLABELED,UNVERIFIED,,,,,,18.77,LOW,NON_INDUSTRIAL_RURAL,ROUTINE_MONITORING_RECOMMENDED
383,22.35754,82.30553,303.12,286.55,2026-09-21,2046,2.21,nominal,0.6,N,N,VIIRS,near_real_time,Chhattisgarh,EAST_MINERAL_BELT,False,161457.2,SAIL Bhilai Steel Plant,steel_and_heavy_industry,national_sail_bhilai_steel_pl,NON_INDUSTRIAL_RURAL,0.1,CLUSTER_155,0.086,5,58,False,16.569999999999993,,UNLABELED,UNVERIFIED,,,,,,22.5,LOW,NON_INDUSTRIAL_RURAL,ROUTINE_MONITORING_RECOMMENDED
384,22.35834,82.30303,332.32,288.29,2026-09-21,2046,3.2,nominal,0.6,N,N,VIIRS,near_real_time,Chhattisgarh,EAST_MINERAL_BELT,False,161376.9,SAIL Bhilai Steel Plant,steel_and_heavy_industry,national_sail_bhilai_steel_pl,NON_INDUSTRIAL_RURAL,0.1,CLUSTER_155,0.086,5,58,False,44.02999999999997,,UNLABELED,UNVERIFIED,,,,,,22.5,LOW,NON_INDUSTRIAL_RURAL,ROUTINE_MONITORING_RECOMMENDED
385,22.35836,82.30141,329.85,287.87,2026-09-21,2046,2.21,nominal,0.6,N,N,VIIRS,near_real_time,Chhattisgarh,EAST_MINERAL_BELT,False,161280.4,SAIL Bhilai Steel Plant,steel_and_heavy_industry,national_sail_bhilai_steel_pl,NON_INDUSTRIAL_RURAL,0.1,CLUSTER_155,0.086,5,58,False,41.98000000000002,,UNLABELED,UNVERIFIED,,,,,,22.5,LOW,NON_INDUSTRIAL_RURAL,ROUTINE_MONITORING_RECOMMENDED
386,22.97714,72.56501,308.96,293.53,2026-09-21,2046,0.59,nominal,0.6,N,N,VIIRS,near_real_time,Gujarat,WEST_GUJARAT,False,29.0,Unnamed Industrial Facility,general_industry,way/730859587,NEARBY_INDUSTRIAL_BUFFER,0.8,CLUSTER_156,0.017,1,58,False,15.430000000000007,,UNLABELED,UNVERIFIED,,,,,,43.7,MODERATE,RECURRING_INTERMITTENT_HEAT,ANALYST_REVIEW_RECOMMENDED
387,23.16281,82.33857,304.69,285.81,2026-09-21,2046,1.79,nominal,0.6,N,N,VIIRS,near_real_time,Chhattisgarh,EAST_MINERAL_BELT,False,240905.4,SAIL Bhilai Steel Plant,steel_and_heavy_industry,national_sail_bhilai_steel_pl,NON_INDUSTRIAL_RURAL,0.1,CLUSTER_157,0.069,4,58,False,18.879999999999995,,UNLABELED,UNVERIFIED,,,,,,19.49,LOW,NON_INDUSTRIAL_RURAL,ROUTINE_MONITORING_RECOMMENDED
388,23.16364,82.33437,310.07,285.81,2026-09-21,2046,1.38,nominal,0.6,N,N,VIIRS,near_real_time,Chhattisgarh,EAST_MINERAL_BELT,False,240813.3,SAIL Bhilai Steel Plant,steel_and_heavy_industry,national_sail_bhilai_steel_pl,NON_INDUSTRIAL_RURAL,0.1,CLUSTER_157,0.069,4,58,False,24.25999999999999,,UNLABELED,UNVERIFIED,,,,,,19.49,LOW,NON_INDUSTRIAL_RURAL,ROUTINE_MONITORING_RECOMMENDED
389,23.16614,82.34349,322.52,286.2,2026-09-21,2046,1.79,nominal,0.6,N,N,VIIRS,near_real_time,Chhattisgarh,EAST_MINERAL_BELT,False,241450.0,SAIL Bhilai Steel Plant,steel_and_heavy_industry,national_sail_bhilai_steel_pl,NON_INDUSTRIAL_RURAL,0.1,CLUSTER_157,0.069,4,58,False,36.31999999999999,,UNLABELED,UNVERIFIED,,,,,,19.49,LOW,NON_INDUSTRIAL_RURAL,ROUTINE_MONITORING_RECOMMENDED
390,23.16695,82.33942,316.85,286.54,2026-09-21,2046,1.79,nominal,0.6,N,N,VIIRS,near_real_time,Chhattisgarh,EAST_MINERAL_BELT,False,241360.8,SAIL Bhilai Steel Plant,steel_and_heavy_industry,national_sail_bhilai_steel_pl,NON_INDUSTRIAL_RURAL,0.1,CLUSTER_157,0.069,4,58,False,30.310000000000002,,UNLABELED,UNVERIFIED,,,,,,19.49,LOW,NON_INDUSTRIAL_RURAL,ROUTINE_MONITORING_RECOMMENDED
391,23.56063,87.08394,296.59,259.19,2026-09-21,2046,1.56,nominal,0.6,N,N,VIIRS,near_real_time,West Bengal,EAST_MINERAL_BELT,False,124662.0,Tata Steel Jamshedpur Works,steel_and_heavy_industry,national_tata_steel_jamshedpu,NON_INDUSTRIAL_RURAL,0.1,CLUSTER_158,0.052,3,58,False,37.39999999999998,,UNLABELED,UNVERIFIED,,,,,,16.77,LOW,NON_INDUSTRIAL_RURAL,ROUTINE_MONITORING_RECOMMENDED
392,23.63192,86.29471,304.19,274.4,2026-09-21,2046,0.86,nominal,0.6,N,N,VIIRS,near_real_time,Jharkhand,EAST_MINERAL_BELT,False,94555.7,Tata Steel Jamshedpur Works,steel_and_heavy_industry,national_tata_steel_jamshedpu,NON_INDUSTRIAL_RURAL,0.1,CLUSTER_159,0.017,1,58,False,29.79000000000002,,UNLABELED,UNVERIFIED,,,,,,15.97,LOW,NON_INDUSTRIAL_RURAL,ROUTINE_MONITORING_RECOMMENDED
393,23.6327,86.29122,304.04,273.96,2026-09-21,2046,0.88,nominal,0.6,N,N,VIIRS,near_real_time,Jharkhand,EAST_MINERAL_BELT,False,94606.4,Tata Steel Jamshedpur Works,steel_and_heavy_industry,national_tata_steel_jamshedpu,NON_INDUSTRIAL_RURAL,0.1,CLUSTER_159,0.017,1,58,False,30.08000000000004,,UNLABELED,UNVERIFIED,,,,,,15.97,LOW,NON_INDUSTRIAL_RURAL,ROUTINE_MONITORING_RECOMMENDED
394,23.65097,85.43726,303.01,286.92,2026-09-21,2046,1.01,nominal,0.6,N,N,VIIRS,near_real_time,Jharkhand,EAST_MINERAL_BELT,False,123670.5,Tata Steel Jamshedpur Works,steel_and_heavy_industry,national_tata_steel_jamshedpu,NON_INDUSTRIAL_RURAL,0.1,CLUSTER_160,0.069,4,58,False,16.089999999999975,,UNLABELED,UNVERIFIED,,,,,,20.18,LOW,NON_INDUSTRIAL_RURAL,ROUTINE_MONITORING_RECOMMENDED
395,23.65641,85.50858,311.05,286.71,2026-09-21,2046,1.62,nominal,0.6,N,N,VIIRS,near_real_time,Jharkhand,EAST_MINERAL_BELT,False,119723.8,Tata Steel Jamshedpur Works,steel_and_heavy_industry,national_tata_steel_jamshedpu,NON_INDUSTRIAL_RURAL,0.1,CLUSTER_161,0.052,3,58,False,24.340000000000032,,UNLABELED,UNVERIFIED,,,,,,16.3,LOW,NON_INDUSTRIAL_RURAL,ROUTINE_MONITORING_RECOMMENDED
396,23.66631,86.09352,303.78,286.25,2026-09-21,2046,0.69,nominal,0.6,N,N,VIIRS,near_real_time,Jharkhand,EAST_MINERAL_BELT,False,98485.4,Tata Steel Jamshedpur Works,steel_and_heavy_industry,national_tata_steel_jamshedpu,NON_INDUSTRIAL_RURAL,0.1,CLUSTER_162,0.069,4,58,False,17.529999999999973,,UNLABELED,UNVERIFIED,,,,,,22.79,LOW,NON_INDUSTRIAL_RURAL,ROUTINE_MONITORING_RECOMMENDED
397,23.66867,86.9376,306.77,272.15,2026-09-21,2046,1.82,nominal,0.6,N,N,VIIRS,near_real_time,Jharkhand,EAST_MINERAL_BELT,False,123631.9,Tata Steel Jamshedpur Works,steel_and_heavy_industry,national_tata_steel_jamshedpu,NON_INDUSTRIAL_RURAL,0.1,CLUSTER_163,0.069,4,58,False,34.620000000000005,,UNLABELED,UNVERIFIED,,,,,,20.49,LOW,NON_INDUSTRIAL_RURAL,ROUTINE_MONITORING_RECOMMENDED
398,23.66994,86.93687,312.54,275.08,2026-09-21,2046,1.3,nominal,0.6,N,N,VIIRS,near_real_time,Jharkhand,EAST_MINERAL_BELT,False,123698.8,Tata Steel Jamshedpur Works,steel_and_heavy_industry,national_tata_steel_jamshedpu,NON_INDUSTRIAL_RURAL,0.1,CLUSTER_163,0.069,4,58,False,37.460000000000036,,UNLABELED,UNVERIFIED,,,,,,20.49,LOW,NON_INDUSTRIAL_RURAL,ROUTINE_MONITORING_RECOMMENDED
399,23.67349,86.39754,300.15,276.37,2026-09-21,2046,0.43,nominal,0.6,N,N,VIIRS,near_real_time,Jharkhand,EAST_MINERAL_BELT,False,100716.1,Tata Steel Jamshedpur Works,steel_and_heavy_industry,national_tata_steel_jamshedpu,NON_INDUSTRIAL_RURAL,0.1,CLUSTER_164,0.052,3,58,False,23.779999999999973,,UNLABELED,UNVERIFIED,,,,,,18.48,LOW,NON_INDUSTRIAL_RURAL,ROUTINE_MONITORING_RECOMMENDED
400,23.67467,86.39892,303.05,276.31,2026-09-21,2046,0.98,nominal,0.6,N,N,VIIRS,near_real_time,Jharkhand,EAST_MINERAL_BELT,False,100872.8,Tata Steel Jamshedpur Works,steel_and_heavy_industry,national_tata_steel_jamshedpu,NON_INDUSTRIAL_RURAL,0.1,CLUSTER_164,0.052,3,58,False,26.74000000000001,,UNLABELED,UNVERIFIED,,,,,,18.48,LOW,NON_INDUSTRIAL_RURAL,ROUTINE_MONITORING_RECOMMENDED
401,23.67545,86.3954,302.11,276.35,2026-09-21,2046,0.98,nominal,0.6,N,N,VIIRS,near_real_time,Jharkhand,EAST_MINERAL_BELT,False,100886.4,Tata Steel Jamshedpur Works,steel_and_heavy_industry,national_tata_steel_jamshedpu,NON_INDUSTRIAL_RURAL,0.1,CLUSTER_164,0.052,3,58,False,25.75999999999999,,UNLABELED,UNVERIFIED,,,,,,18.48,LOW,NON_INDUSTRIAL_RURAL,ROUTINE_MONITORING_RECOMMENDED
402,23.67622,86.39191,303.42,276.37,2026-09-21,2046,1.13,nominal,0.6,N,N,VIIRS,near_real_time,Jharkhand,EAST_MINERAL_BELT,False,100900.9,Tata Steel Jamshedpur Works,steel_and_heavy_industry,national_tata_steel_jamshedpu,NON_INDUSTRIAL_RURAL,0.1,CLUSTER_164,0.052,3,58,False,27.05000000000001,,UNLABELED,UNVERIFIED,,,,,,18.48,LOW,NON_INDUSTRIAL_RURAL,ROUTINE_MONITORING_RECOMMENDED
403,23.67668,86.07144,303.78,286.95,2026-09-21,2046,0.34,nominal,0.6,N,N,VIIRS,near_real_time,Jharkhand,EAST_MINERAL_BELT,False,99901.7,Tata Steel Jamshedpur Works,steel_and_heavy_industry,national_tata_steel_jamshedpu,NON_INDUSTRIAL_RURAL,0.1,CLUSTER_165,0.017,1,58,False,16.829999999999984,,UNLABELED,UNVERIFIED,,,,,,15.83,LOW,NON_INDUSTRIAL_RURAL,ROUTINE_MONITORING_RECOMMENDED
404,23.67792,86.40232,302.91,277.94,2026-09-21,2046,0.62,nominal,0.6,N,N,VIIRS,near_real_time,Jharkhand,EAST_MINERAL_BELT,False,101296.8,Tata Steel Jamshedpur Works,steel_and_heavy_industry,national_tata_steel_jamshedpu,NON_INDUSTRIAL_RURAL,0.1,CLUSTER_164,0.052,3,58,False,24.970000000000027,,UNLABELED,UNVERIFIED,,,,,,18.48,LOW,NON_INDUSTRIAL_RURAL,ROUTINE_MONITORING_RECOMMENDED
405,23.67873,86.39877,306.16,278.16,2026-09-21,2046,0.91,nominal,0.6,N,N,VIIRS,near_real_time,Jharkhand,EAST_MINERAL_BELT,False,101312.1,Tata Steel Jamshedpur Works,steel_and_heavy_industry,national_tata_steel_jamshedpu,NON_INDUSTRIAL_RURAL,0.1,CLUSTER_164,0.052,3,58,False,28.0,,UNLABELED,UNVERIFIED,,,,,,18.48,LOW,NON_INDUSTRIAL_RURAL,ROUTINE_MONITORING_RECOMMENDED
406,23.67877,86.08624,312.26,287.2,2026-09-21,2046,1.92,nominal,0.6,N,N,VIIRS,near_real_time,Jharkhand,EAST_MINERAL_BELT,False,99945.9,Tata Steel Jamshedpur Works,steel_and_heavy_industry,national_tata_steel_jamshedpu,NON_INDUSTRIAL_RURAL,0.1,CLUSTER_162,0.069,4,58,False,25.060000000000002,,UNLABELED,UNVERIFIED,,,,,,22.79,LOW,NON_INDUSTRIAL_RURAL,ROUTINE_MONITORING_RECOMMENDED
407,23.67953,86.39527,308.35,277.73,2026-09-21,2046,0.91,nominal,0.6,N,N,VIIRS,near_real_time,Jharkhand,EAST_MINERAL_BELT,False,101328.6,Tata Steel Jamshedpur Works,steel_and_heavy_industry,national_tata_steel_jamshedpu,NON_INDUSTRIAL_RURAL,0.1,CLUSTER_164,0.052,3,58,False,30.620000000000005,,UNLABELED,UNVERIFIED,,,,,,18.48,LOW,NON_INDUSTRIAL_RURAL,ROUTINE_MONITORING_RECOMMENDED
408,23.6799,86.40021,302.12,277.23,2026-09-21,2046,1.18,nominal,0.6,N,N,VIIRS,near_real_time,Jharkhand,EAST_MINERAL_BELT,False,101468.9,Tata Steel Jamshedpur Works,steel_and_heavy_industry,national_tata_steel_jamshedpu,NON_INDUSTRIAL_RURAL,0.1,CLUSTER_164,0.052,3,58,False,24.889999999999986,,UNLABELED,UNVERIFIED,,,,,,18.48,LOW,NON_INDUSTRIAL_RURAL,ROUTINE_MONITORING_RECOMMENDED
409,23.68032,86.39185,302.49,278.27,2026-09-21,2046,1.55,nominal,0.6,N,N,VIIRS,near_real_time,Jharkhand,EAST_MINERAL_BELT,False,101347.0,Tata Steel Jamshedpur Works,steel_and_heavy_industry,national_tata_steel_jamshedpu,NON_INDUSTRIAL_RURAL,0.1,CLUSTER_164,0.052,3,58,False,24.220000000000027,,UNLABELED,UNVERIFIED,,,,,,18.48,LOW,NON_INDUSTRIAL_RURAL,ROUTINE_MONITORING_RECOMMENDED
410,23.68069,86.39666,305.16,277.37,2026-09-21,2046,1.18,nominal,0.6,N,N,VIIRS,near_real_time,Jharkhand,EAST_MINERAL_BELT,False,101482.9,Tata Steel Jamshedpur Works,steel_and_heavy_industry,national_tata_steel_jamshedpu,NON_INDUSTRIAL_RURAL,0.1,CLUSTER_164,0.052,3,58,False,27.79000000000002,,UNLABELED,UNVERIFIED,,,,,,18.48,LOW,NON_INDUSTRIAL_RURAL,ROUTINE_MONITORING_RECOMMENDED
411,23.68145,86.3932,307.53,277.69,2026-09-21,2046,1.78,nominal,0.6,N,N,VIIRS,near_real_time,Jharkhand,EAST_MINERAL_BELT,False,101496.9,Tata Steel Jamshedpur Works,steel_and_heavy_industry,national_tata_steel_jamshedpu,NON_INDUSTRIAL_RURAL,0.1,CLUSTER_164,0.052,3,58,False,29.839999999999975,,UNLABELED,UNVERIFIED,,,,,,18.48,LOW,NON_INDUSTRIAL_RURAL,ROUTINE_MONITORING_RECOMMENDED
412,23.68237,86.09437,306.12,286.9,2026-09-21,2046,1.3,nominal,0.6,N,N,VIIRS,near_real_time,Jharkhand,EAST_MINERAL_BELT,False,100251.2,Tata Steel Jamshedpur Works,steel_and_heavy_industry,national_tata_steel_jamshedpu,NON_INDUSTRIAL_RURAL,0.1,CLUSTER_162,0.069,4,58,False,19.220000000000027,,UNLABELED,UNVERIFIED,,,,,,22.79,LOW,NON_INDUSTRIAL_RURAL,ROUTINE_MONITORING_RECOMMENDED
413,23.68476,86.39655,304.04,279.89,2026-09-21,2046,0.91,nominal,0.6,N,N,VIIRS,near_real_time,Jharkhand,EAST_MINERAL_BELT,False,101924.4,Tata Steel Jamshedpur Works,steel_and_heavy_industry,national_tata_steel_jamshedpu,NON_INDUSTRIAL_RURAL,0.1,CLUSTER_164,0.052,3,58,False,24.150000000000034,,UNLABELED,UNVERIFIED,,,,,,18.48,LOW,NON_INDUSTRIAL_RURAL,ROUTINE_MONITORING_RECOMMENDED
414,23.68555,86.39312,315.26,280.54,2026-09-21,2046,1.55,nominal,0.6,N,N,VIIRS,near_real_time,Jharkhand,EAST_MINERAL_BELT,False,101942.6,Tata Steel Jamshedpur Works,steel_and_heavy_industry,national_tata_steel_jamshedpu,NON_INDUSTRIAL_RURAL,0.1,CLUSTER_164,0.052,3,58,False,34.71999999999997,,UNLABELED,UNVERIFIED,,,,,,18.48,LOW,NON_INDUSTRIAL_RURAL,ROUTINE_MONITORING_RECOMMENDED
415,23.68668,86.39449,309.77,279.93,2026-09-21,2046,1.78,nominal,0.6,N,N,VIIRS,near_real_time,Jharkhand,EAST_MINERAL_BELT,False,102092.8,Tata Steel Jamshedpur Works,steel_and_heavy_industry,national_tata_steel_jamshedpu,NON_INDUSTRIAL_RURAL,0.1,CLUSTER_164,0.052,3,58,False,29.839999999999975,,UNLABELED,UNVERIFIED,,,,,,18.48,LOW,NON_INDUSTRIAL_RURAL,ROUTINE_MONITORING_RECOMMENDED
416,23.69617,85.37157,313.54,287.72,2026-09-21,2046,3.0,nominal,0.6,N,N,VIIRS,near_real_time,Jharkhand,EAST_MINERAL_BELT,False,131802.2,Tata Steel Jamshedpur Works,steel_and_heavy_industry,national_tata_steel_jamshedpu,NON_INDUSTRIAL_RURAL,0.1,CLUSTER_166,0.052,3,58,False,25.819999999999993,,UNLABELED,UNVERIFIED,,,,,,17.21,LOW,NON_INDUSTRIAL_RURAL,ROUTINE_MONITORING_RECOMMENDED
417,23.69627,85.37206,313.58,287.97,2026-09-21,2046,2.37,nominal,0.6,N,N,VIIRS,near_real_time,Jharkhand,EAST_MINERAL_BELT,False,131778.7,Tata Steel Jamshedpur Works,steel_and_heavy_industry,national_tata_steel_jamshedpu,NON_INDUSTRIAL_RURAL,0.1,CLUSTER_166,0.052,3,58,False,25.609999999999957,,UNLABELED,UNVERIFIED,,,,,,17.21,LOW,NON_INDUSTRIAL_RURAL,ROUTINE_MONITORING_RECOMMENDED
418,23.69706,86.07708,309.0,286.87,2026-09-21,2046,0.96,nominal,0.6,N,N,VIIRS,near_real_time,Jharkhand,EAST_MINERAL_BELT,False,102076.5,Tata Steel Jamshedpur Works,steel_and_heavy_industry,national_tata_steel_jamshedpu,NON_INDUSTRIAL_RURAL,0.1,CLUSTER_167,0.017,1,58,False,22.129999999999995,,UNLABELED,UNVERIFIED,,,,,,16.29,LOW,NON_INDUSTRIAL_RURAL,ROUTINE_MONITORING_RECOMMENDED
419,23.69781,86.07372,312.26,286.72,2026-09-21,2046,0.96,nominal,0.6,N,N,VIIRS,near_real_time,Jharkhand,EAST_MINERAL_BELT,False,102201.9,Tata Steel Jamshedpur Works,steel_and_heavy_industry,national_tata_steel_jamshedpu,NON_INDUSTRIAL_RURAL,0.1,CLUSTER_167,0.017,1,58,False,25.539999999999964,,UNLABELED,UNVERIFIED,,,,,,16.29,LOW,NON_INDUSTRIAL_RURAL,ROUTINE_MONITORING_RECOMMENDED
420,23.71093,86.45173,304.08,281.08,2026-09-21,2046,1.3,nominal,0.6,N,N,VIIRS,near_real_time,Jharkhand,EAST_MINERAL_BELT,False,105999.1,Tata Steel Jamshedpur Works,steel_and_heavy_industry,national_tata_steel_jamshedpu,NON_INDUSTRIAL_RURAL,0.1,CLUSTER_168,0.052,3,58,False,23.0,,UNLABELED,UNVERIFIED,,,,,,18.07,LOW,NON_INDUSTRIAL_RURAL,ROUTINE_MONITORING_RECOMMENDED
421,23.71172,86.44823,314.62,281.4,2026-09-21,2046,1.3,nominal,0.6,N,N,VIIRS,near_real_time,Jharkhand,EAST_MINERAL_BELT,False,105998.8,Tata Steel Jamshedpur Works,steel_and_heavy_industry,national_tata_steel_jamshedpu,NON_INDUSTRIAL_RURAL,0.1,CLUSTER_168,0.052,3,58,False,33.22000000000003,,UNLABELED,UNVERIFIED,,,,,,18.07,LOW,NON_INDUSTRIAL_RURAL,ROUTINE_MONITORING_RECOMMENDED
422,23.73657,86.43615,308.89,284.9,2026-09-21,2046,1.98,nominal,0.6,N,N,VIIRS,near_real_time,Jharkhand,EAST_MINERAL_BELT,False,108402.5,Tata Steel Jamshedpur Works,steel_and_heavy_industry,national_tata_steel_jamshedpu,NON_INDUSTRIAL_RURAL,0.1,CLUSTER_169,0.069,4,58,False,23.99000000000001,,UNLABELED,UNVERIFIED,,,,,,21.16,LOW,NON_INDUSTRIAL_RURAL,ROUTINE_MONITORING_RECOMMENDED
423,23.73737,86.43261,324.22,284.89,2026-09-21,2046,1.98,nominal,0.6,N,N,VIIRS,near_real_time,Jharkhand,EAST_MINERAL_BELT,False,108409.8,Tata Steel Jamshedpur Works,steel_and_heavy_industry,national_tata_steel_jamshedpu,NON_INDUSTRIAL_RURAL,0.1,CLUSTER_169,0.069,4,58,False,39.33000000000004,,UNLABELED,UNVERIFIED,,,,,,21.16,LOW,NON_INDUSTRIAL_RURAL,ROUTINE_MONITORING_RECOMMENDED
424,23.75487,86.40376,308.02,285.18,2026-09-21,2046,1.15,nominal,0.6,N,N,VIIRS,near_real_time,Jharkhand,EAST_MINERAL_BELT,False,109715.5,Tata Steel Jamshedpur Works,steel_and_heavy_industry,national_tata_steel_jamshedpu,NON_INDUSTRIAL_RURAL,0.1,CLUSTER_170,0.069,4,58,False,22.839999999999975,,UNLABELED,UNVERIFIED,,,,,,20.81,LOW,NON_INDUSTRIAL_RURAL,ROUTINE_MONITORING_RECOMMENDED
425,23.75688,85.85571,306.67,288.25,2026-09-21,2046,1.02,nominal,0.6,N,N,VIIRS,near_real_time,Jharkhand,EAST_MINERAL_BELT,False,113513.1,Tata Steel Jamshedpur Works,steel_and_heavy_industry,national_tata_steel_jamshedpu,NON_INDUSTRIAL_RURAL,0.1,CLUSTER_171,0.052,3,58,False,18.420000000000016,,UNLABELED,UNVERIFIED,,,,,,16.92,LOW,NON_INDUSTRIAL_RURAL,ROUTINE_MONITORING_RECOMMENDED
426,23.75758,85.85251,311.56,287.87,2026-09-21,2046,1.02,nominal,0.6,N,N,VIIRS,near_real_time,Jharkhand,EAST_MINERAL_BELT,False,113688.2,Tata Steel Jamshedpur Works,steel_and_heavy_industry,national_tata_steel_jamshedpu,NON_INDUSTRIAL_RURAL,0.1,CLUSTER_171,0.052,3,58,False,23.689999999999998,,UNLABELED,UNVERIFIED,,,,,,16.92,LOW,NON_INDUSTRIAL_RURAL,ROUTINE_MONITORING_RECOMMENDED
427,23.7601,86.40505,312.42,285.64,2026-09-21,2046,1.15,nominal,0.6,N,N,VIIRS,near_real_time,Jharkhand,EAST_MINERAL_BELT,False,110311.4,Tata Steel Jamshedpur Works,steel_and_heavy_industry,national_tata_steel_jamshedpu,NON_INDUSTRIAL_RURAL,0.1,CLUSTER_170,0.069,4,58,False,26.78000000000003,,UNLABELED,UNVERIFIED,,,,,,20.81,LOW,NON_INDUSTRIAL_RURAL,ROUTINE_MONITORING_RECOMMENDED
428,23.76086,86.40163,316.56,285.36,2026-09-21,2046,1.15,nominal,0.6,N,N,VIIRS,near_real_time,Jharkhand,EAST_MINERAL_BELT,False,110329.0,Tata Steel Jamshedpur Works,steel_and_heavy_industry,national_tata_steel_jamshedpu,NON_INDUSTRIAL_RURAL,0.1,CLUSTER_170,0.069,4,58,False,31.19999999999999,,UNLABELED,UNVERIFIED,,,,,,20.81,LOW,NON_INDUSTRIAL_RURAL,ROUTINE_MONITORING_RECOMMENDED
429,23.76607,86.40302,306.15,284.52,2026-09-21,2046,0.78,nominal,0.6,N,N,VIIRS,near_real_time,Jharkhand,EAST_MINERAL_BELT,False,110924.6,Tata Steel Jamshedpur Works,steel_and_heavy_industry,national_tata_steel_jamshedpu,NON_INDUSTRIAL_RURAL,0.1,CLUSTER_170,0.069,4,58,False,21.629999999999995,,UNLABELED,UNVERIFIED,,,,,,20.81,LOW,NON_INDUSTRIAL_RURAL,ROUTINE_MONITORING_RECOMMENDED
430,23.76761,86.39608,304.44,285.48,2026-09-21,2046,1.29,nominal,0.6,N,N,VIIRS,near_real_time,Jharkhand,EAST_MINERAL_BELT,False,110963.4,Tata Steel Jamshedpur Works,steel_and_heavy_industry,national_tata_steel_jamshedpu,NON_INDUSTRIAL_RURAL,0.1,CLUSTER_170,0.069,4,58,False,18.95999999999998,,UNLABELED,UNVERIFIED,,,,,,20.81,LOW,NON_INDUSTRIAL_RURAL,ROUTINE_MONITORING_RECOMMENDED
431,23.77361,85.9988,305.42,287.42,2026-09-21,2046,0.95,nominal,0.6,N,N,VIIRS,near_real_time,Jharkhand,EAST_MINERAL_BELT,False,111714.2,Tata Steel Jamshedpur Works,steel_and_heavy_industry,national_tata_steel_jamshedpu,NON_INDUSTRIAL_RURAL,0.1,CLUSTER_172,0.017,1,58,False,18.0,,UNLABELED,UNVERIFIED,,,,,,16.01,LOW,NON_INDUSTRIAL_RURAL,ROUTINE_MONITORING_RECOMMENDED
432,23.77381,86.19691,313.29,288.23,2026-09-21,2046,1.29,nominal,0.6,N,N,VIIRS,near_real_time,Jharkhand,EAST_MINERAL_BELT,False,109839.9,Tata Steel Jamshedpur Works,steel_and_heavy_industry,national_tata_steel_jamshedpu,NON_INDUSTRIAL_RURAL,0.1,CLUSTER_173,0.052,3,58,False,25.060000000000002,,UNLABELED,UNVERIFIED,,,,,,19.32,LOW,NON_INDUSTRIAL_RURAL,ROUTINE_MONITORING_RECOMMENDED
433,23.77457,86.19354,308.85,288.44,2026-09-21,2046,1.29,nominal,0.6,N,N,VIIRS,near_real_time,Jharkhand,EAST_MINERAL_BELT,False,109925.9,Tata Steel Jamshedpur Works,steel_and_heavy_industry,national_tata_steel_jamshedpu,NON_INDUSTRIAL_RURAL,0.1,CLUSTER_173,0.052,3,58,False,20.410000000000025,,UNLABELED,UNVERIFIED,,,,,,19.32,LOW,NON_INDUSTRIAL_RURAL,ROUTINE_MONITORING_RECOMMENDED
434,23.77461,86.36465,310.09,286.64,2026-09-21,2046,0.98,nominal,0.6,N,N,VIIRS,near_real_time,Jharkhand,EAST_MINERAL_BELT,False,111202.0,Tata Steel Jamshedpur Works,steel_and_heavy_industry,national_tata_steel_jamshedpu,NON_INDUSTRIAL_RURAL,0.1,CLUSTER_174,0.069,4,58,False,23.44999999999999,,UNLABELED,UNVERIFIED,,,,,,19.97,LOW,NON_INDUSTRIAL_RURAL,ROUTINE_MONITORING_RECOMMENDED
435,23.77516,85.99851,303.82,287.89,2026-09-21,2046,1.04,nominal,0.6,N,N,VIIRS,near_real_time,Jharkhand,EAST_MINERAL_BELT,False,111889.1,Tata Steel Jamshedpur Works,steel_and_heavy_industry,national_tata_steel_jamshedpu,NON_INDUSTRIAL_RURAL,0.1,CLUSTER_172,0.017,1,58,False,15.930000000000007,,UNLABELED,UNVERIFIED,,,,,,16.01,LOW,NON_INDUSTRIAL_RURAL,ROUTINE_MONITORING_RECOMMENDED
436,23.77538,86.36122,306.19,286.22,2026-09-21,2046,0.98,nominal,0.6,N,N,VIIRS,near_real_time,Jharkhand,EAST_MINERAL_BELT,False,111234.6,Tata Steel Jamshedpur Works,steel_and_heavy_industry,national_tata_steel_jamshedpu,NON_INDUSTRIAL_RURAL,0.1,CLUSTER_174,0.069,4,58,False,19.96999999999997,,UNLABELED,UNVERIFIED,,,,,,19.97,LOW,NON_INDUSTRIAL_RURAL,ROUTINE_MONITORING_RECOMMENDED
437,23.77592,86.21179,305.48,287.93,2026-09-21,2046,1.54,nominal,0.6,N,N,VIIRS,near_real_time,Jharkhand,EAST_MINERAL_BELT,False,110080.7,Tata Steel Jamshedpur Works,steel_and_heavy_industry,national_tata_steel_jamshedpu,NON_INDUSTRIAL_RURAL,0.1,CLUSTER_175,0.086,5,58,False,17.55000000000001,,UNLABELED,UNVERIFIED,,,,,,22.38,LOW,NON_INDUSTRIAL_RURAL,ROUTINE_MONITORING_RECOMMENDED
438,23.77668,86.2084,307.46,288.05,2026-09-21,2046,1.54,nominal,0.6,N,N,VIIRS,near_real_time,Jharkhand,EAST_MINERAL_BELT,False,110161.9,Tata Steel Jamshedpur Works,steel_and_heavy_industry,national_tata_steel_jamshedpu,NON_INDUSTRIAL_RURAL,0.1,CLUSTER_175,0.086,5,58,False,19.409999999999968,,UNLABELED,UNVERIFIED,,,,,,22.38,LOW,NON_INDUSTRIAL_RURAL,ROUTINE_MONITORING_RECOMMENDED
439,23.77846,86.34739,306.75,286.33,2026-09-21,2046,1.01,nominal,0.6,N,N,VIIRS,near_real_time,Jharkhand,EAST_MINERAL_BELT,False,111373.7,Tata Steel Jamshedpur Works,steel_and_heavy_industry,national_tata_steel_jamshedpu,NON_INDUSTRIAL_RURAL,0.1,CLUSTER_176,0.052,3,58,False,20.420000000000016,,UNLABELED,UNVERIFIED,,,,,,16.72,LOW,NON_INDUSTRIAL_RURAL,ROUTINE_MONITORING_RECOMMENDED
440,23.77934,86.14801,302.93,287.31,2026-09-21,2046,0.36,nominal,0.6,N,N,VIIRS,near_real_time,Jharkhand,EAST_MINERAL_BELT,False,110582.3,Tata Steel Jamshedpur Works,steel_and_heavy_industry,national_tata_steel_jamshedpu,NON_INDUSTRIAL_RURAL,0.1,CLUSTER_177,0.017,1,58,False,15.620000000000005,,UNLABELED,UNVERIFIED,,,,,,15.84,LOW,NON_INDUSTRIAL_RURAL,ROUTINE_MONITORING_RECOMMENDED
441,23.77999,86.38766,304.3,286.57,2026-09-21,2046,0.78,nominal,0.6,N,N,VIIRS,near_real_time,Jharkhand,EAST_MINERAL_BELT,False,112168.6,Tata Steel Jamshedpur Works,steel_and_heavy_industry,national_tata_steel_jamshedpu,NON_INDUSTRIAL_RURAL,0.1,CLUSTER_178,0.069,4,58,False,17.730000000000018,,UNLABELED,UNVERIFIED,,,,,,20.93,LOW,NON_INDUSTRIAL_RURAL,ROUTINE_MONITORING_RECOMMENDED
442,23.7817,85.57599,305.46,288.45,2026-09-21,2046,1.1,nominal,0.6,N,N,VIIRS,near_real_time,Jharkhand,EAST_MINERAL_BELT,False,127679.1,Tata Steel Jamshedpur Works,steel_and_heavy_industry,national_tata_steel_jamshedpu,NON_INDUSTRIAL_RURAL,0.1,CLUSTER_179,0.052,3,58,False,17.00999999999999,,UNLABELED,UNVERIFIED,,,,,,16.2,LOW,NON_INDUSTRIAL_RURAL,ROUTINE_MONITORING_RECOMMENDED
443,23.78185,86.20965,333.78,289.23,2026-09-21,2046,1.54,nominal,0.6,N,N,VIIRS,near_real_time,Jharkhand,EAST_MINERAL_BELT,False,110737.9,Tata Steel Jamshedpur Works,steel_and_heavy_industry,national_tata_steel_jamshedpu,NON_INDUSTRIAL_RURAL,0.1,CLUSTER_175,0.086,5,58,False,44.549999999999955,,UNLABELED,UNVERIFIED,,,,,,22.38,LOW,NON_INDUSTRIAL_RURAL,ROUTINE_MONITORING_RECOMMENDED
444,23.78316,86.37389,310.69,286.91,2026-09-21,2046,0.97,nominal,0.6,N,N,VIIRS,near_real_time,Jharkhand,EAST_MINERAL_BELT,False,112286.4,Tata Steel Jamshedpur Works,steel_and_heavy_industry,national_tata_steel_jamshedpu,NON_INDUSTRIAL_RURAL,0.1,CLUSTER_180,0.052,3,58,False,23.779999999999973,,UNLABELED,UNVERIFIED,,,,,,16.81,LOW,NON_INDUSTRIAL_RURAL,ROUTINE_MONITORING_RECOMMENDED
445,23.78346,86.37431,308.74,286.55,2026-09-21,2046,0.81,nominal,0.6,N,N,VIIRS,near_real_time,Jharkhand,EAST_MINERAL_BELT,False,112326.1,Tata Steel Jamshedpur Works,steel_and_heavy_industry,national_tata_steel_jamshedpu,NON_INDUSTRIAL_RURAL,0.1,CLUSTER_180,0.052,3,58,False,22.189999999999998,,UNLABELED,UNVERIFIED,,,,,,16.81,LOW,NON_INDUSTRIAL_RURAL,ROUTINE_MONITORING_RECOMMENDED
446,23.78518,86.34183,313.56,286.55,2026-09-21,2046,1.71,nominal,0.6,N,N,VIIRS,near_real_time,Jharkhand,EAST_MINERAL_BELT,False,112039.6,Tata Steel Jamshedpur Works,steel_and_heavy_industry,national_tata_steel_jamshedpu,NON_INDUSTRIAL_RURAL,0.1,CLUSTER_176,0.052,3,58,False,27.00999999999999,,UNLABELED,UNVERIFIED,,,,,,16.72,LOW,NON_INDUSTRIAL_RURAL,ROUTINE_MONITORING_RECOMMENDED
447,23.78689,85.55251,308.37,288.03,2026-09-21,2046,2.03,nominal,0.6,N,N,VIIRS,near_real_time,Jharkhand,EAST_MINERAL_BELT,False,129382.5,Tata Steel Jamshedpur Works,steel_and_heavy_industry,national_tata_steel_jamshedpu,NON_INDUSTRIAL_RURAL,0.1,CLUSTER_181,0.052,3,58,False,20.340000000000032,,UNLABELED,UNVERIFIED,,,,,,16.4,LOW,NON_INDUSTRIAL_RURAL,ROUTINE_MONITORING_RECOMMENDED
448,23.79311,86.35448,303.71,287.39,2026-09-21,2046,0.94,nominal,0.6,N,N,VIIRS,near_real_time,Jharkhand,EAST_MINERAL_BELT,False,113087.6,Tata Steel Jamshedpur Works,steel_and_heavy_industry,national_tata_steel_jamshedpu,NON_INDUSTRIAL_RURAL,0.1,CLUSTER_182,0.052,3,58,False,16.319999999999993,,UNLABELED,UNVERIFIED,,,,,,18.55,LOW,NON_INDUSTRIAL_RURAL,ROUTINE_MONITORING_RECOMMENDED
449,23.79389,86.35106,315.02,287.71,2026-09-21,2046,0.94,nominal,0.6,N,N,VIIRS,near_real_time,Jharkhand,EAST_MINERAL_BELT,False,113125.7,Tata Steel Jamshedpur Works,steel_and_heavy_industry,national_tata_steel_jamshedpu,NON_INDUSTRIAL_RURAL,0.1,CLUSTER_182,0.052,3,58,False,27.310000000000002,,UNLABELED,UNVERIFIED,,,,,,18.55,LOW,NON_INDUSTRIAL_RURAL,ROUTINE_MONITORING_RECOMMENDED
450,23.79403,86.35143,320.76,287.4,2026-09-21,2046,2.3,nominal,0.6,N,N,VIIRS,near_real_time,Jharkhand,EAST_MINERAL_BELT,False,113146.2,Tata Steel Jamshedpur Works,steel_and_heavy_industry,national_tata_steel_jamshedpu,NON_INDUSTRIAL_RURAL,0.1,CLUSTER_182,0.052,3,58,False,33.360000000000014,,UNLABELED,UNVERIFIED,,,,,,18.55,LOW,NON_INDUSTRIAL_RURAL,ROUTINE_MONITORING_RECOMMENDED
451,23.79908,86.3524,310.42,287.55,2026-09-21,2046,0.92,nominal,0.6,N,N,VIIRS,near_real_time,Jharkhand,EAST_MINERAL_BELT,False,113715.9,Tata Steel Jamshedpur Works,steel_and_heavy_industry,national_tata_steel_jamshedpu,NON_INDUSTRIAL_RURAL,0.1,CLUSTER_182,0.052,3,58,False,22.870000000000005,,UNLABELED,UNVERIFIED,,,,,,18.55,LOW,NON_INDUSTRIAL_RURAL,ROUTINE_MONITORING_RECOMMENDED
452,23.80017,86.32369,305.95,287.51,2026-09-21,2046,0.93,nominal,0.6,N,N,VIIRS,near_real_time,Jharkhand,EAST_MINERAL_BELT,False,113472.4,Tata Steel Jamshedpur Works,steel_and_heavy_industry,national_tata_steel_jamshedpu,NON_INDUSTRIAL_RURAL,0.1,CLUSTER_183,0.069,4,58,False,18.439999999999998,,UNLABELED,UNVERIFIED,,,,,,22.0,LOW,NON_INDUSTRIAL_RURAL,ROUTINE_MONITORING_RECOMMENDED
453,23.80022,86.32341,306.95,287.66,2026-09-21,2046,1.16,nominal,0.6,N,N,VIIRS,near_real_time,Jharkhand,EAST_MINERAL_BELT,False,113474.8,Tata Steel Jamshedpur Works,steel_and_heavy_industry,national_tata_steel_jamshedpu,NON_INDUSTRIAL_RURAL,0.1,CLUSTER_183,0.069,4,58,False,19.289999999999964,,UNLABELED,UNVERIFIED,,,,,,22.0,LOW,NON_INDUSTRIAL_RURAL,ROUTINE_MONITORING_RECOMMENDED
454,23.80384,86.33157,326.61,288.5,2026-09-21,2046,2.87,nominal,0.6,N,N,VIIRS,near_real_time,Jharkhand,EAST_MINERAL_BELT,False,113969.6,Tata Steel Jamshedpur Works,steel_and_heavy_industry,national_tata_steel_jamshedpu,NON_INDUSTRIAL_RURAL,0.1,CLUSTER_183,0.069,4,58,False,38.110000000000014,,UNLABELED,UNVERIFIED,,,,,,22.0,LOW,NON_INDUSTRIAL_RURAL,ROUTINE_MONITORING_RECOMMENDED
455,23.80384,86.33189,327.9,288.26,2026-09-21,2046,3.0,nominal,0.6,N,N,VIIRS,near_real_time,Jharkhand,EAST_MINERAL_BELT,False,113973.5,Tata Steel Jamshedpur Works,steel_and_heavy_industry,national_tata_steel_jamshedpu,NON_INDUSTRIAL_RURAL,0.1,CLUSTER_183,0.069,4,58,False,39.639999999999986,,UNLABELED,UNVERIFIED,,,,,,22.0,LOW,NON_INDUSTRIAL_RURAL,ROUTINE_MONITORING_RECOMMENDED
456,23.8046,86.32846,323.13,288.56,2026-09-21,2046,2.25,nominal,0.6,N,N,VIIRS,near_real_time,Jharkhand,EAST_MINERAL_BELT,False,114016.7,Tata Steel Jamshedpur Works,steel_and_heavy_industry,national_tata_steel_jamshedpu,NON_INDUSTRIAL_RURAL,0.1,CLUSTER_183,0.069,4,58,False,34.56999999999999,,UNLABELED,UNVERIFIED,,,,,,22.0,LOW,NON_INDUSTRIAL_RURAL,ROUTINE_MONITORING_RECOMMENDED
457,23.80462,86.32816,323.43,288.41,2026-09-21,2046,2.28,nominal,0.6,N,N,VIIRS,near_real_time,Jharkhand,EAST_MINERAL_BELT,False,114015.4,Tata Steel Jamshedpur Works,steel_and_heavy_industry,national_tata_steel_jamshedpu,NON_INDUSTRIAL_RURAL,0.1,CLUSTER_183,0.069,4,58,False,35.01999999999998,,UNLABELED,UNVERIFIED,,,,,,22.0,LOW,NON_INDUSTRIAL_RURAL,ROUTINE_MONITORING_RECOMMENDED
458,23.80534,86.32508,311.25,288.11,2026-09-21,2046,2.25,nominal,0.6,N,N,VIIRS,near_real_time,Jharkhand,EAST_MINERAL_BELT,False,114059.5,Tata Steel Jamshedpur Works,steel_and_heavy_industry,national_tata_steel_jamshedpu,NON_INDUSTRIAL_RURAL,0.1,CLUSTER_183,0.069,4,58,False,23.139999999999986,,UNLABELED,UNVERIFIED,,,,,,22.0,LOW,NON_INDUSTRIAL_RURAL,ROUTINE_MONITORING_RECOMMENDED
459,23.80539,86.32478,310.38,287.83,2026-09-21,2046,2.28,nominal,0.6,N,N,VIIRS,near_real_time,Jharkhand,EAST_MINERAL_BELT,False,114061.6,Tata Steel Jamshedpur Works,steel_and_heavy_industry,national_tata_steel_jamshedpu,NON_INDUSTRIAL_RURAL,0.1,CLUSTER_183,0.069,4,58,False,22.55000000000001,,UNLABELED,UNVERIFIED,,,,,,22.0,LOW,NON_INDUSTRIAL_RURAL,ROUTINE_MONITORING_RECOMMENDED
460,23.82514,85.49701,303.9,289.16,2026-09-21,2046,1.85,nominal,0.6,N,N,VIIRS,near_real_time,Jharkhand,EAST_MINERAL_BELT,False,135949.0,Tata Steel Jamshedpur Works,steel_and_heavy_industry,national_tata_steel_jamshedpu,NON_INDUSTRIAL_RURAL,0.1,CLUSTER_184,0.052,3,58,False,14.739999999999952,,UNLABELED,UNVERIFIED,,,,,,16.21,LOW,NON_INDUSTRIAL_RURAL,ROUTINE_MONITORING_RECOMMENDED
461,24.19675,82.71458,314.26,289.39,2026-09-21,2046,2.77,nominal,0.6,N,N,VIIRS,near_real_time,Chhattisgarh,EAST_MINERAL_BELT,False,310528.9,SAIL Rourkela Steel Plant,steel_and_heavy_industry,national_sail_rourkela_steel_,NON_INDUSTRIAL_RURAL,0.1,CLUSTER_185,0.069,4,58,False,24.870000000000005,,UNLABELED,UNVERIFIED,,,,,,19.39,LOW,NON_INDUSTRIAL_RURAL,ROUTINE_MONITORING_RECOMMENDED
462,24.2066,82.70848,305.36,289.77,2026-09-21,2046,1.48,nominal,0.6,N,N,VIIRS,near_real_time,Chhattisgarh,EAST_MINERAL_BELT,False,311738.0,SAIL Rourkela Steel Plant,steel_and_heavy_industry,national_sail_rourkela_steel_,NON_INDUSTRIAL_RURAL,0.1,CLUSTER_185,0.069,4,58,False,15.590000000000032,,UNLABELED,UNVERIFIED,,,,,,19.39,LOW,NON_INDUSTRIAL_RURAL,ROUTINE_MONITORING_RECOMMENDED
463,24.57897,74.80194,307.51,296.12,2026-09-21,2046,1.03,nominal,0.6,N,N,VIIRS,near_real_time,Central India,ALL_INDIA,False,105407.5,Unnamed Industrial Facility,general_industry,way/695640152,NON_INDUSTRIAL_RURAL,0.1,CLUSTER_186,0.017,1,58,False,11.389999999999986,,UNLABELED,UNVERIFIED,,,,,,16.0,LOW,NON_INDUSTRIAL_RURAL,ROUTINE_MONITORING_RECOMMENDED
464,24.76338,74.60709,317.61,297.07,2026-09-21,2046,1.71,nominal,0.6,N,N,VIIRS,near_real_time,Central India,ALL_INDIA,False,89477.6,Unnamed Industrial Facility,general_industry,way/695640152,NON_INDUSTRIAL_RURAL,0.1,CLUSTER_187,0.069,4,58,False,20.54000000000002,,UNLABELED,UNVERIFIED,,,,,,17.41,LOW,NON_INDUSTRIAL_RURAL,ROUTINE_MONITORING_RECOMMENDED
465,24.9344,74.63508,310.21,295.88,2026-09-21,2046,1.15,nominal,0.6,N,N,VIIRS,near_real_time,Central India,ALL_INDIA,False,99206.8,Unnamed Industrial Facility,general_industry,way/695640152,NON_INDUSTRIAL_RURAL,0.1,CLUSTER_188,0.034,2,58,False,14.329999999999984,,UNLABELED,UNVERIFIED,,,,,,16.12,LOW,NON_INDUSTRIAL_RURAL,ROUTINE_MONITORING_RECOMMENDED
466,25.0379,87.38733,305.21,288.76,2026-09-21,2046,1.07,nominal,0.6,N,N,VIIRS,near_real_time,Eastern India,ALL_INDIA,False,277910.3,Tata Steel Jamshedpur Works,steel_and_heavy_industry,national_tata_steel_jamshedpu,NON_INDUSTRIAL_RURAL,0.1,CLUSTER_189,0.034,2,58,False,16.44999999999999,,UNLABELED,UNVERIFIED,,,,,,16.13,LOW,NON_INDUSTRIAL_RURAL,ROUTINE_MONITORING_RECOMMENDED
467,25.38642,68.58283,311.8,295.47,2026-09-21,2046,0.99,nominal,0.6,N,N,VIIRS,near_real_time,Western India,ALL_INDIA,False,154779.5,Khavda Renewable Energy Park,general_industry,way/1273382001,NON_INDUSTRIAL_RURAL,0.1,CLUSTER_090,0.121,7,58,False,16.329999999999984,,UNLABELED,UNVERIFIED,,,,,,19.89,LOW,NON_INDUSTRIAL_RURAL,ROUTINE_MONITORING_RECOMMENDED
468,26.09386,68.87933,310.86,297.8,2026-09-21,2046,1.11,nominal,0.6,N,N,VIIRS,near_real_time,Western India,ALL_INDIA,False,218231.6,NTPC Khavda,general_industry,way/1336628395,NON_INDUSTRIAL_RURAL,0.1,CLUSTER_190,0.086,5,58,False,13.060000000000002,,UNLABELED,UNVERIFIED,,,,,,20.89,LOW,NON_INDUSTRIAL_RURAL,ROUTINE_MONITORING_RECOMMENDED
469,26.09488,68.87907,308.82,297.5,2026-09-21,2046,1.33,nominal,0.6,N,N,VIIRS,near_real_time,Western India,ALL_INDIA,False,218347.8,NTPC Khavda,general_industry,way/1336628395,NON_INDUSTRIAL_RURAL,0.1,CLUSTER_190,0.086,5,58,False,11.319999999999993,,UNLABELED,UNVERIFIED,,,,,,20.89,LOW,NON_INDUSTRIAL_RURAL,ROUTINE_MONITORING_RECOMMENDED
470,26.60559,73.68449,307.62,296.97,2026-09-21,2046,1.29,nominal,0.6,N,N,VIIRS,near_real_time,Western India,ALL_INDIA,False,230849.4,Unnamed Industrial Facility,general_industry,way/695640152,NON_INDUSTRIAL_RURAL,0.1,CLUSTER_191,0.017,1,58,False,10.649999999999977,,UNLABELED,UNVERIFIED,,,,,,16.06,LOW,NON_INDUSTRIAL_RURAL,ROUTINE_MONITORING_RECOMMENDED
471,26.63097,79.52794,312.26,294.2,2026-09-21,2046,1.04,nominal,0.6,N,N,VIIRS,near_real_time,Central India,ALL_INDIA,False,202376.9,IOCL Mathura Refinery,oil_refinery,national_iocl_mathura_refiner,NON_INDUSTRIAL_RURAL,0.1,CLUSTER_192,0.017,1,58,False,18.060000000000002,,UNLABELED,UNVERIFIED,,,,,,16.31,LOW,NON_INDUSTRIAL_RURAL,ROUTINE_MONITORING_RECOMMENDED
472,26.64305,79.479,306.44,293.27,2026-09-21,2046,0.87,nominal,0.6,N,N,VIIRS,near_real_time,Central India,ALL_INDIA,False,197418.5,IOCL Mathura Refinery,oil_refinery,national_iocl_mathura_refiner,NON_INDUSTRIAL_RURAL,0.1,CLUSTER_193,0.069,4,58,False,13.170000000000016,,UNLABELED,UNVERIFIED,,,,,,17.37,LOW,NON_INDUSTRIAL_RURAL,ROUTINE_MONITORING_RECOMMENDED
473,26.70348,77.84853,313.5,295.19,2026-09-21,2046,1.19,nominal,0.6,N,N,VIIRS,near_real_time,Central India,ALL_INDIA,False,80738.2,IOCL Mathura Refinery,oil_refinery,national_iocl_mathura_refiner,NON_INDUSTRIAL_RURAL,0.1,CLUSTER_194,0.017,1,58,False,18.310000000000002,,UNLABELED,UNVERIFIED,,,,,,16.5,LOW,NON_INDUSTRIAL_RURAL,ROUTINE_MONITORING_RECOMMENDED
474,26.75973,83.20072,306.28,291.29,2026-09-21,2046,0.82,nominal,0.6,N,N,VIIRS,near_real_time,Central India,ALL_INDIA,False,531624.6,SAIL Rourkela Steel Plant,steel_and_heavy_industry,national_sail_rourkela_steel_,NON_INDUSTRIAL_RURAL,0.1,CLUSTER_195,0.034,2,58,False,14.989999999999952,,UNLABELED,UNVERIFIED,,,,,,16.07,LOW,NON_INDUSTRIAL_RURAL,ROUTINE_MONITORING_RECOMMENDED
475,26.87618,73.5126,306.47,296.39,2026-09-21,2046,2.81,nominal,0.6,N,N,VIIRS,near_real_time,Western India,ALL_INDIA,False,261975.9,Unnamed Industrial Facility,general_industry,way/695640152,NON_INDUSTRIAL_RURAL,0.1,CLUSTER_196,0.052,3,58,False,10.080000000000041,,UNLABELED,UNVERIFIED,,,,,,16.44,LOW,NON_INDUSTRIAL_RURAL,ROUTINE_MONITORING_RECOMMENDED
476,27.66868,76.1311,314.59,297.06,2026-09-21,2046,1.89,nominal,0.6,N,N,VIIRS,near_real_time,Rajasthan,NORTH_NCR,False,91425.7,Bhiwadi RIICO Industrial Cluster,general_industry,national_bhiwadi_riico_indust,NON_INDUSTRIAL_RURAL,0.1,CLUSTER_197,0.034,2,58,False,17.529999999999973,,UNLABELED,UNVERIFIED,,,,,,16.82,LOW,NON_INDUSTRIAL_RURAL,ROUTINE_MONITORING_RECOMMENDED
477,28.05389,69.36698,309.13,298.08,2026-09-21,2046,1.04,nominal,0.6,N,N,VIIRS,near_real_time,Northern India,ALL_INDIA,False,427903.9,NTPC Khavda,general_industry,way/1336628395,NON_INDUSTRIAL_RURAL,0.1,CLUSTER_198,0.138,8,58,False,11.050000000000011,,UNLABELED,UNVERIFIED,,,,,,21.75,LOW,NON_INDUSTRIAL_RURAL,ROUTINE_MONITORING_RECOMMENDED
478,28.2758,77.27523,306.18,295.56,2026-09-21,2046,0.61,nominal,0.6,N,N,VIIRS,near_real_time,Delhi NCR,NORTH_NCR,False,43438.3,NTPC Dadri Thermal Power Station,power_plant,national_ntpc_dadri_thermal_p,NON_INDUSTRIAL_RURAL,0.1,CLUSTER_199,0.034,2,58,False,10.620000000000005,,UNLABELED,UNVERIFIED,,,,,,15.9,LOW,NON_INDUSTRIAL_RURAL,ROUTINE_MONITORING_RECOMMENDED
479,28.3468,77.25704,308.74,295.76,2026-09-21,2046,1.03,nominal,0.6,N,N,VIIRS,near_real_time,Delhi NCR,NORTH_NCR,False,38767.4,NTPC Dadri Thermal Power Station,power_plant,national_ntpc_dadri_thermal_p,NON_INDUSTRIAL_RURAL,0.1,CLUSTER_200,0.034,2,58,False,12.980000000000018,,UNLABELED,UNVERIFIED,,,,,,16.07,LOW,NON_INDUSTRIAL_RURAL,ROUTINE_MONITORING_RECOMMENDED
480,28.37211,77.22575,318.87,295.29,2026-09-21,2046,1.64,nominal,0.6,N,N,VIIRS,near_real_time,Delhi NCR,NORTH_NCR,False,39279.6,NTPC Dadri Thermal Power Station,power_plant,national_ntpc_dadri_thermal_p,NON_INDUSTRIAL_RURAL,0.1,CLUSTER_201,0.034,2,58,False,23.579999999999984,,UNLABELED,UNVERIFIED,,,,,,17.32,LOW,NON_INDUSTRIAL_RURAL,ROUTINE_MONITORING_RECOMMENDED
481,28.67078,77.56784,309.43,295.14,2026-09-21,2046,0.81,nominal,0.6,N,N,VIIRS,near_real_time,Uttar Pradesh,NORTH_NCR,False,8485.4,NTPC Dadri Thermal Power Station,power_plant,national_ntpc_dadri_thermal_p,NON_INDUSTRIAL_RURAL,0.1,CLUSTER_202,0.017,1,58,False,14.29000000000002,,UNLABELED,UNVERIFIED,,,,,,15.95,LOW,NON_INDUSTRIAL_RURAL,ROUTINE_MONITORING_RECOMMENDED
482,29.12238,75.77932,307.06,295.82,2026-09-21,2046,0.49,nominal,0.6,N,N,VIIRS,near_real_time,Northern India,ALL_INDIA,False,114588.8,IOCL Panipat Petrochemical Complex,oil_refinery,national_iocl_panipat_petroch,NON_INDUSTRIAL_RURAL,0.1,CLUSTER_203,0.017,1,58,False,11.240000000000009,,UNLABELED,UNVERIFIED,,,,,,15.95,LOW,NON_INDUSTRIAL_RURAL,ROUTINE_MONITORING_RECOMMENDED
483,29.12581,75.77995,308.24,296.42,2026-09-21,2046,0.82,nominal,0.6,N,N,VIIRS,near_real_time,Northern India,ALL_INDIA,False,114426.8,IOCL Panipat Petrochemical Complex,oil_refinery,national_iocl_panipat_petroch,NON_INDUSTRIAL_RURAL,0.1,CLUSTER_203,0.017,1,58,False,11.819999999999993,,UNLABELED,UNVERIFIED,,,,,,15.95,LOW,NON_INDUSTRIAL_RURAL,ROUTINE_MONITORING_RECOMMENDED
484,29.45513,76.86785,306.59,296.38,2026-09-21,2046,1.07,nominal,0.6,N,N,VIIRS,near_real_time,Haryana,NORTH_NCR,False,6502.6,IOCL Panipat Petrochemical Complex,oil_refinery,national_iocl_panipat_petroch,NON_INDUSTRIAL_RURAL,0.1,CLUSTER_204,0.017,1,58,False,10.20999999999998,,UNLABELED,UNVERIFIED,,,,,,16.01,LOW,NON_INDUSTRIAL_RURAL,ROUTINE_MONITORING_RECOMMENDED
485,30.4478,70.56861,307.2,296.1,2026-09-21,2046,0.87,nominal,0.6,N,N,VIIRS,near_real_time,Northern India,ALL_INDIA,False,677911.1,Unnamed Industrial Facility,general_industry,way/273175995,NON_INDUSTRIAL_RURAL,0.1,CLUSTER_205,0.052,3,58,False,11.099999999999966,,UNLABELED,UNVERIFIED,,,,,,16.1,LOW,NON_INDUSTRIAL_RURAL,ROUTINE_MONITORING_RECOMMENDED
486,8.66861,77.99207,305.03,289.36,2026-09-21,2049,1.05,nominal,0.6,N,N,VIIRS,near_real_time,Karnataka,SOUTH_CORRIDOR,False,230275.1,BPCL Kochi Refinery (Ambalamugal),oil_refinery,national_bpcl_kochi_refinery_,NON_INDUSTRIAL_RURAL,0.1,CLUSTER_206,0.052,3,58,False,15.669999999999959,,UNLABELED,UNVERIFIED,,,,,,16.01,LOW,NON_INDUSTRIAL_RURAL,ROUTINE_MONITORING_RECOMMENDED
487,15.52609,73.99277,300.36,281.17,2026-09-21,2049,0.6,nominal,0.6,N,N,VIIRS,near_real_time,Western India,ALL_INDIA,False,295414.9,MRPL Mangalore Refinery,oil_refinery,national_mrpl_mangalore_refin,NON_INDUSTRIAL_RURAL,0.1,CLUSTER_207,0.017,1,58,False,19.189999999999998,,UNLABELED,UNVERIFIED,,,,,,15.9,LOW,NON_INDUSTRIAL_RURAL,ROUTINE_MONITORING_RECOMMENDED
488,15.65868,73.98865,312.11,285.12,2026-09-21,2049,1.02,nominal,0.6,N,N,VIIRS,near_real_time,Western India,ALL_INDIA,False,309610.9,MRPL Mangalore Refinery,oil_refinery,national_mrpl_mangalore_refin,NON_INDUSTRIAL_RURAL,0.1,CLUSTER_208,0.052,3,58,False,26.99000000000001,,UNLABELED,UNVERIFIED,,,,,,16.38,LOW,NON_INDUSTRIAL_RURAL,ROUTINE_MONITORING_RECOMMENDED
489,19.78558,79.147,305.7,289.22,2026-09-21,2049,1.07,nominal,0.6,N,N,VIIRS,near_real_time,Central India,ALL_INDIA,False,278898.6,SAIL Bhilai Steel Plant,steel_and_heavy_industry,national_sail_bhilai_steel_pl,NON_INDUSTRIAL_RURAL,0.1,CLUSTER_209,0.052,3,58,False,16.47999999999996,,UNLABELED,UNVERIFIED,,,,,,16.52,LOW,NON_INDUSTRIAL_RURAL,ROUTINE_MONITORING_RECOMMENDED
490,19.80169,78.86482,303.15,288.33,2026-09-21,2049,0.61,nominal,0.6,N,N,VIIRS,near_real_time,Central India,ALL_INDIA,False,302874.2,SAIL Bhilai Steel Plant,steel_and_heavy_industry,national_sail_bhilai_steel_pl,NON_INDUSTRIAL_RURAL,0.1,CLUSTER_210,0.017,1,58,False,14.819999999999993,,UNLABELED,UNVERIFIED,,,,,,15.9,LOW,NON_INDUSTRIAL_RURAL,ROUTINE_MONITORING_RECOMMENDED
491,20.35414,72.95067,309.07,289.81,2026-09-21,2049,0.79,nominal,0.6,N,N,VIIRS,near_real_time,Gujarat,WEST_GUJARAT,False,1945.6,Unnamed Industrial Facility,general_industry,way/755699023,VICINITY_ZONE,0.4,CLUSTER_007,0.069,4,58,False,19.25999999999999,,UNLABELED,UNVERIFIED,,,,,,20.11,LOW,NON_INDUSTRIAL_RURAL,ROUTINE_MONITORING_RECOMMENDED
492,20.35443,72.94792,306.15,289.45,2026-09-21,2049,0.84,nominal,0.6,N,N,VIIRS,near_real_time,Gujarat,WEST_GUJARAT,False,1750.0,Unnamed Industrial Facility,general_industry,way/755699023,VICINITY_ZONE,0.4,CLUSTER_007,0.069,4,58,False,16.69999999999999,,UNLABELED,UNVERIFIED,,,,,,20.11,LOW,NON_INDUSTRIAL_RURAL,ROUTINE_MONITORING_RECOMMENDED
493,20.35766,72.95123,310.65,290.01,2026-09-21,2049,0.79,nominal,0.6,N,N,VIIRS,near_real_time,Gujarat,WEST_GUJARAT,False,1706.0,Unnamed Industrial Facility,general_industry,way/755699023,VICINITY_ZONE,0.4,CLUSTER_007,0.069,4,58,False,20.639999999999986,,UNLABELED,UNVERIFIED,,,,,,20.11,LOW,NON_INDUSTRIAL_RURAL,ROUTINE_MONITORING_RECOMMENDED
494,20.35795,72.94849,309.85,289.73,2026-09-21,2049,0.84,nominal,0.6,N,N,VIIRS,near_real_time,Gujarat,WEST_GUJARAT,False,1477.0,Unnamed Industrial Facility,general_industry,way/755699023,VICINITY_ZONE,0.4,CLUSTER_007,0.069,4,58,False,20.120000000000005,,UNLABELED,UNVERIFIED,,,,,,20.11,LOW,NON_INDUSTRIAL_RURAL,ROUTINE_MONITORING_RECOMMENDED
495,20.69692,78.63698,305.62,290.95,2026-09-21,2049,1.1,nominal,0.6,N,N,VIIRS,near_real_time,Central India,ALL_INDIA,False,289260.6,SAIL Bhilai Steel Plant,steel_and_heavy_industry,national_sail_bhilai_steel_pl,NON_INDUSTRIAL_RURAL,0.1,CLUSTER_211,0.017,1,58,False,14.670000000000016,,UNLABELED,UNVERIFIED,,,,,,16.02,LOW,NON_INDUSTRIAL_RURAL,ROUTINE_MONITORING_RECOMMENDED
496,20.70339,78.62085,312.4,291.01,2026-09-21,2049,1.61,nominal,0.6,N,N,VIIRS,near_real_time,Central India,ALL_INDIA,False,290769.1,SAIL Bhilai Steel Plant,steel_and_heavy_industry,national_sail_bhilai_steel_pl,NON_INDUSTRIAL_RURAL,0.1,CLUSTER_212,0.052,3,58,False,21.389999999999986,,UNLABELED,UNVERIFIED,,,,,,19.82,LOW,NON_INDUSTRIAL_RURAL,ROUTINE_MONITORING_RECOMMENDED
497,20.7069,78.62156,325.66,290.77,2026-09-21,2049,1.61,nominal,0.6,N,N,VIIRS,near_real_time,Central India,ALL_INDIA,False,290622.6,SAIL Bhilai Steel Plant,steel_and_heavy_industry,national_sail_bhilai_steel_pl,NON_INDUSTRIAL_RURAL,0.1,CLUSTER_212,0.052,3,58,False,34.89000000000004,,UNLABELED,UNVERIFIED,,,,,,19.82,LOW,NON_INDUSTRIAL_RURAL,ROUTINE_MONITORING_RECOMMENDED
498,21.01187,75.8149,316.41,288.16,2026-09-21,2049,0.61,nominal,0.6,N,N,VIIRS,near_real_time,Central India,ALL_INDIA,False,205317.9,Unnamed Industrial Facility,general_industry,way/1486793039,NON_INDUSTRIAL_RURAL,0.1,CLUSTER_213,0.017,1,58,False,28.25,,UNLABELED,UNVERIFIED,,,,,,16.74,LOW,NON_INDUSTRIAL_RURAL,ROUTINE_MONITORING_RECOMMENDED
499,21.10304,72.63538,334.32,292.42,2026-09-21,2049,9.1,nominal,0.6,N,N,VIIRS,near_real_time,Gujarat,WEST_GUJARAT,True,0.0,ArcelorMittal Nippon Steel India,works,way/104647203,INSIDE_INDUSTRIAL_ZONE,1.0,CLUSTER_009,0.345,20,58,True,41.89999999999998,,UNLABELED,UNVERIFIED,,,,,,79.34,HIGH,ELEVATED_THERMAL_ACTIVITY,ESCALATED_INVESTIGATION_RECOMMENDED
500,21.10542,72.64474,342.32,292.16,2026-09-21,2049,9.88,nominal,0.6,N,N,VIIRS,near_real_time,Gujarat,WEST_GUJARAT,True,0.0,ArcelorMittal Nippon Steel India,works,way/104647203,INSIDE_INDUSTRIAL_ZONE,1.0,CLUSTER_009,0.345,20,58,True,50.15999999999997,,UNLABELED,UNVERIFIED,,,,,,79.34,HIGH,ELEVATED_THERMAL_ACTIVITY,ESCALATED_INVESTIGATION_RECOMMENDED
501,21.10902,72.6453,307.95,291.53,2026-09-21,2049,3.02,nominal,0.6,N,N,VIIRS,near_real_time,Gujarat,WEST_GUJARAT,True,0.0,ArcelorMittal Nippon Steel India,works,way/104647203,INSIDE_INDUSTRIAL_ZONE,1.0,CLUSTER_009,0.345,20,58,True,16.420000000000016,,UNLABELED,UNVERIFIED,,,,,,79.34,HIGH,ELEVATED_THERMAL_ACTIVITY,ESCALATED_INVESTIGATION_RECOMMENDED
502,21.11024,72.63653,311.6,291.93,2026-09-21,2049,3.97,nominal,0.6,N,N,VIIRS,near_real_time,Gujarat,WEST_GUJARAT,True,0.0,ArcelorMittal Nippon Steel India,works,way/104647203,INSIDE_INDUSTRIAL_ZONE,1.0,CLUSTER_009,0.345,20,58,True,19.670000000000016,,UNLABELED,UNVERIFIED,,,,,,79.34,HIGH,ELEVATED_THERMAL_ACTIVITY,ESCALATED_INVESTIGATION_RECOMMENDED
503,21.11085,72.63213,325.55,291.47,2026-09-21,2049,3.7,nominal,0.6,N,N,VIIRS,near_real_time,Gujarat,WEST_GUJARAT,True,0.0,ArcelorMittal Nippon Steel India,works,way/104647203,INSIDE_INDUSTRIAL_ZONE,1.0,CLUSTER_009,0.345,20,58,True,34.079999999999984,,UNLABELED,UNVERIFIED,,,,,,79.34,HIGH,ELEVATED_THERMAL_ACTIVITY,ESCALATED_INVESTIGATION_RECOMMENDED
504,21.24086,79.23096,304.8,288.58,2026-09-21,2049,0.74,nominal,0.6,N,N,VIIRS,near_real_time,Central India,ALL_INDIA,False,222253.9,SAIL Bhilai Steel Plant,steel_and_heavy_industry,national_sail_bhilai_steel_pl,NON_INDUSTRIAL_RURAL,0.1,CLUSTER_214,0.052,3,58,False,16.220000000000027,,UNLABELED,UNVERIFIED,,,,,,16.84,LOW,NON_INDUSTRIAL_RURAL,ROUTINE_MONITORING_RECOMMENDED
505,21.24602,79.22286,309.36,288.53,2026-09-21,2049,1.97,nominal,0.6,N,N,VIIRS,near_real_time,Central India,ALL_INDIA,False,223107.4,SAIL Bhilai Steel Plant,steel_and_heavy_industry,national_sail_bhilai_steel_pl,NON_INDUSTRIAL_RURAL,0.1,CLUSTER_214,0.052,3,58,False,20.83000000000004,,UNLABELED,UNVERIFIED,,,,,,16.84,LOW,NON_INDUSTRIAL_RURAL,ROUTINE_MONITORING_RECOMMENDED
506,21.24838,79.20966,312.23,286.42,2026-09-21,2049,1.31,nominal,0.6,N,N,VIIRS,near_real_time,Central India,ALL_INDIA,False,224481.9,SAIL Bhilai Steel Plant,steel_and_heavy_industry,national_sail_bhilai_steel_pl,NON_INDUSTRIAL_RURAL,0.1,CLUSTER_215,0.034,2,58,False,25.810000000000002,,UNLABELED,UNVERIFIED,,,,,,16.91,LOW,NON_INDUSTRIAL_RURAL,ROUTINE_MONITORING_RECOMMENDED
507,21.33566,78.9663,308.0,290.24,2026-09-21,2049,1.03,nominal,0.6,N,N,VIIRS,near_real_time,Central India,ALL_INDIA,False,250102.7,SAIL Bhilai Steel Plant,steel_and_heavy_industry,national_sail_bhilai_steel_pl,NON_INDUSTRIAL_RURAL,0.1,CLUSTER_216,0.052,3,58,False,17.75999999999999,,UNLABELED,UNVERIFIED,,,,,,17.49,LOW,NON_INDUSTRIAL_RURAL,ROUTINE_MONITORING_RECOMMENDED
508,21.33846,78.97131,305.76,290.13,2026-09-21,2049,0.7,nominal,0.6,N,N,VIIRS,near_real_time,Central India,ALL_INDIA,False,249604.1,SAIL Bhilai Steel Plant,steel_and_heavy_industry,national_sail_bhilai_steel_pl,NON_INDUSTRIAL_RURAL,0.1,CLUSTER_216,0.052,3,58,False,15.629999999999995,,UNLABELED,UNVERIFIED,,,,,,17.49,LOW,NON_INDUSTRIAL_RURAL,ROUTINE_MONITORING_RECOMMENDED
509,22.31075,69.71478,300.84,284.03,2026-09-21,2049,1.05,nominal,0.6,N,N,VIIRS,near_real_time,Gujarat,WEST_GUJARAT,True,0.0,Essar Power,general_industry,way/223725824,INSIDE_INDUSTRIAL_ZONE,1.0,CLUSTER_037,0.034,2,58,False,16.810000000000002,,UNLABELED,UNVERIFIED,,,,,,45.16,MODERATE,RECURRING_INTERMITTENT_HEAT,ANALYST_REVIEW_RECOMMENDED
510,22.43015,69.83142,300.53,280.47,2026-09-21,2049,0.33,nominal,0.6,N,N,VIIRS,near_real_time,Gujarat,WEST_GUJARAT,False,116.0,SHREE DIGVIJAY CEMENT,general_industry,way/321060506,NEARBY_INDUSTRIAL_BUFFER,0.8,CLUSTER_217,0.017,1,58,False,20.059999999999945,,UNLABELED,UNVERIFIED,,,,,,41.55,MODERATE,RECURRING_INTERMITTENT_HEAT,ANALYST_REVIEW_RECOMMENDED
511,20.3036,96.88702,330.39,291.18,2026-09-22,0618,1.85,nominal,0.6,D,N,VIIRS,near_real_time,Eastern India,ALL_INDIA,False,932798.8,Haldia Petrochemicals Complex,chemical_petrochemical,national_haldia_petrochemical,NON_INDUSTRIAL_RURAL,0.1,CLUSTER_218,0.017,1,58,False,39.20999999999998,,UNLABELED,UNVERIFIED,,,,,,18.88,LOW,NON_INDUSTRIAL_RURAL,ROUTINE_MONITORING_RECOMMENDED
512,25.35482,97.29365,341.33,294.19,2026-09-22,0620,9.92,nominal,0.6,D,N,VIIRS,near_real_time,Eastern India,ALL_INDIA,False,1006528.7,Haldia Petrochemicals Complex,chemical_petrochemical,national_haldia_petrochemical,NON_INDUSTRIAL_RURAL,0.1,CLUSTER_219,0.017,1,58,False,47.139999999999986,,UNLABELED,UNVERIFIED,,,,,,22.29,LOW,NON_INDUSTRIAL_RURAL,ROUTINE_MONITORING_RECOMMENDED
513,8.0028,81.44696,336.59,298.11,2026-09-22,0756,4.18,nominal,0.6,D,N,VIIRS,near_real_time,Southern India,ALL_INDIA,False,587030.7,CPCL Manali Refinery Complex,oil_refinery,national_cpcl_manali_refinery,NON_INDUSTRIAL_RURAL,0.1,CLUSTER_220,0.017,1,58,False,38.47999999999996,,UNLABELED,UNVERIFIED,,,,,,20.27,LOW,NON_INDUSTRIAL_RURAL,ROUTINE_MONITORING_RECOMMENDED
514,8.02844,81.08794,330.3,297.67,2026-09-22,0756,8.55,low,0.2,D,N,VIIRS,near_real_time,Southern India,ALL_INDIA,False,562078.9,BPCL Kochi Refinery (Ambalamugal),oil_refinery,national_bpcl_kochi_refinery_,NON_INDUSTRIAL_RURAL,0.1,CLUSTER_221,0.017,1,58,False,32.629999999999995,,UNLABELED,UNVERIFIED,,,,,,20.51,LOW,NON_INDUSTRIAL_RURAL,ROUTINE_MONITORING_RECOMMENDED
515,8.07158,81.05231,331.2,295.48,2026-09-22,0756,4.91,low,0.2,D,N,VIIRS,near_real_time,Southern India,ALL_INDIA,False,556599.3,BPCL Kochi Refinery (Ambalamugal),oil_refinery,national_bpcl_kochi_refinery_,NON_INDUSTRIAL_RURAL,0.1,CLUSTER_222,0.017,1,58,False,35.71999999999997,,UNLABELED,UNVERIFIED,,,,,,19.74,LOW,NON_INDUSTRIAL_RURAL,ROUTINE_MONITORING_RECOMMENDED
516,8.09478,81.03574,334.95,296.78,2026-09-22,0756,2.7,nominal,0.6,D,N,VIIRS,near_real_time,Southern India,ALL_INDIA,False,553922.3,BPCL Kochi Refinery (Ambalamugal),oil_refinery,national_bpcl_kochi_refinery_,NON_INDUSTRIAL_RURAL,0.1,CLUSTER_223,0.017,1,58,False,38.170000000000016,,UNLABELED,UNVERIFIED,,,,,,19.68,LOW,NON_INDUSTRIAL_RURAL,ROUTINE_MONITORING_RECOMMENDED
517,8.12774,80.98756,331.57,295.33,2026-09-22,0756,2.74,nominal,0.6,D,N,VIIRS,near_real_time,Southern India,ALL_INDIA,False,547620.0,BPCL Kochi Refinery (Ambalamugal),oil_refinery,national_bpcl_kochi_refinery_,NON_INDUSTRIAL_RURAL,0.1,CLUSTER_224,0.017,1,58,False,36.24000000000001,,UNLABELED,UNVERIFIED,,,,,,19.75,LOW,NON_INDUSTRIAL_RURAL,ROUTINE_MONITORING_RECOMMENDED
518,8.12842,80.99175,333.74,295.28,2026-09-22,0756,3.64,nominal,0.6,D,N,VIIRS,near_real_time,Southern India,ALL_INDIA,False,548017.6,BPCL Kochi Refinery (Ambalamugal),oil_refinery,national_bpcl_kochi_refinery_,NON_INDUSTRIAL_RURAL,0.1,CLUSTER_224,0.017,1,58,False,38.460000000000036,,UNLABELED,UNVERIFIED,,,,,,19.75,LOW,NON_INDUSTRIAL_RURAL,ROUTINE_MONITORING_RECOMMENDED
519,8.17802,80.62557,335.98,295.36,2026-09-22,0756,4.29,nominal,0.6,D,N,VIIRS,near_real_time,Southern India,ALL_INDIA,False,508747.6,BPCL Kochi Refinery (Ambalamugal),oil_refinery,national_bpcl_kochi_refinery_,NON_INDUSTRIAL_RURAL,0.1,CLUSTER_225,0.017,1,58,False,40.620000000000005,,UNLABELED,UNVERIFIED,,,,,,20.21,LOW,NON_INDUSTRIAL_RURAL,ROUTINE_MONITORING_RECOMMENDED
520,8.22173,80.66302,330.0,296.82,2026-09-22,0756,7.72,low,0.2,D,N,VIIRS,near_real_time,Tamil Nadu,SOUTH_CORRIDOR,False,510626.7,BPCL Kochi Refinery (Ambalamugal),oil_refinery,national_bpcl_kochi_refinery_,NON_INDUSTRIAL_RURAL,0.1,CLUSTER_226,0.017,1,58,False,33.18000000000001,,UNLABELED,UNVERIFIED,,,,,,20.27,LOW,NON_INDUSTRIAL_RURAL,ROUTINE_MONITORING_RECOMMENDED
521,8.305,81.28033,332.33,296.59,2026-09-22,0756,2.76,low,0.2,D,N,VIIRS,near_real_time,Tamil Nadu,SOUTH_CORRIDOR,False,550346.1,CPCL Manali Refinery Complex,oil_refinery,national_cpcl_manali_refinery,NON_INDUSTRIAL_RURAL,0.1,CLUSTER_227,0.017,1,58,False,35.74000000000001,,UNLABELED,UNVERIFIED,,,,,,19.35,LOW,NON_INDUSTRIAL_RURAL,ROUTINE_MONITORING_RECOMMENDED
522,8.34913,80.69286,331.38,289.67,2026-09-22,0756,3.11,nominal,0.6,D,N,VIIRS,near_real_time,Tamil Nadu,SOUTH_CORRIDOR,False,508362.5,BPCL Kochi Refinery (Ambalamugal),oil_refinery,national_bpcl_kochi_refinery_,NON_INDUSTRIAL_RURAL,0.1,CLUSTER_228,0.017,1,58,False,41.70999999999998,,UNLABELED,UNVERIFIED,,,,,,19.32,LOW,NON_INDUSTRIAL_RURAL,ROUTINE_MONITORING_RECOMMENDED
523,8.49269,80.18095,330.88,296.05,2026-09-22,0756,4.59,low,0.2,D,N,VIIRS,near_real_time,Tamil Nadu,SOUTH_CORRIDOR,False,450122.0,BPCL Kochi Refinery (Ambalamugal),oil_refinery,national_bpcl_kochi_refinery_,NON_INDUSTRIAL_RURAL,0.1,CLUSTER_229,0.017,1,58,False,34.829999999999984,,UNLABELED,UNVERIFIED,,,,,,19.62,LOW,NON_INDUSTRIAL_RURAL,ROUTINE_MONITORING_RECOMMENDED
524,8.53969,80.62257,332.83,295.0,2026-09-22,0756,6.69,low,0.2,D,N,VIIRS,near_real_time,Tamil Nadu,SOUTH_CORRIDOR,False,493782.5,BPCL Kochi Refinery (Ambalamugal),oil_refinery,national_bpcl_kochi_refinery_,NON_INDUSTRIAL_RURAL,0.1,CLUSTER_230,0.017,1,58,False,37.829999999999984,,UNLABELED,UNVERIFIED,,,,,,20.38,LOW,NON_INDUSTRIAL_RURAL,ROUTINE_MONITORING_RECOMMENDED
525,8.55172,77.81528,350.32,299.89,2026-09-22,0756,10.65,nominal,0.6,D,N,VIIRS,near_real_time,Karnataka,SOUTH_CORRIDOR,False,224567.3,BPCL Kochi Refinery (Ambalamugal),oil_refinery,national_bpcl_kochi_refinery_,NON_INDUSTRIAL_RURAL,0.1,CLUSTER_231,0.017,1,58,False,50.43000000000001,,UNLABELED,UNVERIFIED,,,,,,23.65,LOW,NON_INDUSTRIAL_RURAL,ROUTINE_MONITORING_RECOMMENDED
526,8.60402,77.96516,330.04,297.13,2026-09-22,0756,1.5,nominal,0.6,D,N,VIIRS,near_real_time,Karnataka,SOUTH_CORRIDOR,False,232651.0,BPCL Kochi Refinery (Ambalamugal),oil_refinery,national_bpcl_kochi_refinery_,NON_INDUSTRIAL_RURAL,0.1,CLUSTER_232,0.017,1,58,False,32.910000000000025,,UNLABELED,UNVERIFIED,,,,,,18.74,LOW,NON_INDUSTRIAL_RURAL,ROUTINE_MONITORING_RECOMMENDED
527,8.67719,77.4745,331.29,291.27,2026-09-22,0756,2.92,nominal,0.6,D,N,VIIRS,near_real_time,Karnataka,SOUTH_CORRIDOR,False,188914.8,BPCL Kochi Refinery (Ambalamugal),oil_refinery,national_bpcl_kochi_refinery_,NON_INDUSTRIAL_RURAL,0.1,CLUSTER_233,0.017,1,58,False,40.02000000000004,,UNLABELED,UNVERIFIED,,,,,,19.26,LOW,NON_INDUSTRIAL_RURAL,ROUTINE_MONITORING_RECOMMENDED
528,8.8697,80.79491,336.46,293.15,2026-09-22,0756,7.48,low,0.2,D,N,VIIRS,near_real_time,Tamil Nadu,SOUTH_CORRIDOR,False,479818.9,CPCL Manali Refinery Complex,oil_refinery,national_cpcl_manali_refinery,NON_INDUSTRIAL_RURAL,0.1,CLUSTER_234,0.017,1,58,False,43.31,,UNLABELED,UNVERIFIED,,,,,,21.06,LOW,NON_INDUSTRIAL_RURAL,ROUTINE_MONITORING_RECOMMENDED
529,8.95788,80.8327,331.52,298.75,2026-09-22,0756,5.36,low,0.2,D,N,VIIRS,near_real_time,Tamil Nadu,SOUTH_CORRIDOR,False,470603.7,CPCL Manali Refinery Complex,oil_refinery,national_cpcl_manali_refinery,NON_INDUSTRIAL_RURAL,0.1,CLUSTER_235,0.017,1,58,False,32.76999999999998,,UNLABELED,UNVERIFIED,,,,,,19.88,LOW,NON_INDUSTRIAL_RURAL,ROUTINE_MONITORING_RECOMMENDED
530,9.12537,77.64301,335.21,299.01,2026-09-22,0756,3.18,nominal,0.6,D,N,VIIRS,near_real_time,Karnataka,SOUTH_CORRIDOR,False,169112.9,BPCL Kochi Refinery (Ambalamugal),oil_refinery,national_bpcl_kochi_refinery_,NON_INDUSTRIAL_RURAL,0.1,CLUSTER_236,0.017,1,58,False,36.19999999999999,,UNLABELED,UNVERIFIED,,,,,,19.84,LOW,NON_INDUSTRIAL_RURAL,ROUTINE_MONITORING_RECOMMENDED
531,9.39717,80.47816,335.76,296.83,2026-09-22,0756,2.49,nominal,0.6,D,N,VIIRS,near_real_time,Tamil Nadu,SOUTH_CORRIDOR,False,418356.2,CPCL Manali Refinery Complex,oil_refinery,national_cpcl_manali_refinery,NON_INDUSTRIAL_RURAL,0.1,CLUSTER_237,0.017,1,58,False,38.93000000000001,,UNLABELED,UNVERIFIED,,,,,,19.75,LOW,NON_INDUSTRIAL_RURAL,ROUTINE_MONITORING_RECOMMENDED
532,9.40082,80.47755,334.06,295.89,2026-09-22,0756,2.49,low,0.2,D,N,VIIRS,near_real_time,Tamil Nadu,SOUTH_CORRIDOR,False,417947.3,CPCL Manali Refinery Complex,oil_refinery,national_cpcl_manali_refinery,NON_INDUSTRIAL_RURAL,0.1,CLUSTER_237,0.017,1,58,False,38.170000000000016,,UNLABELED,UNVERIFIED,,,,,,19.75,LOW,NON_INDUSTRIAL_RURAL,ROUTINE_MONITORING_RECOMMENDED
533,9.41835,78.65449,342.61,293.57,2026-09-22,0756,2.66,nominal,0.6,D,N,VIIRS,near_real_time,Karnataka,SOUTH_CORRIDOR,False,258468.8,BPCL Kochi Refinery (Ambalamugal),oil_refinery,national_bpcl_kochi_refinery_,NON_INDUSTRIAL_RURAL,0.1,CLUSTER_238,0.017,1,58,False,49.04000000000002,,UNLABELED,UNVERIFIED,,,,,,20.68,LOW,NON_INDUSTRIAL_RURAL,ROUTINE_MONITORING_RECOMMENDED
534,9.46286,80.46727,331.92,297.95,2026-09-22,0756,4.18,low,0.2,D,N,VIIRS,near_real_time,Tamil Nadu,SOUTH_CORRIDOR,False,410998.9,CPCL Manali Refinery Complex,oil_refinery,national_cpcl_manali_refinery,NON_INDUSTRIAL_RURAL,0.1,CLUSTER_239,0.017,1,58,False,33.97000000000003,,UNLABELED,UNVERIFIED,,,,,,19.65,LOW,NON_INDUSTRIAL_RURAL,ROUTINE_MONITORING_RECOMMENDED
535,9.57274,78.57926,338.7,295.12,2026-09-22,0756,2.85,nominal,0.6,D,N,VIIRS,near_real_time,Karnataka,SOUTH_CORRIDOR,False,246709.0,BPCL Kochi Refinery (Ambalamugal),oil_refinery,national_bpcl_kochi_refinery_,NON_INDUSTRIAL_RURAL,0.1,CLUSTER_240,0.017,1,58,False,43.579999999999984,,UNLABELED,UNVERIFIED,,,,,,20.22,LOW,NON_INDUSTRIAL_RURAL,ROUTINE_MONITORING_RECOMMENDED
536,10.96626,77.76252,333.77,294.84,2026-09-22,0756,2.89,nominal,0.6,D,N,VIIRS,near_real_time,Karnataka,SOUTH_CORRIDOR,False,187871.0,BPCL Kochi Refinery (Ambalamugal),oil_refinery,national_bpcl_kochi_refinery_,NON_INDUSTRIAL_RURAL,0.1,CLUSTER_241,0.017,1,58,False,38.93000000000001,,UNLABELED,UNVERIFIED,,,,,,19.58,LOW,NON_INDUSTRIAL_RURAL,ROUTINE_MONITORING_RECOMMENDED
537,14.63489,75.59111,334.29,297.49,2026-09-22,0758,5.39,nominal,0.6,D,N,VIIRS,near_real_time,Andhra Pradesh,SOUTH_CORRIDOR,False,199853.5,MRPL Mangalore Refinery,oil_refinery,national_mrpl_mangalore_refin,NON_INDUSTRIAL_RURAL,0.1,CLUSTER_242,0.017,1,58,False,36.80000000000001,,UNLABELED,UNVERIFIED,,,,,,20.26,LOW,NON_INDUSTRIAL_RURAL,ROUTINE_MONITORING_RECOMMENDED
538,14.86724,75.62377,334.3,297.95,2026-09-22,0758,6.56,nominal,0.6,D,N,VIIRS,near_real_time,Andhra Pradesh,SOUTH_CORRIDOR,False,224968.7,MRPL Mangalore Refinery,oil_refinery,national_mrpl_mangalore_refin,NON_INDUSTRIAL_RURAL,0.1,CLUSTER_243,0.017,1,58,False,36.35000000000002,,UNLABELED,UNVERIFIED,,,,,,20.54,LOW,NON_INDUSTRIAL_RURAL,ROUTINE_MONITORING_RECOMMENDED
539,21.80369,75.58145,332.35,298.01,2026-09-22,0801,2.7,nominal,0.6,D,N,VIIRS,near_real_time,Central India,ALL_INDIA,False,183089.5,Unnamed Industrial Facility,general_industry,way/605253708,NON_INDUSTRIAL_RURAL,0.1,CLUSTER_244,0.017,1,58,False,34.34000000000003,,UNLABELED,UNVERIFIED,,,,,,19.35,LOW,NON_INDUSTRIAL_RURAL,ROUTINE_MONITORING_RECOMMENDED
540,22.04179,83.72925,329.56,287.54,2026-09-22,0801,6.7,nominal,0.6,D,N,VIIRS,near_real_time,Odisha,EAST_MINERAL_BELT,False,118540.4,SAIL Rourkela Steel Plant,steel_and_heavy_industry,national_sail_rourkela_steel_,NON_INDUSTRIAL_RURAL,0.1,CLUSTER_150,0.086,5,58,False,42.01999999999998,,UNLABELED,UNVERIFIED,,,,,,21.54,LOW,NON_INDUSTRIAL_RURAL,ROUTINE_MONITORING_RECOMMENDED
541,22.32229,82.59002,332.73,287.3,2026-09-22,0801,2.58,nominal,0.6,D,N,VIIRS,near_real_time,Chhattisgarh,EAST_MINERAL_BELT,False,177539.3,SAIL Bhilai Steel Plant,steel_and_heavy_industry,national_sail_bhilai_steel_pl,NON_INDUSTRIAL_RURAL,0.1,CLUSTER_153,0.086,5,58,False,45.43000000000001,,UNLABELED,UNVERIFIED,,,,,,21.05,LOW,NON_INDUSTRIAL_RURAL,ROUTINE_MONITORING_RECOMMENDED
542,22.35773,82.30088,334.49,295.16,2026-09-22,0801,5.83,nominal,0.6,D,N,VIIRS,near_real_time,Chhattisgarh,EAST_MINERAL_BELT,False,161191.7,SAIL Bhilai Steel Plant,steel_and_heavy_industry,national_sail_bhilai_steel_pl,NON_INDUSTRIAL_RURAL,0.1,CLUSTER_155,0.086,5,58,False,39.329999999999984,,UNLABELED,UNVERIFIED,,,,,,22.5,LOW,NON_INDUSTRIAL_RURAL,ROUTINE_MONITORING_RECOMMENDED
543,22.35829,82.30475,338.12,298.11,2026-09-22,0801,5.83,nominal,0.6,D,N,VIIRS,near_real_time,Chhattisgarh,EAST_MINERAL_BELT,False,161477.0,SAIL Bhilai Steel Plant,steel_and_heavy_industry,national_sail_bhilai_steel_pl,NON_INDUSTRIAL_RURAL,0.1,CLUSTER_155,0.086,5,58,False,40.00999999999999,,UNLABELED,UNVERIFIED,,,,,,22.5,LOW,NON_INDUSTRIAL_RURAL,ROUTINE_MONITORING_RECOMMENDED
544,23.1648,82.34029,330.31,292.31,2026-09-22,0801,3.28,nominal,0.6,D,N,VIIRS,near_real_time,Chhattisgarh,EAST_MINERAL_BELT,False,241179.5,SAIL Bhilai Steel Plant,steel_and_heavy_industry,national_sail_bhilai_steel_pl,NON_INDUSTRIAL_RURAL,0.1,CLUSTER_157,0.069,4,58,False,38.0,,UNLABELED,UNVERIFIED,,,,,,19.49,LOW,NON_INDUSTRIAL_RURAL,ROUTINE_MONITORING_RECOMMENDED
545,23.19924,69.42709,338.94,298.54,2026-09-22,0801,5.34,nominal,0.6,D,N,VIIRS,near_real_time,Gujarat,WEST_GUJARAT,False,5098.2,Unnamed Industrial Facility,general_industry,way/629998482,NON_INDUSTRIAL_RURAL,0.1,CLUSTER_245,0.017,1,58,False,40.39999999999998,,UNLABELED,UNVERIFIED,,,,,,20.14,LOW,NON_INDUSTRIAL_RURAL,ROUTINE_MONITORING_RECOMMENDED
546,23.20078,69.42857,344.69,297.99,2026-09-22,0801,5.07,nominal,0.6,D,N,VIIRS,near_real_time,Gujarat,WEST_GUJARAT,False,4980.6,Unnamed Industrial Facility,general_industry,way/629998482,VICINITY_ZONE,0.4,CLUSTER_245,0.017,1,58,False,46.69999999999999,,UNLABELED,UNVERIFIED,,,,,,20.14,LOW,NON_INDUSTRIAL_RURAL,ROUTINE_MONITORING_RECOMMENDED
547,23.78018,86.21159,341.77,295.28,2026-09-22,0801,6.74,nominal,0.6,D,N,VIIRS,near_real_time,Jharkhand,EAST_MINERAL_BELT,False,110554.1,Tata Steel Jamshedpur Works,steel_and_heavy_industry,national_tata_steel_jamshedpu,NON_INDUSTRIAL_RURAL,0.1,CLUSTER_175,0.086,5,58,False,46.49000000000001,,UNLABELED,UNVERIFIED,,,,,,22.38,LOW,NON_INDUSTRIAL_RURAL,ROUTINE_MONITORING_RECOMMENDED
548,23.80193,86.32452,339.05,294.9,2026-09-22,0801,4.92,nominal,0.6,D,N,VIIRS,near_real_time,Jharkhand,EAST_MINERAL_BELT,False,113676.3,Tata Steel Jamshedpur Works,steel_and_heavy_industry,national_tata_steel_jamshedpu,NON_INDUSTRIAL_RURAL,0.1,CLUSTER_183,0.069,4,58,False,44.150000000000034,,UNLABELED,UNVERIFIED,,,,,,22.0,LOW,NON_INDUSTRIAL_RURAL,ROUTINE_MONITORING_RECOMMENDED
549,23.8024,86.32857,340.54,295.86,2026-09-22,0801,4.92,nominal,0.6,D,N,VIIRS,near_real_time,Jharkhand,EAST_MINERAL_BELT,False,113775.0,Tata Steel Jamshedpur Works,steel_and_heavy_industry,national_tata_steel_jamshedpu,NON_INDUSTRIAL_RURAL,0.1,CLUSTER_183,0.069,4,58,False,44.68000000000001,,UNLABELED,UNVERIFIED,,,,,,22.0,LOW,NON_INDUSTRIAL_RURAL,ROUTINE_MONITORING_RECOMMENDED
550,23.80289,86.33267,337.64,295.46,2026-09-22,0801,6.61,nominal,0.6,D,N,VIIRS,near_real_time,Jharkhand,EAST_MINERAL_BELT,False,113878.0,Tata Steel Jamshedpur Works,steel_and_heavy_industry,national_tata_steel_jamshedpu,NON_INDUSTRIAL_RURAL,0.1,CLUSTER_183,0.069,4,58,False,42.18000000000001,,UNLABELED,UNVERIFIED,,,,,,22.0,LOW,NON_INDUSTRIAL_RURAL,ROUTINE_MONITORING_RECOMMENDED
551,25.60174,81.36993,334.0,296.12,2026-09-22,0801,2.8,nominal,0.6,D,N,VIIRS,near_real_time,Central India,ALL_INDIA,False,418501.4,IOCL Mathura Refinery,oil_refinery,national_iocl_mathura_refiner,NON_INDUSTRIAL_RURAL,0.1,CLUSTER_246,0.017,1,58,False,37.879999999999995,,UNLABELED,UNVERIFIED,,,,,,19.59,LOW,NON_INDUSTRIAL_RURAL,ROUTINE_MONITORING_RECOMMENDED
552,26.42662,80.35898,344.56,299.96,2026-09-22,0801,3.8,nominal,0.6,D,N,VIIRS,near_real_time,Central India,ALL_INDIA,False,287042.2,IOCL Mathura Refinery,oil_refinery,national_iocl_mathura_refiner,NON_INDUSTRIAL_RURAL,0.1,CLUSTER_247,0.017,1,58,False,44.60000000000002,,UNLABELED,UNVERIFIED,,,,,,21.22,LOW,NON_INDUSTRIAL_RURAL,ROUTINE_MONITORING_RECOMMENDED
553,25.23334,68.32078,332.3,305.65,2026-09-22,0803,6.22,low,0.2,D,N,VIIRS,near_real_time,Western India,ALL_INDIA,False,155506.7,Khavda Renewable Energy Park,general_industry,way/1273382001,NON_INDUSTRIAL_RURAL,0.1,CLUSTER_248,0.017,1,58,False,26.650000000000034,,UNLABELED,UNVERIFIED,,,,,,20.2,LOW,NON_INDUSTRIAL_RURAL,ROUTINE_MONITORING_RECOMMENDED
554,26.89217,68.18492,336.39,307.72,2026-09-22,0803,4.68,low,0.2,D,N,VIIRS,near_real_time,Western India,ALL_INDIA,False,324039.4,Khavda Renewable Energy Park,general_industry,way/1273382001,NON_INDUSTRIAL_RURAL,0.1,CLUSTER_249,0.017,1,58,False,28.66999999999996,,UNLABELED,UNVERIFIED,,,,,,20.63,LOW,NON_INDUSTRIAL_RURAL,ROUTINE_MONITORING_RECOMMENDED
555,27.11756,81.2395,349.55,299.07,2026-09-22,0803,9.22,nominal,0.6,D,N,VIIRS,near_real_time,Central India,ALL_INDIA,False,352810.5,IOCL Mathura Refinery,oil_refinery,national_iocl_mathura_refiner,NON_INDUSTRIAL_RURAL,0.1,CLUSTER_250,0.017,1,58,False,50.48000000000002,,UNLABELED,UNVERIFIED,,,,,,23.2,LOW,NON_INDUSTRIAL_RURAL,ROUTINE_MONITORING_RECOMMENDED
556,27.33532,68.48615,342.66,303.07,2026-09-22,0803,5.21,nominal,0.6,D,N,VIIRS,near_real_time,Western India,ALL_INDIA,False,362573.4,Khavda Renewable Energy Park,general_industry,way/1273382001,NON_INDUSTRIAL_RURAL,0.1,CLUSTER_251,0.017,1,58,False,39.59000000000003,,UNLABELED,UNVERIFIED,,,,,,21.32,LOW,NON_INDUSTRIAL_RURAL,ROUTINE_MONITORING_RECOMMENDED
557,27.58412,69.36333,350.55,308.01,2026-09-22,0803,4.08,nominal,0.6,D,N,VIIRS,near_real_time,Western India,ALL_INDIA,False,375698.3,NTPC Khavda,general_industry,way/1336628395,NON_INDUSTRIAL_RURAL,0.1,CLUSTER_252,0.017,1,58,False,42.54000000000002,,UNLABELED,UNVERIFIED,,,,,,22.08,LOW,NON_INDUSTRIAL_RURAL,ROUTINE_MONITORING_RECOMMENDED
558,27.58669,77.46663,339.9,301.39,2026-09-22,0803,4.5,nominal,0.6,D,N,VIIRS,near_real_time,Uttar Pradesh,NORTH_NCR,False,27419.7,IOCL Mathura Refinery,oil_refinery,national_iocl_mathura_refiner,NON_INDUSTRIAL_RURAL,0.1,CLUSTER_253,0.017,1,58,False,38.50999999999999,,UNLABELED,UNVERIFIED,,,,,,20.78,LOW,NON_INDUSTRIAL_RURAL,ROUTINE_MONITORING_RECOMMENDED
559,27.98707,77.80803,336.38,303.35,2026-09-22,0803,2.81,nominal,0.6,D,N,VIIRS,near_real_time,Uttar Pradesh,NORTH_NCR,False,63638.4,IOCL Mathura Refinery,oil_refinery,national_iocl_mathura_refiner,NON_INDUSTRIAL_RURAL,0.1,CLUSTER_254,0.017,1,58,False,33.02999999999997,,UNLABELED,UNVERIFIED,,,,,,19.9,LOW,NON_INDUSTRIAL_RURAL,ROUTINE_MONITORING_RECOMMENDED
560,28.04023,74.92174,344.45,313.21,2026-09-22,0803,5.98,nominal,0.6,D,N,VIIRS,near_real_time,Northern India,ALL_INDIA,False,188468.4,Bhiwadi RIICO Industrial Cluster,general_industry,national_bhiwadi_riico_indust,NON_INDUSTRIAL_RURAL,0.1,CLUSTER_255,0.017,1,58,False,31.24000000000001,,UNLABELED,UNVERIFIED,,,,,,21.73,LOW,NON_INDUSTRIAL_RURAL,ROUTINE_MONITORING_RECOMMENDED
561,28.05223,69.36979,337.47,307.18,2026-09-22,0803,4.64,nominal,0.6,D,N,VIIRS,near_real_time,Northern India,ALL_INDIA,False,427712.4,NTPC Khavda,general_industry,way/1336628395,NON_INDUSTRIAL_RURAL,0.1,CLUSTER_198,0.138,8,58,False,30.29000000000002,,UNLABELED,UNVERIFIED,,,,,,21.75,LOW,NON_INDUSTRIAL_RURAL,ROUTINE_MONITORING_RECOMMENDED
562,28.08182,77.72206,339.87,300.47,2026-09-22,0803,4.38,nominal,0.6,D,N,VIIRS,near_real_time,Uttar Pradesh,NORTH_NCR,False,58302.5,NTPC Dadri Thermal Power Station,power_plant,national_ntpc_dadri_thermal_p,NON_INDUSTRIAL_RURAL,0.1,CLUSTER_256,0.017,1,58,False,39.39999999999998,,UNLABELED,UNVERIFIED,,,,,,20.75,LOW,NON_INDUSTRIAL_RURAL,ROUTINE_MONITORING_RECOMMENDED
563,28.10137,77.60917,333.83,301.8,2026-09-22,0803,2.59,nominal,0.6,D,N,VIIRS,near_real_time,Uttar Pradesh,NORTH_NCR,False,53974.6,NTPC Dadri Thermal Power Station,power_plant,national_ntpc_dadri_thermal_p,NON_INDUSTRIAL_RURAL,0.1,CLUSTER_257,0.017,1,58,False,32.02999999999997,,UNLABELED,UNVERIFIED,,,,,,19.51,LOW,NON_INDUSTRIAL_RURAL,ROUTINE_MONITORING_RECOMMENDED
564,28.1074,77.62468,334.0,302.67,2026-09-22,0803,4.15,nominal,0.6,D,N,VIIRS,near_real_time,Uttar Pradesh,NORTH_NCR,False,53494.2,NTPC Dadri Thermal Power Station,power_plant,national_ntpc_dadri_thermal_p,NON_INDUSTRIAL_RURAL,0.1,CLUSTER_258,0.017,1,58,False,31.329999999999984,,UNLABELED,UNVERIFIED,,,,,,19.92,LOW,NON_INDUSTRIAL_RURAL,ROUTINE_MONITORING_RECOMMENDED
565,28.36004,78.75585,330.25,298.61,2026-09-22,0803,2.71,nominal,0.6,D,N,VIIRS,near_real_time,Northern India,ALL_INDIA,False,120015.7,NTPC Dadri Thermal Power Station,power_plant,national_ntpc_dadri_thermal_p,NON_INDUSTRIAL_RURAL,0.1,CLUSTER_259,0.017,1,58,False,31.639999999999986,,UNLABELED,UNVERIFIED,,,,,,19.06,LOW,NON_INDUSTRIAL_RURAL,ROUTINE_MONITORING_RECOMMENDED
566,28.63026,77.77587,331.87,303.28,2026-09-22,0803,1.76,low,0.2,D,N,VIIRS,near_real_time,Uttar Pradesh,NORTH_NCR,False,21909.8,NTPC Dadri Thermal Power Station,power_plant,national_ntpc_dadri_thermal_p,NON_INDUSTRIAL_RURAL,0.1,CLUSTER_260,0.017,1,58,False,28.590000000000032,,UNLABELED,UNVERIFIED,,,,,,19.05,LOW,NON_INDUSTRIAL_RURAL,ROUTINE_MONITORING_RECOMMENDED
567,28.63658,78.55211,338.31,298.65,2026-09-22,0803,4.28,nominal,0.6,D,N,VIIRS,near_real_time,Northern India,ALL_INDIA,False,97372.7,NTPC Dadri Thermal Power Station,power_plant,national_ntpc_dadri_thermal_p,NON_INDUSTRIAL_RURAL,0.1,CLUSTER_261,0.017,1,58,False,39.660000000000025,,UNLABELED,UNVERIFIED,,,,,,20.51,LOW,NON_INDUSTRIAL_RURAL,ROUTINE_MONITORING_RECOMMENDED
568,28.64143,80.14547,332.49,298.66,2026-09-22,0803,2.43,nominal,0.6,D,N,VIIRS,near_real_time,Northern India,ALL_INDIA,False,252824.8,NTPC Dadri Thermal Power Station,power_plant,national_ntpc_dadri_thermal_p,NON_INDUSTRIAL_RURAL,0.1,CLUSTER_262,0.017,1,58,False,33.829999999999984,,UNLABELED,UNVERIFIED,,,,,,19.3,LOW,NON_INDUSTRIAL_RURAL,ROUTINE_MONITORING_RECOMMENDED
569,29.13253,75.77234,334.64,308.7,2026-09-22,0803,4.2,low,0.2,D,N,VIIRS,near_real_time,Northern India,ALL_INDIA,False,114931.2,IOCL Panipat Petrochemical Complex,oil_refinery,national_iocl_panipat_petroch,NON_INDUSTRIAL_RURAL,0.1,CLUSTER_263,0.017,1,58,False,25.939999999999998,,UNLABELED,UNVERIFIED,,,,,,20.01,LOW,NON_INDUSTRIAL_RURAL,ROUTINE_MONITORING_RECOMMENDED
570,29.24799,75.70438,331.18,304.41,2026-09-22,0803,2.5,low,0.2,D,N,VIIRS,near_real_time,Northern India,ALL_INDIA,False,118631.4,IOCL Panipat Petrochemical Complex,oil_refinery,national_iocl_panipat_petroch,NON_INDUSTRIAL_RURAL,0.1,CLUSTER_264,0.017,1,58,False,26.769999999999982,,UNLABELED,UNVERIFIED,,,,,,22.31,LOW,NON_INDUSTRIAL_RURAL,ROUTINE_MONITORING_RECOMMENDED
571,29.25152,75.70355,346.86,305.15,2026-09-22,0803,7.0,nominal,0.6,D,N,VIIRS,near_real_time,Northern India,ALL_INDIA,False,118650.2,IOCL Panipat Petrochemical Complex,oil_refinery,national_iocl_panipat_petroch,NON_INDUSTRIAL_RURAL,0.1,CLUSTER_264,0.017,1,58,False,41.710000000000036,,UNLABELED,UNVERIFIED,,,,,,22.31,LOW,NON_INDUSTRIAL_RURAL,ROUTINE_MONITORING_RECOMMENDED
572,29.42909,70.46368,336.79,304.1,2026-09-22,0803,1.87,nominal,0.6,D,N,VIIRS,near_real_time,Northern India,ALL_INDIA,False,565136.1,Unnamed Industrial Facility,general_industry,way/273175995,NON_INDUSTRIAL_RURAL,0.1,CLUSTER_265,0.034,2,58,False,32.69,,UNLABELED,UNVERIFIED,,,,,,19.87,LOW,NON_INDUSTRIAL_RURAL,ROUTINE_MONITORING_RECOMMENDED
573,29.4739,73.08758,334.57,307.49,2026-09-22,0803,2.04,nominal,0.6,D,N,VIIRS,near_real_time,Northern India,ALL_INDIA,False,370581.2,IOCL Panipat Petrochemical Complex,oil_refinery,national_iocl_panipat_petroch,NON_INDUSTRIAL_RURAL,0.1,CLUSTER_266,0.017,1,58,False,27.079999999999984,,UNLABELED,UNVERIFIED,,,,,,19.48,LOW,NON_INDUSTRIAL_RURAL,ROUTINE_MONITORING_RECOMMENDED
574,30.22848,76.19668,340.79,305.92,2026-09-22,0803,28.31,nominal,0.6,D,N,VIIRS,near_real_time,Northern India,ALL_INDIA,False,114049.0,IOCL Panipat Petrochemical Complex,oil_refinery,national_iocl_panipat_petroch,NON_INDUSTRIAL_RURAL,0.1,CLUSTER_267,0.017,1,58,False,34.870000000000005,,UNLABELED,UNVERIFIED,,,,,,26.73,LOW,NON_INDUSTRIAL_RURAL,ROUTINE_MONITORING_RECOMMENDED
575,30.48473,73.68171,341.75,302.61,2026-09-22,0803,11.86,nominal,0.6,D,N,VIIRS,near_real_time,Northern India,ALL_INDIA,False,333501.8,IOCL Panipat Petrochemical Complex,oil_refinery,national_iocl_panipat_petroch,NON_INDUSTRIAL_RURAL,0.1,CLUSTER_268,0.017,1,58,False,39.139999999999986,,UNLABELED,UNVERIFIED,,,,,,22.83,LOW,NON_INDUSTRIAL_RURAL,ROUTINE_MONITORING_RECOMMENDED
576,30.60375,76.83249,332.38,304.75,2026-09-22,0803,2.63,nominal,0.6,D,N,VIIRS,near_real_time,Northern India,ALL_INDIA,False,132339.9,IOCL Panipat Petrochemical Complex,oil_refinery,national_iocl_panipat_petroch,NON_INDUSTRIAL_RURAL,0.1,CLUSTER_269,0.034,2,58,False,27.629999999999995,,UNLABELED,UNVERIFIED,,,,,,20.2,LOW,NON_INDUSTRIAL_RURAL,ROUTINE_MONITORING_RECOMMENDED
577,30.86281,71.99939,330.56,301.56,2026-09-22,0803,4.01,nominal,0.6,D,N,VIIRS,near_real_time,Northern India,ALL_INDIA,False,499358.3,IOCL Panipat Petrochemical Complex,oil_refinery,national_iocl_panipat_petroch,NON_INDUSTRIAL_RURAL,0.1,CLUSTER_270,0.017,1,58,False,29.0,,UNLABELED,UNVERIFIED,,,,,,21.17,LOW,NON_INDUSTRIAL_RURAL,ROUTINE_MONITORING_RECOMMENDED
578,30.86372,72.00377,340.91,301.06,2026-09-22,0803,5.58,nominal,0.6,D,N,VIIRS,near_real_time,Northern India,ALL_INDIA,False,498990.5,IOCL Panipat Petrochemical Complex,oil_refinery,national_iocl_panipat_petroch,NON_INDUSTRIAL_RURAL,0.1,CLUSTER_270,0.017,1,58,False,39.85000000000002,,UNLABELED,UNVERIFIED,,,,,,21.17,LOW,NON_INDUSTRIAL_RURAL,ROUTINE_MONITORING_RECOMMENDED
579,30.99695,74.21501,334.6,301.83,2026-09-22,0803,3.52,nominal,0.6,D,N,VIIRS,near_real_time,Northern India,ALL_INDIA,False,313564.7,IOCL Panipat Petrochemical Complex,oil_refinery,national_iocl_panipat_petroch,NON_INDUSTRIAL_RURAL,0.1,CLUSTER_271,0.052,3,58,False,32.77000000000004,,UNLABELED,UNVERIFIED,,,,,,21.4,LOW,NON_INDUSTRIAL_RURAL,ROUTINE_MONITORING_RECOMMENDED
580,31.0038,74.24319,334.4,300.92,2026-09-22,0803,3.82,nominal,0.6,D,N,VIIRS,near_real_time,Northern India,ALL_INDIA,False,311752.5,IOCL Panipat Petrochemical Complex,oil_refinery,national_iocl_panipat_petroch,NON_INDUSTRIAL_RURAL,0.1,CLUSTER_272,0.017,1,58,False,33.47999999999996,,UNLABELED,UNVERIFIED,,,,,,20.08,LOW,NON_INDUSTRIAL_RURAL,ROUTINE_MONITORING_RECOMMENDED
581,31.00626,74.24451,333.72,300.68,2026-09-22,0803,4.6,nominal,0.6,D,N,VIIRS,near_real_time,Northern India,ALL_INDIA,False,311800.7,IOCL Panipat Petrochemical Complex,oil_refinery,national_iocl_panipat_petroch,NON_INDUSTRIAL_RURAL,0.1,CLUSTER_272,0.017,1,58,False,33.04000000000002,,UNLABELED,UNVERIFIED,,,,,,20.08,LOW,NON_INDUSTRIAL_RURAL,ROUTINE_MONITORING_RECOMMENDED
582,31.00747,74.24226,331.45,299.18,2026-09-22,0803,3.82,nominal,0.6,D,N,VIIRS,near_real_time,Northern India,ALL_INDIA,False,312053.7,IOCL Panipat Petrochemical Complex,oil_refinery,national_iocl_panipat_petroch,NON_INDUSTRIAL_RURAL,0.1,CLUSTER_272,0.017,1,58,False,32.26999999999998,,UNLABELED,UNVERIFIED,,,,,,20.08,LOW,NON_INDUSTRIAL_RURAL,ROUTINE_MONITORING_RECOMMENDED
583,31.28773,73.37688,335.51,301.22,2026-09-22,0803,4.65,nominal,0.6,D,N,VIIRS,near_real_time,Northern India,ALL_INDIA,False,398343.1,IOCL Panipat Petrochemical Complex,oil_refinery,national_iocl_panipat_petroch,NON_INDUSTRIAL_RURAL,0.1,CLUSTER_273,0.017,1,58,False,34.289999999999964,,UNLABELED,UNVERIFIED,,,,,,20.33,LOW,NON_INDUSTRIAL_RURAL,ROUTINE_MONITORING_RECOMMENDED
584,31.28872,73.37511,336.23,300.26,2026-09-22,0803,3.24,nominal,0.6,D,N,VIIRS,near_real_time,Northern India,ALL_INDIA,False,398543.9,IOCL Panipat Petrochemical Complex,oil_refinery,national_iocl_panipat_petroch,NON_INDUSTRIAL_RURAL,0.1,CLUSTER_273,0.017,1,58,False,35.97000000000003,,UNLABELED,UNVERIFIED,,,,,,20.33,LOW,NON_INDUSTRIAL_RURAL,ROUTINE_MONITORING_RECOMMENDED
585,31.53741,74.82207,332.6,299.97,2026-09-22,0803,4.53,nominal,0.6,D,N,VIIRS,near_real_time,Northern India,ALL_INDIA,False,309812.2,IOCL Panipat Petrochemical Complex,oil_refinery,national_iocl_panipat_petroch,NON_INDUSTRIAL_RURAL,0.1,CLUSTER_274,0.017,1,58,False,32.629999999999995,,UNLABELED,UNVERIFIED,,,,,,19.83,LOW,NON_INDUSTRIAL_RURAL,ROUTINE_MONITORING_RECOMMENDED
586,31.70579,72.20126,330.24,299.62,2026-09-22,0803,2.21,nominal,0.6,D,N,VIIRS,near_real_time,Northern India,ALL_INDIA,False,518272.8,IOCL Panipat Petrochemical Complex,oil_refinery,national_iocl_panipat_petroch,NON_INDUSTRIAL_RURAL,0.1,CLUSTER_275,0.017,1,58,False,30.620000000000005,,UNLABELED,UNVERIFIED,,,,,,18.94,LOW,NON_INDUSTRIAL_RURAL,ROUTINE_MONITORING_RECOMMENDED
587,31.74397,72.28693,334.9,299.6,2026-09-22,0803,3.49,nominal,0.6,D,N,VIIRS,near_real_time,Northern India,ALL_INDIA,False,513203.3,IOCL Panipat Petrochemical Complex,oil_refinery,national_iocl_panipat_petroch,NON_INDUSTRIAL_RURAL,0.1,CLUSTER_276,0.017,1,58,False,35.299999999999955,,UNLABELED,UNVERIFIED,,,,,,19.87,LOW,NON_INDUSTRIAL_RURAL,ROUTINE_MONITORING_RECOMMENDED
588,31.79421,74.94135,335.93,301.72,2026-09-22,0803,3.13,nominal,0.6,D,N,VIIRS,near_real_time,Northern India,ALL_INDIA,False,325149.6,IOCL Panipat Petrochemical Complex,oil_refinery,national_iocl_panipat_petroch,NON_INDUSTRIAL_RURAL,0.1,CLUSTER_277,0.017,1,58,False,34.20999999999998,,UNLABELED,UNVERIFIED,,,,,,19.91,LOW,NON_INDUSTRIAL_RURAL,ROUTINE_MONITORING_RECOMMENDED
589,31.79432,73.67976,333.72,299.9,2026-09-22,0803,7.82,nominal,0.6,D,N,VIIRS,near_real_time,Northern India,ALL_INDIA,False,407348.6,IOCL Panipat Petrochemical Complex,oil_refinery,national_iocl_panipat_petroch,NON_INDUSTRIAL_RURAL,0.1,CLUSTER_278,0.017,1,58,False,33.82000000000005,,UNLABELED,UNVERIFIED,,,,,,20.78,LOW,NON_INDUSTRIAL_RURAL,ROUTINE_MONITORING_RECOMMENDED
590,31.84063,74.64835,333.51,299.96,2026-09-22,0803,3.58,nominal,0.6,D,N,VIIRS,near_real_time,Northern India,ALL_INDIA,False,346187.0,IOCL Panipat Petrochemical Complex,oil_refinery,national_iocl_panipat_petroch,NON_INDUSTRIAL_RURAL,0.1,CLUSTER_279,0.017,1,58,False,33.55000000000001,,UNLABELED,UNVERIFIED,,,,,,19.71,LOW,NON_INDUSTRIAL_RURAL,ROUTINE_MONITORING_RECOMMENDED
591,26.88991,68.18716,332.22,304.11,2026-09-22,0941,4.75,nominal,0.6,D,N,VIIRS,near_real_time,Western India,ALL_INDIA,False,323726.1,Khavda Renewable Energy Park,general_industry,way/1273382001,NON_INDUSTRIAL_RURAL,0.1,CLUSTER_249,0.017,1,58,False,28.110000000000014,,UNLABELED,UNVERIFIED,,,,,,20.63,LOW,NON_INDUSTRIAL_RURAL,ROUTINE_MONITORING_RECOMMENDED
592,26.89386,68.18821,333.21,303.01,2026-09-22,0941,5.79,nominal,0.6,D,N,VIIRS,near_real_time,Western India,ALL_INDIA,False,324100.9,Khavda Renewable Energy Park,general_industry,way/1273382001,NON_INDUSTRIAL_RURAL,0.1,CLUSTER_249,0.017,1,58,False,30.19999999999999,,UNLABELED,UNVERIFIED,,,,,,20.63,LOW,NON_INDUSTRIAL_RURAL,ROUTINE_MONITORING_RECOMMENDED
593,27.98626,68.9976,332.69,302.95,2026-09-22,0941,5.01,low,0.2,D,N,VIIRS,near_real_time,Western India,ALL_INDIA,False,422945.9,NTPC Khavda,general_industry,way/1336628395,NON_INDUSTRIAL_RURAL,0.1,CLUSTER_280,0.017,1,58,False,29.74000000000001,,UNLABELED,UNVERIFIED,,,,,,19.96,LOW,NON_INDUSTRIAL_RURAL,ROUTINE_MONITORING_RECOMMENDED
594,27.9891,68.99803,330.85,303.04,2026-09-22,0941,4.5,low,0.2,D,N,VIIRS,near_real_time,Western India,ALL_INDIA,False,423254.7,NTPC Khavda,general_industry,way/1336628395,NON_INDUSTRIAL_RURAL,0.1,CLUSTER_280,0.017,1,58,False,27.810000000000002,,UNLABELED,UNVERIFIED,,,,,,19.96,LOW,NON_INDUSTRIAL_RURAL,ROUTINE_MONITORING_RECOMMENDED
595,21.59173,96.22749,302.17,279.76,2026-09-22,1845,1.12,nominal,0.6,N,N,VIIRS,near_real_time,Eastern India,ALL_INDIA,False,841871.8,Haldia Petrochemicals Complex,chemical_petrochemical,national_haldia_petrochemical,NON_INDUSTRIAL_RURAL,0.1,CLUSTER_281,0.017,1,58,False,22.410000000000025,,UNLABELED,UNVERIFIED,,,,,,16.02,LOW,NON_INDUSTRIAL_RURAL,ROUTINE_MONITORING_RECOMMENDED
596,26.64145,79.47942,319.19,291.62,2026-09-22,2025,1.69,nominal,0.6,N,N,VIIRS,near_real_time,Central India,ALL_INDIA,False,197534.7,IOCL Mathura Refinery,oil_refinery,national_iocl_mathura_refiner,NON_INDUSTRIAL_RURAL,0.1,CLUSTER_193,0.069,4,58,False,27.569999999999993,,UNLABELED,UNVERIFIED,,,,,,17.37,LOW,NON_INDUSTRIAL_RURAL,ROUTINE_MONITORING_RECOMMENDED
597,26.75866,83.19894,309.24,286.63,2026-09-22,2025,1.31,nominal,0.6,N,N,VIIRS,near_real_time,Central India,ALL_INDIA,False,531569.1,SAIL Rourkela Steel Plant,steel_and_heavy_industry,national_sail_rourkela_steel_,NON_INDUSTRIAL_RURAL,0.1,CLUSTER_195,0.034,2,58,False,22.610000000000014,,UNLABELED,UNVERIFIED,,,,,,16.07,LOW,NON_INDUSTRIAL_RURAL,ROUTINE_MONITORING_RECOMMENDED
598,26.76047,83.19804,306.88,286.82,2026-09-22,2025,0.83,nominal,0.6,N,N,VIIRS,near_real_time,Central India,ALL_INDIA,False,531788.4,SAIL Rourkela Steel Plant,steel_and_heavy_industry,national_sail_rourkela_steel_,NON_INDUSTRIAL_RURAL,0.1,CLUSTER_195,0.034,2,58,False,20.060000000000002,,UNLABELED,UNVERIFIED,,,,,,16.07,LOW,NON_INDUSTRIAL_RURAL,ROUTINE_MONITORING_RECOMMENDED
599,28.0516,69.36469,316.38,295.49,2026-09-22,2025,2.05,nominal,0.6,N,N,VIIRS,near_real_time,Northern India,ALL_INDIA,False,427655.2,NTPC Khavda,general_industry,way/1336628395,NON_INDUSTRIAL_RURAL,0.1,CLUSTER_198,0.138,8,58,False,20.889999999999986,,UNLABELED,UNVERIFIED,,,,,,21.75,LOW,NON_INDUSTRIAL_RURAL,ROUTINE_MONITORING_RECOMMENDED
600,28.34573,77.25457,307.19,296.66,2026-09-22,2025,1.32,nominal,0.6,N,N,VIIRS,near_real_time,Delhi NCR,NORTH_NCR,False,39024.8,NTPC Dadri Thermal Power Station,power_plant,national_ntpc_dadri_thermal_p,NON_INDUSTRIAL_RURAL,0.1,CLUSTER_200,0.034,2,58,False,10.529999999999973,,UNLABELED,UNVERIFIED,,,,,,16.07,LOW,NON_INDUSTRIAL_RURAL,ROUTINE_MONITORING_RECOMMENDED
601,28.71062,76.85635,311.54,296.58,2026-09-22,2025,1.55,nominal,0.6,N,N,VIIRS,near_real_time,Delhi NCR,NORTH_NCR,False,55022.5,Bhiwadi RIICO Industrial Cluster,general_industry,national_bhiwadi_riico_indust,NON_INDUSTRIAL_RURAL,0.1,CLUSTER_282,0.017,1,58,False,14.960000000000036,,UNLABELED,UNVERIFIED,,,,,,16.33,LOW,NON_INDUSTRIAL_RURAL,ROUTINE_MONITORING_RECOMMENDED
602,28.74325,76.92624,307.83,295.76,2026-09-22,2025,0.85,nominal,0.6,N,N,VIIRS,near_real_time,Delhi NCR,NORTH_NCR,False,59226.9,Bhiwadi RIICO Industrial Cluster,general_industry,national_bhiwadi_riico_indust,NON_INDUSTRIAL_RURAL,0.1,CLUSTER_283,0.052,3,58,False,12.069999999999993,,UNLABELED,UNVERIFIED,,,,,,15.96,LOW,NON_INDUSTRIAL_RURAL,ROUTINE_MONITORING_RECOMMENDED
603,28.77306,76.69802,308.73,296.21,2026-09-22,2025,1.49,nominal,0.6,N,N,VIIRS,near_real_time,Rajasthan,NORTH_NCR,False,63468.3,Bhiwadi RIICO Industrial Cluster,general_industry,national_bhiwadi_riico_indust,NON_INDUSTRIAL_RURAL,0.1,CLUSTER_284,0.017,1,58,False,12.520000000000039,,UNLABELED,UNVERIFIED,,,,,,16.11,LOW,NON_INDUSTRIAL_RURAL,ROUTINE_MONITORING_RECOMMENDED
604,28.78234,76.94443,305.6,295.45,2026-09-22,2025,0.47,nominal,0.6,N,N,VIIRS,near_real_time,Delhi NCR,NORTH_NCR,False,63790.1,Bhiwadi RIICO Industrial Cluster,general_industry,national_bhiwadi_riico_indust,NON_INDUSTRIAL_RURAL,0.1,CLUSTER_285,0.017,1,58,False,10.150000000000034,,UNLABELED,UNVERIFIED,,,,,,15.87,LOW,NON_INDUSTRIAL_RURAL,ROUTINE_MONITORING_RECOMMENDED
605,29.22342,88.34969,297.98,279.96,2026-09-22,2025,1.12,nominal,0.6,N,N,VIIRS,near_real_time,Northern India,ALL_INDIA,False,747273.6,Tata Steel Jamshedpur Works,steel_and_heavy_industry,national_tata_steel_jamshedpu,NON_INDUSTRIAL_RURAL,0.1,CLUSTER_286,0.052,3,58,False,18.02000000000004,,UNLABELED,UNVERIFIED,,,,,,16.02,LOW,NON_INDUSTRIAL_RURAL,ROUTINE_MONITORING_RECOMMENDED
606,29.26401,91.92612,295.54,281.66,2026-09-22,2025,2.19,nominal,0.6,N,N,VIIRS,near_real_time,Northern India,ALL_INDIA,False,889136.5,Haldia Petrochemicals Complex,chemical_petrochemical,national_haldia_petrochemical,NON_INDUSTRIAL_RURAL,0.1,CLUSTER_287,0.052,3,58,False,13.879999999999995,,UNLABELED,UNVERIFIED,,,,,,16.31,LOW,NON_INDUSTRIAL_RURAL,ROUTINE_MONITORING_RECOMMENDED
607,29.37544,91.15176,302.52,280.66,2026-09-22,2025,1.18,nominal,0.6,N,N,VIIRS,near_real_time,Northern India,ALL_INDIA,False,869958.6,Haldia Petrochemicals Complex,chemical_petrochemical,national_haldia_petrochemical,NON_INDUSTRIAL_RURAL,0.1,CLUSTER_288,0.052,3,58,False,21.859999999999957,,UNLABELED,UNVERIFIED,,,,,,16.46,LOW,NON_INDUSTRIAL_RURAL,ROUTINE_MONITORING_RECOMMENDED
608,30.44558,70.56552,308.84,296.23,2026-09-22,2025,1.04,nominal,0.6,N,N,VIIRS,near_real_time,Northern India,ALL_INDIA,False,677672.9,Unnamed Industrial Facility,general_industry,way/273175995,NON_INDUSTRIAL_RURAL,0.1,CLUSTER_205,0.052,3,58,False,12.609999999999957,,UNLABELED,UNVERIFIED,,,,,,16.1,LOW,NON_INDUSTRIAL_RURAL,ROUTINE_MONITORING_RECOMMENDED
609,30.44672,70.56696,307.53,296.29,2026-09-22,2025,1.44,nominal,0.6,N,N,VIIRS,near_real_time,Northern India,ALL_INDIA,False,677795.6,Unnamed Industrial Facility,general_industry,way/273175995,NON_INDUSTRIAL_RURAL,0.1,CLUSTER_205,0.052,3,58,False,11.239999999999952,,UNLABELED,UNVERIFIED,,,,,,16.1,LOW,NON_INDUSTRIAL_RURAL,ROUTINE_MONITORING_RECOMMENDED
610,31.26024,76.9229,301.2,291.08,2026-09-22,2025,0.53,nominal,0.6,N,N,VIIRS,near_real_time,Northern India,ALL_INDIA,False,205070.3,IOCL Panipat Petrochemical Complex,oil_refinery,national_iocl_panipat_petroch,NON_INDUSTRIAL_RURAL,0.1,CLUSTER_135,0.069,4,58,False,10.120000000000005,,UNLABELED,UNVERIFIED,,,,,,16.1,LOW,NON_INDUSTRIAL_RURAL,ROUTINE_MONITORING_RECOMMENDED
611,31.76685,70.10566,306.26,294.36,2026-09-22,2025,1.05,nominal,0.6,N,N,VIIRS,near_real_time,Northern India,ALL_INDIA,False,702190.2,IOCL Panipat Petrochemical Complex,oil_refinery,national_iocl_panipat_petroch,NON_INDUSTRIAL_RURAL,0.1,CLUSTER_289,0.034,2,58,False,11.899999999999977,,UNLABELED,UNVERIFIED,,,,,,16.01,LOW,NON_INDUSTRIAL_RURAL,ROUTINE_MONITORING_RECOMMENDED
612,32.57794,72.56316,306.83,296.3,2026-09-22,2025,1.61,nominal,0.6,N,N,VIIRS,near_real_time,Northern India,ALL_INDIA,False,543852.7,IOCL Panipat Petrochemical Complex,oil_refinery,national_iocl_panipat_petroch,NON_INDUSTRIAL_RURAL,0.1,CLUSTER_137,0.069,4,58,False,10.529999999999973,,UNLABELED,UNVERIFIED,,,,,,16.68,LOW,NON_INDUSTRIAL_RURAL,ROUTINE_MONITORING_RECOMMENDED
613,32.71809,72.77307,304.02,293.83,2026-09-22,2025,0.64,nominal,0.6,N,N,VIIRS,near_real_time,Northern India,ALL_INDIA,False,539027.3,IOCL Panipat Petrochemical Complex,oil_refinery,national_iocl_panipat_petroch,NON_INDUSTRIAL_RURAL,0.1,CLUSTER_138,0.034,2,58,False,10.189999999999998,,UNLABELED,UNVERIFIED,,,,,,16.03,LOW,NON_INDUSTRIAL_RURAL,ROUTINE_MONITORING_RECOMMENDED
614,32.71864,72.77487,305.79,293.89,2026-09-22,2025,0.72,nominal,0.6,N,N,VIIRS,near_real_time,Northern India,ALL_INDIA,False,538942.7,IOCL Panipat Petrochemical Complex,oil_refinery,national_iocl_panipat_petroch,NON_INDUSTRIAL_RURAL,0.1,CLUSTER_138,0.034,2,58,False,11.900000000000034,,UNLABELED,UNVERIFIED,,,,,,16.03,LOW,NON_INDUSTRIAL_RURAL,ROUTINE_MONITORING_RECOMMENDED
615,32.89011,71.61549,308.8,296.2,2026-09-22,2025,1.82,nominal,0.6,N,N,VIIRS,near_real_time,Northern India,ALL_INDIA,False,635273.0,IOCL Panipat Petrochemical Complex,oil_refinery,national_iocl_panipat_petroch,NON_INDUSTRIAL_RURAL,0.1,CLUSTER_290,0.052,3,58,False,12.600000000000023,,UNLABELED,UNVERIFIED,,,,,,16.43,LOW,NON_INDUSTRIAL_RURAL,ROUTINE_MONITORING_RECOMMENDED
616,33.29749,71.18302,307.82,293.32,2026-09-22,2025,0.87,nominal,0.6,N,N,VIIRS,near_real_time,Northern India,ALL_INDIA,False,694604.3,IOCL Panipat Petrochemical Complex,oil_refinery,national_iocl_panipat_petroch,NON_INDUSTRIAL_RURAL,0.1,CLUSTER_139,0.052,3,58,False,14.5,,UNLABELED,UNVERIFIED,,,,,,17.08,LOW,NON_INDUSTRIAL_RURAL,ROUTINE_MONITORING_RECOMMENDED
617,33.68959,72.7111,307.33,293.53,2026-09-22,2025,0.94,nominal,0.6,N,N,VIIRS,near_real_time,Northern India,ALL_INDIA,False,620131.7,IOCL Panipat Petrochemical Complex,oil_refinery,national_iocl_panipat_petroch,NON_INDUSTRIAL_RURAL,0.1,CLUSTER_140,0.034,2,58,False,13.800000000000011,,UNLABELED,UNVERIFIED,,,,,,16.1,LOW,NON_INDUSTRIAL_RURAL,ROUTINE_MONITORING_RECOMMENDED
618,20.96889,85.15355,300.09,271.28,2026-09-22,2027,2.45,nominal,0.6,N,N,VIIRS,near_real_time,Odisha,EAST_MINERAL_BELT,False,141507.2,SAIL Rourkela Steel Plant,steel_and_heavy_industry,national_sail_rourkela_steel_,NON_INDUSTRIAL_RURAL,0.1,CLUSTER_291,0.052,3,58,False,28.810000000000002,,UNLABELED,UNVERIFIED,,,,,,17.17,LOW,NON_INDUSTRIAL_RURAL,ROUTINE_MONITORING_RECOMMENDED
619,21.10015,72.6332,307.73,288.72,2026-09-22,2027,2.35,nominal,0.6,N,N,VIIRS,near_real_time,Gujarat,WEST_GUJARAT,False,118.7,ArcelorMittal Nippon Steel India,works,way/104647203,NEARBY_INDUSTRIAL_BUFFER,0.8,CLUSTER_009,0.345,20,58,True,19.00999999999999,,UNLABELED,UNVERIFIED,,,,,,79.34,HIGH,ELEVATED_THERMAL_ACTIVITY,ESCALATED_INVESTIGATION_RECOMMENDED
620,21.10248,72.64541,320.62,288.08,2026-09-22,2027,7.03,nominal,0.6,N,N,VIIRS,near_real_time,Gujarat,WEST_GUJARAT,False,46.9,ArcelorMittal Nippon Steel India,works,way/104647203,NEARBY_INDUSTRIAL_BUFFER,0.8,CLUSTER_009,0.345,20,58,True,32.54000000000002,,UNLABELED,UNVERIFIED,,,,,,79.34,HIGH,ELEVATED_THERMAL_ACTIVITY,ESCALATED_INVESTIGATION_RECOMMENDED
621,21.10367,72.63429,332.03,289.54,2026-09-22,2027,3.45,nominal,0.6,N,N,VIIRS,near_real_time,Gujarat,WEST_GUJARAT,True,0.0,ArcelorMittal Nippon Steel India,works,way/104647203,INSIDE_INDUSTRIAL_ZONE,1.0,CLUSTER_009,0.345,20,58,True,42.48999999999995,,UNLABELED,UNVERIFIED,,,,,,79.34,HIGH,ELEVATED_THERMAL_ACTIVITY,ESCALATED_INVESTIGATION_RECOMMENDED
622,21.10369,72.64491,345.87,288.23,2026-09-22,2027,6.98,nominal,0.6,N,N,VIIRS,near_real_time,Gujarat,WEST_GUJARAT,True,0.0,ArcelorMittal Nippon Steel India,works,way/104647203,INSIDE_INDUSTRIAL_ZONE,1.0,CLUSTER_009,0.345,20,58,True,57.639999999999986,,UNLABELED,UNVERIFIED,,,,,,79.34,HIGH,ELEVATED_THERMAL_ACTIVITY,ESCALATED_INVESTIGATION_RECOMMENDED
623,21.10496,72.63382,329.1,289.2,2026-09-22,2027,5.2,nominal,0.6,N,N,VIIRS,near_real_time,Gujarat,WEST_GUJARAT,True,0.0,ArcelorMittal Nippon Steel India,works,way/104647203,INSIDE_INDUSTRIAL_ZONE,1.0,CLUSTER_009,0.345,20,58,True,39.900000000000034,,UNLABELED,UNVERIFIED,,,,,,79.34,HIGH,ELEVATED_THERMAL_ACTIVITY,ESCALATED_INVESTIGATION_RECOMMENDED
624,21.10729,72.64602,341.41,289.97,2026-09-22,2027,7.03,nominal,0.6,N,N,VIIRS,near_real_time,Gujarat,WEST_GUJARAT,True,0.0,ArcelorMittal Nippon Steel India,works,way/104647203,INSIDE_INDUSTRIAL_ZONE,1.0,CLUSTER_009,0.345,20,58,True,51.44,,UNLABELED,UNVERIFIED,,,,,,79.34,HIGH,ELEVATED_THERMAL_ACTIVITY,ESCALATED_INVESTIGATION_RECOMMENDED
625,21.10849,72.63493,306.75,289.71,2026-09-22,2027,3.45,nominal,0.6,N,N,VIIRS,near_real_time,Gujarat,WEST_GUJARAT,True,0.0,ArcelorMittal Nippon Steel India,works,way/104647203,INSIDE_INDUSTRIAL_ZONE,1.0,CLUSTER_009,0.345,20,58,True,17.04000000000002,,UNLABELED,UNVERIFIED,,,,,,79.34,HIGH,ELEVATED_THERMAL_ACTIVITY,ESCALATED_INVESTIGATION_RECOMMENDED
626,21.10849,72.6455,316.98,289.89,2026-09-22,2027,6.98,nominal,0.6,N,N,VIIRS,near_real_time,Gujarat,WEST_GUJARAT,True,0.0,ArcelorMittal Nippon Steel India,works,way/104647203,INSIDE_INDUSTRIAL_ZONE,1.0,CLUSTER_009,0.345,20,58,True,27.090000000000032,,UNLABELED,UNVERIFIED,,,,,,79.34,HIGH,ELEVATED_THERMAL_ACTIVITY,ESCALATED_INVESTIGATION_RECOMMENDED
627,21.10977,72.63442,311.94,290.06,2026-09-22,2027,5.2,nominal,0.6,N,N,VIIRS,near_real_time,Gujarat,WEST_GUJARAT,True,0.0,ArcelorMittal Nippon Steel India,works,way/104647203,INSIDE_INDUSTRIAL_ZONE,1.0,CLUSTER_009,0.345,20,58,True,21.879999999999995,,UNLABELED,UNVERIFIED,,,,,,79.34,HIGH,ELEVATED_THERMAL_ACTIVITY,ESCALATED_INVESTIGATION_RECOMMENDED
628,21.27147,72.86965,312.24,288.69,2026-09-22,2027,1.5,nominal,0.6,N,N,VIIRS,near_real_time,Gujarat,WEST_GUJARAT,False,2593.5,Unnamed Industrial Facility,storage_tank,way/1325624481,VICINITY_ZONE,0.4,CLUSTER_292,0.017,1,58,False,23.55000000000001,,UNLABELED,UNVERIFIED,,,,,,18.65,LOW,NON_INDUSTRIAL_RURAL,ROUTINE_MONITORING_RECOMMENDED
629,21.27164,72.87063,310.97,288.73,2026-09-22,2027,2.06,nominal,0.6,N,N,VIIRS,near_real_time,Gujarat,WEST_GUJARAT,False,2658.8,Unnamed Industrial Facility,storage_tank,way/1325624481,VICINITY_ZONE,0.4,CLUSTER_292,0.017,1,58,False,22.24000000000001,,UNLABELED,UNVERIFIED,,,,,,18.65,LOW,NON_INDUSTRIAL_RURAL,ROUTINE_MONITORING_RECOMMENDED
630,21.98676,83.23273,295.01,264.67,2026-09-22,2027,0.7,nominal,0.6,N,N,VIIRS,near_real_time,Odisha,EAST_MINERAL_BELT,False,170039.8,SAIL Rourkela Steel Plant,steel_and_heavy_industry,national_sail_rourkela_steel_,NON_INDUSTRIAL_RURAL,0.1,CLUSTER_293,0.086,5,58,False,30.339999999999975,,UNLABELED,UNVERIFIED,,,,,,20.43,LOW,NON_INDUSTRIAL_RURAL,ROUTINE_MONITORING_RECOMMENDED
631,22.35647,82.30317,310.67,272.25,2026-09-22,2027,1.53,nominal,0.6,N,N,VIIRS,near_real_time,Chhattisgarh,EAST_MINERAL_BELT,False,161217.7,SAIL Bhilai Steel Plant,steel_and_heavy_industry,national_sail_bhilai_steel_pl,NON_INDUSTRIAL_RURAL,0.1,CLUSTER_155,0.086,5,58,False,38.420000000000016,,UNLABELED,UNVERIFIED,,,,,,22.5,LOW,NON_INDUSTRIAL_RURAL,ROUTINE_MONITORING_RECOMMENDED
632,22.35982,82.30381,320.8,273.83,2026-09-22,2027,1.67,nominal,0.6,N,N,VIIRS,near_real_time,Chhattisgarh,EAST_MINERAL_BELT,False,161557.1,SAIL Bhilai Steel Plant,steel_and_heavy_industry,national_sail_bhilai_steel_pl,NON_INDUSTRIAL_RURAL,0.1,CLUSTER_155,0.086,5,58,False,46.97000000000003,,UNLABELED,UNVERIFIED,,,,,,22.5,LOW,NON_INDUSTRIAL_RURAL,ROUTINE_MONITORING_RECOMMENDED
633,22.36046,82.29998,305.73,272.53,2026-09-22,2027,1.5,nominal,0.6,N,N,VIIRS,near_real_time,Chhattisgarh,EAST_MINERAL_BELT,False,161382.4,SAIL Bhilai Steel Plant,steel_and_heavy_industry,national_sail_bhilai_steel_pl,NON_INDUSTRIAL_RURAL,0.1,CLUSTER_155,0.086,5,58,False,33.200000000000045,,UNLABELED,UNVERIFIED,,,,,,22.5,LOW,NON_INDUSTRIAL_RURAL,ROUTINE_MONITORING_RECOMMENDED
634,22.41708,69.0388,306.2,293.27,2026-09-22,2027,1.82,nominal,0.6,N,N,VIIRS,near_real_time,Gujarat,WEST_GUJARAT,True,0.0,Unnamed Industrial Facility,general_industry,way/1311235459,INSIDE_INDUSTRIAL_ZONE,1.0,CLUSTER_018,0.172,10,58,False,12.930000000000007,,UNLABELED,UNVERIFIED,,,,,,48.09,MODERATE,RECURRING_INTERMITTENT_HEAT,ANALYST_REVIEW_RECOMMENDED
635,22.41736,69.03574,306.01,293.19,2026-09-22,2027,1.64,nominal,0.6,N,N,VIIRS,near_real_time,Gujarat,WEST_GUJARAT,False,234.0,Unnamed Industrial Facility,general_industry,way/1311235459,NEARBY_INDUSTRIAL_BUFFER,0.8,CLUSTER_018,0.172,10,58,False,12.819999999999993,,UNLABELED,UNVERIFIED,,,,,,48.09,MODERATE,RECURRING_INTERMITTENT_HEAT,ANALYST_REVIEW_RECOMMENDED
636,22.78658,86.20712,298.92,278.65,2026-09-22,2027,0.99,nominal,0.6,N,N,VIIRS,near_real_time,Jharkhand,EAST_MINERAL_BELT,False,394.3,Tata Steel Jamshedpur Works,steel_and_heavy_industry,national_tata_steel_jamshedpu,NEARBY_INDUSTRIAL_BUFFER,0.8,CLUSTER_047,0.121,7,58,True,20.27000000000004,,UNLABELED,UNVERIFIED,,,,,,82.57,CRITICAL,SEVERE_THERMAL_ANOMALY,HIGH_PRIORITY_INVESTIGATION_REQUIRED
637,22.78762,86.20168,300.24,280.39,2026-09-22,2027,1.17,nominal,0.6,N,N,VIIRS,near_real_time,Jharkhand,EAST_MINERAL_BELT,False,200.0,Tata Steel Jamshedpur Works,steel_and_heavy_industry,national_tata_steel_jamshedpu,NEARBY_INDUSTRIAL_BUFFER,0.8,CLUSTER_047,0.121,7,58,True,19.850000000000023,,UNLABELED,UNVERIFIED,,,,,,82.57,CRITICAL,SEVERE_THERMAL_ANOMALY,HIGH_PRIORITY_INVESTIGATION_REQUIRED
638,22.78867,86.19625,301.51,281.03,2026-09-22,2027,1.17,nominal,0.6,N,N,VIIRS,near_real_time,Jharkhand,EAST_MINERAL_BELT,False,378.3,Tata Steel Jamshedpur Works,steel_and_heavy_industry,national_tata_steel_jamshedpu,NEARBY_INDUSTRIAL_BUFFER,0.8,CLUSTER_047,0.121,7,58,True,20.480000000000018,,UNLABELED,UNVERIFIED,,,,,,82.57,CRITICAL,SEVERE_THERMAL_ANOMALY,HIGH_PRIORITY_INVESTIGATION_REQUIRED
639,22.79051,86.20804,298.83,277.59,2026-09-22,2027,0.86,nominal,0.6,N,N,VIIRS,near_real_time,Jharkhand,EAST_MINERAL_BELT,False,783.2,Tata Steel Jamshedpur Works,steel_and_heavy_industry,national_tata_steel_jamshedpu,NEARBY_INDUSTRIAL_BUFFER,0.8,CLUSTER_047,0.121,7,58,True,21.24000000000001,,UNLABELED,UNVERIFIED,,,,,,82.57,CRITICAL,SEVERE_THERMAL_ANOMALY,HIGH_PRIORITY_INVESTIGATION_REQUIRED
640,23.51768,87.27235,299.68,279.55,2026-09-22,2027,0.76,nominal,0.6,N,N,VIIRS,near_real_time,West Bengal,EAST_MINERAL_BELT,False,136294.8,Tata Steel Jamshedpur Works,steel_and_heavy_industry,national_tata_steel_jamshedpu,NON_INDUSTRIAL_RURAL,0.1,CLUSTER_294,0.017,1,58,False,20.129999999999995,,UNLABELED,UNVERIFIED,,,,,,15.94,LOW,NON_INDUSTRIAL_RURAL,ROUTINE_MONITORING_RECOMMENDED
641,23.6628,87.15627,307.88,279.35,2026-09-22,2027,1.38,nominal,0.6,N,N,VIIRS,near_real_time,West Bengal,EAST_MINERAL_BELT,False,137866.7,Tata Steel Jamshedpur Works,steel_and_heavy_industry,national_tata_steel_jamshedpu,NON_INDUSTRIAL_RURAL,0.1,CLUSTER_295,0.052,3,58,False,28.529999999999973,,UNLABELED,UNVERIFIED,,,,,,18.17,LOW,NON_INDUSTRIAL_RURAL,ROUTINE_MONITORING_RECOMMENDED
642,23.6636,87.15228,301.85,278.98,2026-09-22,2027,1.14,nominal,0.6,N,N,VIIRS,near_real_time,West Bengal,EAST_MINERAL_BELT,False,137642.3,Tata Steel Jamshedpur Works,steel_and_heavy_industry,national_tata_steel_jamshedpu,NON_INDUSTRIAL_RURAL,0.1,CLUSTER_295,0.052,3,58,False,22.870000000000005,,UNLABELED,UNVERIFIED,,,,,,18.17,LOW,NON_INDUSTRIAL_RURAL,ROUTINE_MONITORING_RECOMMENDED
643,23.6661,87.1612,301.87,279.11,2026-09-22,2027,1.38,nominal,0.6,N,N,VIIRS,near_real_time,West Bengal,EAST_MINERAL_BELT,False,138481.4,Tata Steel Jamshedpur Works,steel_and_heavy_industry,national_tata_steel_jamshedpu,NON_INDUSTRIAL_RURAL,0.1,CLUSTER_295,0.052,3,58,False,22.75999999999999,,UNLABELED,UNVERIFIED,,,,,,18.17,LOW,NON_INDUSTRIAL_RURAL,ROUTINE_MONITORING_RECOMMENDED
644,23.66947,86.93599,302.5,280.48,2026-09-22,2027,0.82,nominal,0.6,N,N,VIIRS,near_real_time,Jharkhand,EAST_MINERAL_BELT,False,123602.8,Tata Steel Jamshedpur Works,steel_and_heavy_industry,national_tata_steel_jamshedpu,NON_INDUSTRIAL_RURAL,0.1,CLUSTER_163,0.069,4,58,False,22.019999999999982,,UNLABELED,UNVERIFIED,,,,,,20.49,LOW,NON_INDUSTRIAL_RURAL,ROUTINE_MONITORING_RECOMMENDED
645,24.11636,86.85889,299.53,270.6,2026-09-22,2027,0.8,nominal,0.6,N,N,VIIRS,near_real_time,Jharkhand,EAST_MINERAL_BELT,False,162434.7,Tata Steel Jamshedpur Works,steel_and_heavy_industry,national_tata_steel_jamshedpu,NON_INDUSTRIAL_RURAL,0.1,CLUSTER_132,0.052,3,58,False,28.92999999999995,,UNLABELED,UNVERIFIED,,,,,,16.48,LOW,NON_INDUSTRIAL_RURAL,ROUTINE_MONITORING_RECOMMENDED
646,24.18069,82.64651,297.66,276.61,2026-09-22,2027,0.63,nominal,0.6,N,N,VIIRS,near_real_time,Chhattisgarh,EAST_MINERAL_BELT,False,314266.9,SAIL Rourkela Steel Plant,steel_and_heavy_industry,national_sail_rourkela_steel_,NON_INDUSTRIAL_RURAL,0.1,CLUSTER_296,0.052,3,58,False,21.05000000000001,,UNLABELED,UNVERIFIED,,,,,,16.02,LOW,NON_INDUSTRIAL_RURAL,ROUTINE_MONITORING_RECOMMENDED
647,24.18209,82.65876,299.72,276.35,2026-09-22,2027,0.73,nominal,0.6,N,N,VIIRS,near_real_time,Chhattisgarh,EAST_MINERAL_BELT,False,313472.1,SAIL Rourkela Steel Plant,steel_and_heavy_industry,national_sail_rourkela_steel_,NON_INDUSTRIAL_RURAL,0.1,CLUSTER_297,0.052,3,58,False,23.370000000000005,,UNLABELED,UNVERIFIED,,,,,,16.15,LOW,NON_INDUSTRIAL_RURAL,ROUTINE_MONITORING_RECOMMENDED
648,24.19646,82.71751,311.08,277.44,2026-09-22,2027,1.22,nominal,0.6,N,N,VIIRS,near_real_time,Chhattisgarh,EAST_MINERAL_BELT,False,310294.4,SAIL Rourkela Steel Plant,steel_and_heavy_industry,national_sail_rourkela_steel_,NON_INDUSTRIAL_RURAL,0.1,CLUSTER_185,0.069,4,58,False,33.639999999999986,,UNLABELED,UNVERIFIED,,,,,,19.39,LOW,NON_INDUSTRIAL_RURAL,ROUTINE_MONITORING_RECOMMENDED
649,24.20443,82.7112,300.78,278.2,2026-09-22,2027,1.2,nominal,0.6,N,N,VIIRS,near_real_time,Chhattisgarh,EAST_MINERAL_BELT,False,311372.2,SAIL Rourkela Steel Plant,steel_and_heavy_industry,national_sail_rourkela_steel_,NON_INDUSTRIAL_RURAL,0.1,CLUSTER_185,0.069,4,58,False,22.579999999999984,,UNLABELED,UNVERIFIED,,,,,,19.39,LOW,NON_INDUSTRIAL_RURAL,ROUTINE_MONITORING_RECOMMENDED
650,24.66031,74.63074,305.94,295.88,2026-09-22,2027,2.32,nominal,0.6,N,N,VIIRS,near_real_time,Central India,ALL_INDIA,False,89169.1,Unnamed Industrial Facility,general_industry,way/695640152,NON_INDUSTRIAL_RURAL,0.1,CLUSTER_298,0.069,4,58,False,10.060000000000002,,UNLABELED,UNVERIFIED,,,,,,16.36,LOW,NON_INDUSTRIAL_RURAL,ROUTINE_MONITORING_RECOMMENDED
651,24.7647,74.60931,311.15,296.9,2026-09-22,2027,2.7,nominal,0.6,N,N,VIIRS,near_real_time,Central India,ALL_INDIA,False,89735.0,Unnamed Industrial Facility,general_industry,way/695640152,NON_INDUSTRIAL_RURAL,0.1,CLUSTER_187,0.069,4,58,False,14.25,,UNLABELED,UNVERIFIED,,,,,,17.41,LOW,NON_INDUSTRIAL_RURAL,ROUTINE_MONITORING_RECOMMENDED
652,24.92181,84.15652,302.72,279.74,2026-09-22,2027,0.37,nominal,0.6,N,N,VIIRS,near_real_time,Odisha,EAST_MINERAL_BELT,False,308437.3,SAIL Rourkela Steel Plant,steel_and_heavy_industry,national_sail_rourkela_steel_,NON_INDUSTRIAL_RURAL,0.1,CLUSTER_299,0.017,1,58,False,22.980000000000018,,UNLABELED,UNVERIFIED,,,,,,15.84,LOW,NON_INDUSTRIAL_RURAL,ROUTINE_MONITORING_RECOMMENDED
653,25.391,68.58163,306.12,295.52,2026-09-22,2027,0.72,nominal,0.6,N,N,VIIRS,near_real_time,Western India,ALL_INDIA,False,155285.1,Khavda Renewable Energy Park,general_industry,way/1273382001,NON_INDUSTRIAL_RURAL,0.1,CLUSTER_090,0.121,7,58,False,10.600000000000023,,UNLABELED,UNVERIFIED,,,,,,19.89,LOW,NON_INDUSTRIAL_RURAL,ROUTINE_MONITORING_RECOMMENDED
654,25.94327,72.18935,310.22,297.64,2026-09-22,2027,1.12,nominal,0.6,N,N,VIIRS,near_real_time,Western India,ALL_INDIA,False,173995.9,Unnamed Industrial Facility,general_industry,way/1243273049,NON_INDUSTRIAL_RURAL,0.1,CLUSTER_300,0.034,2,58,False,12.580000000000041,,UNLABELED,UNVERIFIED,,,,,,16.92,LOW,NON_INDUSTRIAL_RURAL,ROUTINE_MONITORING_RECOMMENDED
655,26.09462,68.87559,307.65,296.88,2026-09-22,2027,1.38,nominal,0.6,N,N,VIIRS,near_real_time,Western India,ALL_INDIA,False,218416.6,NTPC Khavda,general_industry,way/1336628395,NON_INDUSTRIAL_RURAL,0.1,CLUSTER_190,0.086,5,58,False,10.769999999999982,,UNLABELED,UNVERIFIED,,,,,,20.89,LOW,NON_INDUSTRIAL_RURAL,ROUTINE_MONITORING_RECOMMENDED
656,12.74701,77.62012,299.29,274.23,2026-09-22,2029,0.68,nominal,0.6,N,N,VIIRS,near_real_time,Karnataka,SOUTH_CORRIDOR,False,290152.2,CPCL Manali Refinery Complex,oil_refinery,national_cpcl_manali_refinery,NON_INDUSTRIAL_RURAL,0.1,CLUSTER_301,0.017,1,58,False,25.060000000000002,,UNLABELED,UNVERIFIED,,,,,,15.92,LOW,NON_INDUSTRIAL_RURAL,ROUTINE_MONITORING_RECOMMENDED
657,15.65808,73.98932,297.62,268.67,2026-09-22,2029,0.64,nominal,0.6,N,N,VIIRS,near_real_time,Western India,ALL_INDIA,False,309526.1,MRPL Mangalore Refinery,oil_refinery,national_mrpl_mangalore_refin,NON_INDUSTRIAL_RURAL,0.1,CLUSTER_208,0.052,3,58,False,28.94999999999999,,UNLABELED,UNVERIFIED,,,,,,16.38,LOW,NON_INDUSTRIAL_RURAL,ROUTINE_MONITORING_RECOMMENDED
658,18.80264,74.26019,317.29,286.21,2026-09-22,2029,1.87,nominal,0.6,N,N,VIIRS,near_real_time,Maharashtra,WEST_MAHARASHTRA,False,114599.2,Rasayani Petrochemical Complex,chemical_petrochemical,national_rasayani_petrochemic,NON_INDUSTRIAL_RURAL,0.1,CLUSTER_302,0.017,1,58,False,31.08000000000004,,UNLABELED,UNVERIFIED,,,,,,17.17,LOW,NON_INDUSTRIAL_RURAL,ROUTINE_MONITORING_RECOMMENDED
659,19.36975,71.35487,310.15,278.98,2026-09-22,2029,2.82,nominal,0.6,N,N,VIIRS,near_real_time,Western India,ALL_INDIA,False,149895.3,MIDC Tarapur Industrial Area,chemical_and_pharmaceutical,national_midc_tarapur_industr,NON_INDUSTRIAL_RURAL,0.1,CLUSTER_081,0.069,4,58,False,31.16999999999996,,UNLABELED,UNVERIFIED,,,,,,27.78,LOW,NON_INDUSTRIAL_RURAL,ROUTINE_MONITORING_RECOMMENDED
660,19.37009,71.3517,351.96,280.3,2026-09-22,2029,2.82,nominal,0.6,N,N,VIIRS,near_real_time,Western India,ALL_INDIA,False,157045.0,Unnamed Industrial Facility,general_industry,way/897110614,NON_INDUSTRIAL_RURAL,0.1,CLUSTER_081,0.069,4,58,False,71.65999999999997,,UNLABELED,UNVERIFIED,,,,,,27.78,LOW,NON_INDUSTRIAL_RURAL,ROUTINE_MONITORING_RECOMMENDED
661,8.67101,77.99467,304.96,286.8,2026-09-22,2032,0.38,nominal,0.6,N,N,VIIRS,near_real_time,Karnataka,SOUTH_CORRIDOR,False,230327.7,BPCL Kochi Refinery (Ambalamugal),oil_refinery,national_bpcl_kochi_refinery_,NON_INDUSTRIAL_RURAL,0.1,CLUSTER_206,0.052,3,58,False,18.159999999999968,,UNLABELED,UNVERIFIED,,,,,,16.01,LOW,NON_INDUSTRIAL_RURAL,ROUTINE_MONITORING_RECOMMENDED
662,11.26881,80.00273,309.18,279.39,2026-09-22,2032,1.15,nominal,0.6,N,N,VIIRS,near_real_time,Tamil Nadu,SOUTH_CORRIDOR,False,211620.6,CPCL Manali Refinery Complex,oil_refinery,national_cpcl_manali_refinery,NON_INDUSTRIAL_RURAL,0.1,CLUSTER_303,0.034,2,58,False,29.79000000000002,,UNLABELED,UNVERIFIED,,,,,,16.98,LOW,NON_INDUSTRIAL_RURAL,ROUTINE_MONITORING_RECOMMENDED
663,31.76846,70.10887,308.6,295.06,2026-09-22,2205,0.71,nominal,0.6,N,N,VIIRS,near_real_time,Northern India,ALL_INDIA,False,701967.0,IOCL Panipat Petrochemical Complex,oil_refinery,national_iocl_panipat_petroch,NON_INDUSTRIAL_RURAL,0.1,CLUSTER_289,0.034,2,58,False,13.54000000000002,,UNLABELED,UNVERIFIED,,,,,,16.01,LOW,NON_INDUSTRIAL_RURAL,ROUTINE_MONITORING_RECOMMENDED
664,33.29491,71.18903,304.21,292.88,2026-09-22,2205,0.86,nominal,0.6,N,N,VIIRS,near_real_time,Northern India,ALL_INDIA,False,693985.4,IOCL Panipat Petrochemical Complex,oil_refinery,national_iocl_panipat_petroch,NON_INDUSTRIAL_RURAL,0.1,CLUSTER_139,0.052,3,58,False,11.329999999999984,,UNLABELED,UNVERIFIED,,,,,,17.08,LOW,NON_INDUSTRIAL_RURAL,ROUTINE_MONITORING_RECOMMENDED
665,33.29517,71.1871,316.95,293.26,2026-09-22,2205,1.72,nominal,0.6,N,N,VIIRS,near_real_time,Northern India,ALL_INDIA,False,694146.1,IOCL Panipat Petrochemical Complex,oil_refinery,national_iocl_panipat_petroch,NON_INDUSTRIAL_RURAL,0.1,CLUSTER_139,0.052,3,58,False,23.689999999999998,,UNLABELED,UNVERIFIED,,,,,,17.08,LOW,NON_INDUSTRIAL_RURAL,ROUTINE_MONITORING_RECOMMENDED
666,33.29622,71.18422,304.37,293.11,2026-09-22,2205,1.25,nominal,0.6,N,N,VIIRS,near_real_time,Northern India,ALL_INDIA,False,694430.3,IOCL Panipat Petrochemical Complex,oil_refinery,national_iocl_panipat_petroch,NON_INDUSTRIAL_RURAL,0.1,CLUSTER_139,0.052,3,58,False,11.259999999999991,,UNLABELED,UNVERIFIED,,,,,,17.08,LOW,NON_INDUSTRIAL_RURAL,ROUTINE_MONITORING_RECOMMENDED
667,33.80107,72.09988,303.47,292.52,2026-09-22,2205,0.65,nominal,0.6,N,N,VIIRS,near_real_time,Northern India,ALL_INDIA,False,667596.3,IOCL Panipat Petrochemical Complex,oil_refinery,national_iocl_panipat_petroch,NON_INDUSTRIAL_RURAL,0.1,CLUSTER_304,0.017,1,58,False,10.950000000000045,,UNLABELED,UNVERIFIED,,,,,,15.91,LOW,NON_INDUSTRIAL_RURAL,ROUTINE_MONITORING_RECOMMENDED
668,22.31283,69.86509,304.07,290.99,2026-09-22,2208,1.04,nominal,0.6,N,N,VIIRS,near_real_time,Gujarat,WEST_GUJARAT,True,0.0,Reliance Refinery,refinery,way/91585872,INSIDE_INDUSTRIAL_ZONE,1.0,CLUSTER_305,0.017,1,58,False,13.079999999999984,,UNLABELED,UNVERIFIED,,,,,,44.51,MODERATE,RECURRING_INTERMITTENT_HEAT,ANALYST_REVIEW_RECOMMENDED
669,22.314,69.86107,307.6,290.97,2026-09-22,2208,0.7,nominal,0.6,N,N,VIIRS,near_real_time,Gujarat,WEST_GUJARAT,True,0.0,Reliance Refinery,refinery,way/91585872,INSIDE_INDUSTRIAL_ZONE,1.0,CLUSTER_305,0.017,1,58,False,16.629999999999995,,UNLABELED,UNVERIFIED,,,,,,44.51,MODERATE,RECURRING_INTERMITTENT_HEAT,ANALYST_REVIEW_RECOMMENDED
670,22.41537,69.03992,305.74,293.04,2026-09-22,2208,1.23,nominal,0.6,N,N,VIIRS,near_real_time,Gujarat,WEST_GUJARAT,False,6.6,Unnamed Industrial Facility,general_industry,way/1311235459,NEARBY_INDUSTRIAL_BUFFER,0.8,CLUSTER_018,0.172,10,58,False,12.699999999999989,,UNLABELED,UNVERIFIED,,,,,,48.09,MODERATE,RECURRING_INTERMITTENT_HEAT,ANALYST_REVIEW_RECOMMENDED
671,22.41594,69.03984,305.93,292.8,2026-09-22,2208,1.22,nominal,0.6,N,N,VIIRS,near_real_time,Gujarat,WEST_GUJARAT,True,0.0,Unnamed Industrial Facility,general_industry,way/1311235459,INSIDE_INDUSTRIAL_ZONE,1.0,CLUSTER_018,0.172,10,58,False,13.129999999999995,,UNLABELED,UNVERIFIED,,,,,,48.09,MODERATE,RECURRING_INTERMITTENT_HEAT,ANALYST_REVIEW_RECOMMENDED
672,25.3863,68.5815,310.56,295.96,2026-09-22,2208,1.82,nominal,0.6,N,N,VIIRS,near_real_time,Western India,ALL_INDIA,False,154831.3,Khavda Renewable Energy Park,general_industry,way/1273382001,NON_INDUSTRIAL_RURAL,0.1,CLUSTER_090,0.121,7,58,False,14.600000000000023,,UNLABELED,UNVERIFIED,,,,,,19.89,LOW,NON_INDUSTRIAL_RURAL,ROUTINE_MONITORING_RECOMMENDED
673,25.38899,68.58594,314.84,295.68,2026-09-22,2208,1.73,nominal,0.6,N,N,VIIRS,near_real_time,Western India,ALL_INDIA,False,154883.3,Khavda Renewable Energy Park,general_industry,way/1273382001,NON_INDUSTRIAL_RURAL,0.1,CLUSTER_090,0.121,7,58,False,19.159999999999968,,UNLABELED,UNVERIFIED,,,,,,19.89,LOW,NON_INDUSTRIAL_RURAL,ROUTINE_MONITORING_RECOMMENDED
674,28.04985,69.37116,316.96,296.1,2026-09-22,2208,2.86,nominal,0.6,N,N,VIIRS,near_real_time,Northern India,ALL_INDIA,False,427444.5,NTPC Khavda,general_industry,way/1336628395,NON_INDUSTRIAL_RURAL,0.1,CLUSTER_198,0.138,8,58,False,20.859999999999957,,UNLABELED,UNVERIFIED,,,,,,21.75,LOW,NON_INDUSTRIAL_RURAL,ROUTINE_MONITORING_RECOMMENDED
675,28.05444,69.36882,318.04,297.18,2026-09-22,2208,2.22,nominal,0.6,N,N,VIIRS,near_real_time,Northern India,ALL_INDIA,False,427960.5,NTPC Khavda,general_industry,way/1336628395,NON_INDUSTRIAL_RURAL,0.1,CLUSTER_198,0.138,8,58,False,20.860000000000014,,UNLABELED,UNVERIFIED,,,,,,21.75,LOW,NON_INDUSTRIAL_RURAL,ROUTINE_MONITORING_RECOMMENDED
676,8.19812,80.69488,330.14,291.07,2026-09-23,0737,5.33,nominal,0.6,D,N,VIIRS,near_real_time,Southern India,ALL_INDIA,False,514877.8,BPCL Kochi Refinery (Ambalamugal),oil_refinery,national_bpcl_kochi_refinery_,NON_INDUSTRIAL_RURAL,0.1,CLUSTER_306,0.017,1,58,False,39.06999999999999,,UNLABELED,UNVERIFIED,,,,,,19.69,LOW,NON_INDUSTRIAL_RURAL,ROUTINE_MONITORING_RECOMMENDED
677,8.20128,80.97897,333.66,293.0,2026-09-23,0737,2.96,nominal,0.6,D,N,VIIRS,near_real_time,Tamil Nadu,SOUTH_CORRIDOR,False,543675.5,BPCL Kochi Refinery (Ambalamugal),oil_refinery,national_bpcl_kochi_refinery_,NON_INDUSTRIAL_RURAL,0.1,CLUSTER_307,0.017,1,58,False,40.660000000000025,,UNLABELED,UNVERIFIED,,,,,,19.59,LOW,NON_INDUSTRIAL_RURAL,ROUTINE_MONITORING_RECOMMENDED
678,8.21114,80.05256,334.35,292.01,2026-09-23,0737,3.08,nominal,0.6,D,N,VIIRS,near_real_time,Tamil Nadu,SOUTH_CORRIDOR,False,449946.9,BPCL Kochi Refinery (Ambalamugal),oil_refinery,national_bpcl_kochi_refinery_,NON_INDUSTRIAL_RURAL,0.1,CLUSTER_308,0.017,1,58,False,42.34000000000003,,UNLABELED,UNVERIFIED,,,,,,19.71,LOW,NON_INDUSTRIAL_RURAL,ROUTINE_MONITORING_RECOMMENDED
679,8.68473,80.86062,339.02,290.0,2026-09-23,0737,7.15,nominal,0.6,D,N,VIIRS,near_real_time,Tamil Nadu,SOUTH_CORRIDOR,False,501119.0,CPCL Manali Refinery Complex,oil_refinery,national_cpcl_manali_refinery,NON_INDUSTRIAL_RURAL,0.1,CLUSTER_309,0.017,1,58,False,49.01999999999998,,UNLABELED,UNVERIFIED,,,,,,21.31,LOW,NON_INDUSTRIAL_RURAL,ROUTINE_MONITORING_RECOMMENDED
680,8.76989,80.84837,329.99,289.85,2026-09-23,0737,6.82,nominal,0.6,D,N,VIIRS,near_real_time,Tamil Nadu,SOUTH_CORRIDOR,False,491555.3,CPCL Manali Refinery Complex,oil_refinery,national_cpcl_manali_refinery,NON_INDUSTRIAL_RURAL,0.1,CLUSTER_310,0.017,1,58,False,40.139999999999986,,UNLABELED,UNVERIFIED,,,,,,20.04,LOW,NON_INDUSTRIAL_RURAL,ROUTINE_MONITORING_RECOMMENDED
681,9.31391,80.21855,326.0,280.22,2026-09-23,0737,1.88,nominal,0.6,D,N,VIIRS,near_real_time,Tamil Nadu,SOUTH_CORRIDOR,False,427035.4,CPCL Manali Refinery Complex,oil_refinery,national_cpcl_manali_refinery,NON_INDUSTRIAL_RURAL,0.1,CLUSTER_311,0.017,1,58,False,45.77999999999997,,UNLABELED,UNVERIFIED,,,,,,18.31,LOW,NON_INDUSTRIAL_RURAL,ROUTINE_MONITORING_RECOMMENDED
682,19.36658,71.35461,351.34,283.15,2026-09-23,0739,13.94,nominal,0.6,D,N,VIIRS,near_real_time,Western India,ALL_INDIA,False,150039.9,MIDC Tarapur Industrial Area,chemical_and_pharmaceutical,national_midc_tarapur_industr,NON_INDUSTRIAL_RURAL,0.1,CLUSTER_081,0.069,4,58,False,68.19,,UNLABELED,UNVERIFIED,,,,,,27.78,LOW,NON_INDUSTRIAL_RURAL,ROUTINE_MONITORING_RECOMMENDED
683,19.36956,71.34779,328.23,283.13,2026-09-23,0739,11.77,nominal,0.6,D,N,VIIRS,near_real_time,Western India,ALL_INDIA,False,156971.9,Unnamed Industrial Facility,general_industry,way/897110614,NON_INDUSTRIAL_RURAL,0.1,CLUSTER_081,0.069,4,58,False,45.10000000000002,,UNLABELED,UNVERIFIED,,,,,,27.78,LOW,NON_INDUSTRIAL_RURAL,ROUTINE_MONITORING_RECOMMENDED
684,19.37139,71.35529,357.36,283.58,2026-09-23,0739,23.7,low,0.2,D,N,VIIRS,near_real_time,Western India,ALL_INDIA,False,149792.5,MIDC Tarapur Industrial Area,chemical_and_pharmaceutical,national_midc_tarapur_industr,NON_INDUSTRIAL_RURAL,0.1,CLUSTER_081,0.069,4,58,False,73.78000000000003,,UNLABELED,UNVERIFIED,,,,,,27.78,LOW,NON_INDUSTRIAL_RURAL,ROUTINE_MONITORING_RECOMMENDED
685,21.6728,84.04043,329.34,291.65,2026-09-23,0739,3.89,nominal,0.6,D,N,VIIRS,near_real_time,Odisha,EAST_MINERAL_BELT,False,104354.9,SAIL Rourkela Steel Plant,steel_and_heavy_industry,national_sail_rourkela_steel_,NON_INDUSTRIAL_RURAL,0.1,CLUSTER_312,0.052,3,58,False,37.69,,UNLABELED,UNVERIFIED,,,,,,20.08,LOW,NON_INDUSTRIAL_RURAL,ROUTINE_MONITORING_RECOMMENDED
686,21.67955,84.03915,334.13,294.64,2026-09-23,0739,4.78,nominal,0.6,D,N,VIIRS,near_real_time,Odisha,EAST_MINERAL_BELT,False,104028.2,SAIL Rourkela Steel Plant,steel_and_heavy_industry,national_sail_rourkela_steel_,NON_INDUSTRIAL_RURAL,0.1,CLUSTER_312,0.052,3,58,False,39.49000000000001,,UNLABELED,UNVERIFIED,,,,,,20.08,LOW,NON_INDUSTRIAL_RURAL,ROUTINE_MONITORING_RECOMMENDED
687,22.49384,97.49544,337.34,293.04,2026-09-23,0739,6.59,nominal,0.6,D,N,VIIRS,near_real_time,Eastern India,ALL_INDIA,False,969321.6,Haldia Petrochemicals Complex,chemical_petrochemical,national_haldia_petrochemical,NON_INDUSTRIAL_RURAL,0.1,CLUSTER_313,0.017,1,58,False,44.299999999999955,,UNLABELED,UNVERIFIED,,,,,,20.95,LOW,NON_INDUSTRIAL_RURAL,ROUTINE_MONITORING_RECOMMENDED
688,26.12201,68.94447,334.26,306.99,2026-09-23,0741,4.27,low,0.2,D,N,VIIRS,near_real_time,Western India,ALL_INDIA,False,219554.0,NTPC Khavda,general_industry,way/1336628395,NON_INDUSTRIAL_RURAL,0.1,CLUSTER_314,0.017,1,58,False,27.269999999999982,,UNLABELED,UNVERIFIED,,,,,,19.98,LOW,NON_INDUSTRIAL_RURAL,ROUTINE_MONITORING_RECOMMENDED
689,26.63719,72.25947,349.0,307.83,2026-09-23,0741,5.35,nominal,0.6,D,N,VIIRS,near_real_time,Western India,ALL_INDIA,False,245975.7,Unnamed Industrial Facility,general_industry,way/1243273049,NON_INDUSTRIAL_RURAL,0.1,CLUSTER_315,0.017,1,58,False,41.170000000000016,,UNLABELED,UNVERIFIED,,,,,,22.18,LOW,NON_INDUSTRIAL_RURAL,ROUTINE_MONITORING_RECOMMENDED
690,27.51587,78.42472,330.97,299.51,2026-09-23,0741,1.66,nominal,0.6,D,N,VIIRS,near_real_time,Uttar Pradesh,NORTH_NCR,False,73650.6,IOCL Mathura Refinery,oil_refinery,national_iocl_mathura_refiner,NON_INDUSTRIAL_RURAL,0.1,CLUSTER_316,0.017,1,58,False,31.460000000000036,,UNLABELED,UNVERIFIED,,,,,,18.91,LOW,NON_INDUSTRIAL_RURAL,ROUTINE_MONITORING_RECOMMENDED
691,27.51616,78.42499,330.05,299.17,2026-09-23,0741,1.62,nominal,0.6,D,N,VIIRS,near_real_time,Uttar Pradesh,NORTH_NCR,False,73681.5,IOCL Mathura Refinery,oil_refinery,national_iocl_mathura_refiner,NON_INDUSTRIAL_RURAL,0.1,CLUSTER_316,0.017,1,58,False,30.879999999999995,,UNLABELED,UNVERIFIED,,,,,,18.91,LOW,NON_INDUSTRIAL_RURAL,ROUTINE_MONITORING_RECOMMENDED
692,27.77869,77.67394,341.58,302.25,2026-09-23,0741,5.25,nominal,0.6,D,N,VIIRS,near_real_time,Uttar Pradesh,NORTH_NCR,False,39221.9,IOCL Mathura Refinery,oil_refinery,national_iocl_mathura_refiner,NON_INDUSTRIAL_RURAL,0.1,CLUSTER_317,0.017,1,58,False,39.329999999999984,,UNLABELED,UNVERIFIED,,,,,,21.19,LOW,NON_INDUSTRIAL_RURAL,ROUTINE_MONITORING_RECOMMENDED
693,28.03601,75.06429,334.31,307.28,2026-09-23,0741,1.24,low,0.2,D,N,VIIRS,near_real_time,Northern India,ALL_INDIA,False,174619.6,Bhiwadi RIICO Industrial Cluster,general_industry,national_bhiwadi_riico_indust,NON_INDUSTRIAL_RURAL,0.1,CLUSTER_318,0.017,1,58,False,27.03000000000003,,UNLABELED,UNVERIFIED,,,,,,19.24,LOW,NON_INDUSTRIAL_RURAL,ROUTINE_MONITORING_RECOMMENDED
694,28.92355,79.84691,330.51,296.67,2026-09-23,0741,3.88,nominal,0.6,D,N,VIIRS,near_real_time,Northern India,ALL_INDIA,False,226367.1,NTPC Dadri Thermal Power Station,power_plant,national_ntpc_dadri_thermal_p,NON_INDUSTRIAL_RURAL,0.1,CLUSTER_319,0.017,1,58,False,33.839999999999975,,UNLABELED,UNVERIFIED,,,,,,19.39,LOW,NON_INDUSTRIAL_RURAL,ROUTINE_MONITORING_RECOMMENDED
695,29.13685,76.68494,330.54,302.62,2026-09-23,0744,2.46,nominal,0.6,D,N,VIIRS,near_real_time,Haryana,NORTH_NCR,False,37344.3,IOCL Panipat Petrochemical Complex,oil_refinery,national_iocl_panipat_petroch,NON_INDUSTRIAL_RURAL,0.1,CLUSTER_320,0.017,1,58,False,27.920000000000016,,UNLABELED,UNVERIFIED,,,,,,19.04,LOW,NON_INDUSTRIAL_RURAL,ROUTINE_MONITORING_RECOMMENDED
696,30.57632,76.99915,336.76,300.94,2026-09-23,0744,3.45,nominal,0.6,D,N,VIIRS,near_real_time,Northern India,ALL_INDIA,False,129246.5,IOCL Panipat Petrochemical Complex,oil_refinery,national_iocl_panipat_petroch,NON_INDUSTRIAL_RURAL,0.1,CLUSTER_321,0.017,1,58,False,35.81999999999999,,UNLABELED,UNVERIFIED,,,,,,20.11,LOW,NON_INDUSTRIAL_RURAL,ROUTINE_MONITORING_RECOMMENDED
697,31.10258,74.63383,330.08,296.85,2026-09-23,0744,3.44,nominal,0.6,D,N,VIIRS,near_real_time,Northern India,ALL_INDIA,False,288579.3,IOCL Panipat Petrochemical Complex,oil_refinery,national_iocl_panipat_petroch,NON_INDUSTRIAL_RURAL,0.1,CLUSTER_322,0.034,2,58,False,33.22999999999996,,UNLABELED,UNVERIFIED,,,,,,19.7,LOW,NON_INDUSTRIAL_RURAL,ROUTINE_MONITORING_RECOMMENDED
698,31.1066,74.60833,332.64,297.03,2026-09-23,0744,2.25,nominal,0.6,D,N,VIIRS,near_real_time,Northern India,ALL_INDIA,False,290728.6,IOCL Panipat Petrochemical Complex,oil_refinery,national_iocl_panipat_petroch,NON_INDUSTRIAL_RURAL,0.1,CLUSTER_323,0.017,1,58,False,35.610000000000014,,UNLABELED,UNVERIFIED,,,,,,19.27,LOW,NON_INDUSTRIAL_RURAL,ROUTINE_MONITORING_RECOMMENDED
699,31.42019,72.5842,338.1,299.76,2026-09-23,0744,2.68,nominal,0.6,D,N,VIIRS,near_real_time,Northern India,ALL_INDIA,False,471391.9,IOCL Panipat Petrochemical Complex,oil_refinery,national_iocl_panipat_petroch,NON_INDUSTRIAL_RURAL,0.1,CLUSTER_324,0.017,1,58,False,38.34000000000003,,UNLABELED,UNVERIFIED,,,,,,20.09,LOW,NON_INDUSTRIAL_RURAL,ROUTINE_MONITORING_RECOMMENDED
700,31.83707,74.19294,337.66,297.59,2026-09-23,0744,5.06,nominal,0.6,D,N,VIIRS,near_real_time,Northern India,ALL_INDIA,False,374752.4,IOCL Panipat Petrochemical Complex,oil_refinery,national_iocl_panipat_petroch,NON_INDUSTRIAL_RURAL,0.1,CLUSTER_325,0.017,1,58,False,40.07000000000005,,UNLABELED,UNVERIFIED,,,,,,20.63,LOW,NON_INDUSTRIAL_RURAL,ROUTINE_MONITORING_RECOMMENDED
701,31.87357,74.69193,340.2,297.89,2026-09-23,0744,5.08,nominal,0.6,D,N,VIIRS,near_real_time,Northern India,ALL_INDIA,False,346441.5,IOCL Panipat Petrochemical Complex,oil_refinery,national_iocl_panipat_petroch,NON_INDUSTRIAL_RURAL,0.1,CLUSTER_326,0.017,1,58,False,42.31,,UNLABELED,UNVERIFIED,,,,,,20.96,LOW,NON_INDUSTRIAL_RURAL,ROUTINE_MONITORING_RECOMMENDED
702,33.79535,74.92694,325.33,300.23,2026-09-23,0744,3.56,low,0.2,D,N,VIIRS,near_real_time,Northern India,ALL_INDIA,False,522193.9,IOCL Panipat Petrochemical Complex,oil_refinery,national_iocl_panipat_petroch,NON_INDUSTRIAL_RURAL,0.1,CLUSTER_327,0.017,1,58,False,25.099999999999966,,UNLABELED,UNVERIFIED,,,,,,18.63,LOW,NON_INDUSTRIAL_RURAL,ROUTINE_MONITORING_RECOMMENDED
703,21.10051,72.63617,333.75,292.95,2026-09-23,0922,4.46,nominal,0.6,D,N,VIIRS,near_real_time,Gujarat,WEST_GUJARAT,False,47.5,ArcelorMittal Nippon Steel India,works,way/104647203,NEARBY_INDUSTRIAL_BUFFER,0.8,CLUSTER_009,0.345,20,58,True,40.80000000000001,,UNLABELED,UNVERIFIED,,,,,,79.34,HIGH,ELEVATED_THERMAL_ACTIVITY,ESCALATED_INVESTIGATION_RECOMMENDED
704,21.10767,72.64611,367.0,292.69,2026-09-23,0922,12.9,high,0.9,D,N,VIIRS,near_real_time,Gujarat,WEST_GUJARAT,True,0.0,ArcelorMittal Nippon Steel India,works,way/104647203,INSIDE_INDUSTRIAL_ZONE,1.0,CLUSTER_009,0.345,20,58,True,74.31,,UNLABELED,UNVERIFIED,,,,,,79.34,HIGH,ELEVATED_THERMAL_ACTIVITY,ESCALATED_INVESTIGATION_RECOMMENDED
705,23.33205,69.15276,331.8,301.84,2026-09-23,0922,0.91,nominal,0.6,D,N,VIIRS,near_real_time,Gujarat,WEST_GUJARAT,False,17251.2,Unnamed Industrial Facility,general_industry,way/1263553240,NON_INDUSTRIAL_RURAL,0.1,CLUSTER_328,0.017,1,58,False,29.960000000000036,,UNLABELED,UNVERIFIED,,,,,,18.83,LOW,NON_INDUSTRIAL_RURAL,ROUTINE_MONITORING_RECOMMENDED
706,24.86345,69.18137,340.97,305.76,2026-09-23,0922,2.31,nominal,0.6,D,N,VIIRS,near_real_time,Western India,ALL_INDIA,False,79300.3,Khavda Renewable Energy Park,general_industry,way/1273382001,NON_INDUSTRIAL_RURAL,0.1,CLUSTER_329,0.017,1,58,False,35.210000000000036,,UNLABELED,UNVERIFIED,,,,,,20.38,LOW,NON_INDUSTRIAL_RURAL,ROUTINE_MONITORING_RECOMMENDED
707,26.09461,68.88007,339.36,311.3,2026-09-23,0922,2.25,nominal,0.6,D,N,VIIRS,near_real_time,Western India,ALL_INDIA,False,218291.3,NTPC Khavda,general_industry,way/1336628395,NON_INDUSTRIAL_RURAL,0.1,CLUSTER_190,0.086,5,58,False,28.060000000000002,,UNLABELED,UNVERIFIED,,,,,,20.89,LOW,NON_INDUSTRIAL_RURAL,ROUTINE_MONITORING_RECOMMENDED
708,26.09517,68.87994,339.25,310.52,2026-09-23,0922,2.72,low,0.2,D,N,VIIRS,near_real_time,Western India,ALL_INDIA,False,218354.7,NTPC Khavda,general_industry,way/1336628395,NON_INDUSTRIAL_RURAL,0.1,CLUSTER_190,0.086,5,58,False,28.730000000000018,,UNLABELED,UNVERIFIED,,,,,,20.89,LOW,NON_INDUSTRIAL_RURAL,ROUTINE_MONITORING_RECOMMENDED
709,26.358,70.7627,337.26,309.59,2026-09-23,0922,3.04,low,0.2,D,N,VIIRS,near_real_time,Western India,ALL_INDIA,False,222883.9,Unnamed Industrial Facility,general_industry,way/273175995,NON_INDUSTRIAL_RURAL,0.1,CLUSTER_330,0.017,1,58,False,27.670000000000016,,UNLABELED,UNVERIFIED,,,,,,20.08,LOW,NON_INDUSTRIAL_RURAL,ROUTINE_MONITORING_RECOMMENDED
710,27.24188,70.47696,357.8,314.24,2026-09-23,0922,5.37,nominal,0.6,D,N,VIIRS,near_real_time,Western India,ALL_INDIA,False,322412.2,Unnamed Industrial Facility,general_industry,way/273175995,NON_INDUSTRIAL_RURAL,0.1,CLUSTER_331,0.017,1,58,False,43.56,,UNLABELED,UNVERIFIED,,,,,,23.34,LOW,NON_INDUSTRIAL_RURAL,ROUTINE_MONITORING_RECOMMENDED
711,28.05321,69.37051,340.59,309.09,2026-09-23,0924,3.13,nominal,0.6,D,N,VIIRS,near_real_time,Northern India,ALL_INDIA,False,427819.6,NTPC Khavda,general_industry,way/1336628395,NON_INDUSTRIAL_RURAL,0.1,CLUSTER_198,0.138,8,58,False,31.5,,UNLABELED,UNVERIFIED,,,,,,21.75,LOW,NON_INDUSTRIAL_RURAL,ROUTINE_MONITORING_RECOMMENDED
712,28.05377,69.37,334.71,308.31,2026-09-23,0924,4.25,low,0.2,D,N,VIIRS,near_real_time,Northern India,ALL_INDIA,False,427883.1,NTPC Khavda,general_industry,way/1336628395,NON_INDUSTRIAL_RURAL,0.1,CLUSTER_198,0.138,8,58,False,26.399999999999977,,UNLABELED,UNVERIFIED,,,,,,21.75,LOW,NON_INDUSTRIAL_RURAL,ROUTINE_MONITORING_RECOMMENDED
713,29.55039,68.53275,344.16,312.7,2026-09-23,0924,5.14,nominal,0.6,D,N,VIIRS,near_real_time,Northern India,ALL_INDIA,False,601472.7,NTPC Khavda,general_industry,way/1336628395,NON_INDUSTRIAL_RURAL,0.1,CLUSTER_332,0.017,1,58,False,31.460000000000036,,UNLABELED,UNVERIFIED,,,,,,21.5,LOW,NON_INDUSTRIAL_RURAL,ROUTINE_MONITORING_RECOMMENDED
714,32.57712,72.55971,305.87,293.8,2026-09-23,2006,1.74,nominal,0.6,N,N,VIIRS,near_real_time,Northern India,ALL_INDIA,False,544045.8,IOCL Panipat Petrochemical Complex,oil_refinery,national_iocl_panipat_petroch,NON_INDUSTRIAL_RURAL,0.1,CLUSTER_137,0.069,4,58,False,12.069999999999993,,UNLABELED,UNVERIFIED,,,,,,16.68,LOW,NON_INDUSTRIAL_RURAL,ROUTINE_MONITORING_RECOMMENDED
715,24.66043,74.63132,304.31,292.85,2026-09-23,2008,1.32,nominal,0.6,N,N,VIIRS,near_real_time,Central India,ALL_INDIA,False,89229.1,Unnamed Industrial Facility,general_industry,way/695640152,NON_INDUSTRIAL_RURAL,0.1,CLUSTER_298,0.069,4,58,False,11.45999999999998,,UNLABELED,UNVERIFIED,,,,,,16.36,LOW,NON_INDUSTRIAL_RURAL,ROUTINE_MONITORING_RECOMMENDED
716,25.11131,93.83849,297.1,284.72,2026-09-23,2008,0.55,nominal,0.6,N,N,VIIRS,near_real_time,Eastern India,ALL_INDIA,False,677668.5,Haldia Petrochemicals Complex,chemical_petrochemical,national_haldia_petrochemical,NON_INDUSTRIAL_RURAL,0.1,CLUSTER_333,0.017,1,58,False,12.379999999999995,,UNLABELED,UNVERIFIED,,,,,,15.89,LOW,NON_INDUSTRIAL_RURAL,ROUTINE_MONITORING_RECOMMENDED
717,26.63934,79.47744,304.04,286.49,2026-09-23,2008,0.73,nominal,0.6,N,N,VIIRS,near_real_time,Central India,ALL_INDIA,False,197462.6,IOCL Mathura Refinery,oil_refinery,national_iocl_mathura_refiner,NON_INDUSTRIAL_RURAL,0.1,CLUSTER_193,0.069,4,58,False,17.55000000000001,,UNLABELED,UNVERIFIED,,,,,,17.37,LOW,NON_INDUSTRIAL_RURAL,ROUTINE_MONITORING_RECOMMENDED
718,26.64386,79.47805,306.33,287.46,2026-09-23,2008,0.73,nominal,0.6,N,N,VIIRS,near_real_time,Central India,ALL_INDIA,False,197294.0,IOCL Mathura Refinery,oil_refinery,national_iocl_mathura_refiner,NON_INDUSTRIAL_RURAL,0.1,CLUSTER_193,0.069,4,58,False,18.870000000000005,,UNLABELED,UNVERIFIED,,,,,,17.37,LOW,NON_INDUSTRIAL_RURAL,ROUTINE_MONITORING_RECOMMENDED
719,28.03121,76.49477,310.38,295.19,2026-09-23,2008,1.3,nominal,0.6,N,N,VIIRS,near_real_time,Rajasthan,NORTH_NCR,False,38655.5,Bhiwadi RIICO Industrial Cluster,general_industry,national_bhiwadi_riico_indust,NON_INDUSTRIAL_RURAL,0.1,CLUSTER_334,0.017,1,58,False,15.189999999999998,,UNLABELED,UNVERIFIED,,,,,,16.12,LOW,NON_INDUSTRIAL_RURAL,ROUTINE_MONITORING_RECOMMENDED
720,28.17372,76.85616,305.54,295.19,2026-09-23,2008,0.95,nominal,0.6,N,N,VIIRS,near_real_time,Delhi NCR,NORTH_NCR,False,3678.0,Bhiwadi RIICO Industrial Cluster,general_industry,national_bhiwadi_riico_indust,VICINITY_ZONE,0.4,CLUSTER_335,0.017,1,58,False,10.350000000000023,,UNLABELED,UNVERIFIED,,,,,,16.46,LOW,NON_INDUSTRIAL_RURAL,ROUTINE_MONITORING_RECOMMENDED
721,28.20892,77.32211,309.78,294.72,2026-09-23,2008,1.4,nominal,0.6,N,N,VIIRS,near_real_time,Uttar Pradesh,NORTH_NCR,False,47230.1,NTPC Dadri Thermal Power Station,power_plant,national_ntpc_dadri_thermal_p,NON_INDUSTRIAL_RURAL,0.1,CLUSTER_336,0.017,1,58,False,15.059999999999945,,UNLABELED,UNVERIFIED,,,,,,19.28,LOW,NON_INDUSTRIAL_RURAL,ROUTINE_MONITORING_RECOMMENDED
722,28.21419,77.32272,334.28,295.36,2026-09-23,2008,1.4,nominal,0.6,N,N,VIIRS,near_real_time,Uttar Pradesh,NORTH_NCR,False,46690.6,NTPC Dadri Thermal Power Station,power_plant,national_ntpc_dadri_thermal_p,NON_INDUSTRIAL_RURAL,0.1,CLUSTER_336,0.017,1,58,False,38.91999999999996,,UNLABELED,UNVERIFIED,,,,,,19.28,LOW,NON_INDUSTRIAL_RURAL,ROUTINE_MONITORING_RECOMMENDED
723,28.65629,77.58827,306.02,294.57,2026-09-23,2008,0.57,nominal,0.6,N,N,VIIRS,near_real_time,Uttar Pradesh,NORTH_NCR,False,7613.9,NTPC Dadri Thermal Power Station,power_plant,national_ntpc_dadri_thermal_p,NON_INDUSTRIAL_RURAL,0.1,CLUSTER_337,0.017,1,58,False,11.449999999999989,,UNLABELED,UNVERIFIED,,,,,,15.89,LOW,NON_INDUSTRIAL_RURAL,ROUTINE_MONITORING_RECOMMENDED
724,28.71347,76.83268,308.05,295.68,2026-09-23,2008,0.86,nominal,0.6,N,N,VIIRS,near_real_time,Delhi NCR,NORTH_NCR,False,55320.8,Bhiwadi RIICO Industrial Cluster,general_industry,national_bhiwadi_riico_indust,NON_INDUSTRIAL_RURAL,0.1,CLUSTER_338,0.034,2,58,False,12.370000000000005,,UNLABELED,UNVERIFIED,,,,,,16.71,LOW,NON_INDUSTRIAL_RURAL,ROUTINE_MONITORING_RECOMMENDED
725,28.74422,76.92708,306.1,295.77,2026-09-23,2008,0.61,nominal,0.6,N,N,VIIRS,near_real_time,Delhi NCR,NORTH_NCR,False,59345.2,Bhiwadi RIICO Industrial Cluster,general_industry,national_bhiwadi_riico_indust,NON_INDUSTRIAL_RURAL,0.1,CLUSTER_283,0.052,3,58,False,10.330000000000041,,UNLABELED,UNVERIFIED,,,,,,15.96,LOW,NON_INDUSTRIAL_RURAL,ROUTINE_MONITORING_RECOMMENDED
726,28.8934,78.85721,304.01,293.6,2026-09-23,2008,0.75,nominal,0.6,N,N,VIIRS,near_real_time,Northern India,ALL_INDIA,False,131247.0,NTPC Dadri Thermal Power Station,power_plant,national_ntpc_dadri_thermal_p,NON_INDUSTRIAL_RURAL,0.1,CLUSTER_339,0.017,1,58,False,10.409999999999968,,UNLABELED,UNVERIFIED,,,,,,15.93,LOW,NON_INDUSTRIAL_RURAL,ROUTINE_MONITORING_RECOMMENDED
727,30.51824,77.20013,303.62,291.76,2026-09-23,2008,0.55,nominal,0.6,N,N,VIIRS,near_real_time,Northern India,ALL_INDIA,False,125490.9,IOCL Panipat Petrochemical Complex,oil_refinery,national_iocl_panipat_petroch,NON_INDUSTRIAL_RURAL,0.1,CLUSTER_340,0.017,1,58,False,11.860000000000014,,UNLABELED,UNVERIFIED,,,,,,15.89,LOW,NON_INDUSTRIAL_RURAL,ROUTINE_MONITORING_RECOMMENDED
728,19.36854,71.3474,307.86,281.86,2026-09-23,2010,3.45,nominal,0.6,N,N,VIIRS,near_real_time,Western India,ALL_INDIA,False,157066.8,Unnamed Industrial Facility,general_industry,way/897110614,NON_INDUSTRIAL_RURAL,0.1,CLUSTER_081,0.069,4,58,False,26.0,,UNLABELED,UNVERIFIED,,,,,,27.78,LOW,NON_INDUSTRIAL_RURAL,ROUTINE_MONITORING_RECOMMENDED
729,21.10253,72.64093,307.57,290.05,2026-09-23,2010,2.59,nominal,0.6,N,N,VIIRS,near_real_time,Gujarat,WEST_GUJARAT,False,151.1,ArcelorMittal Nippon Steel India,works,way/104647203,NEARBY_INDUSTRIAL_BUFFER,0.8,CLUSTER_009,0.345,20,58,True,17.519999999999982,,UNLABELED,UNVERIFIED,,,,,,79.34,HIGH,ELEVATED_THERMAL_ACTIVITY,ESCALATED_INVESTIGATION_RECOMMENDED
730,21.10267,72.63477,338.82,289.86,2026-09-23,2010,5.29,nominal,0.6,N,N,VIIRS,near_real_time,Gujarat,WEST_GUJARAT,True,0.0,ArcelorMittal Nippon Steel India,works,way/104647203,INSIDE_INDUSTRIAL_ZONE,1.0,CLUSTER_009,0.345,20,58,True,48.95999999999998,,UNLABELED,UNVERIFIED,,,,,,79.34,HIGH,ELEVATED_THERMAL_ACTIVITY,ESCALATED_INVESTIGATION_RECOMMENDED
731,21.10302,72.63522,337.09,290.03,2026-09-23,2010,9.64,nominal,0.6,N,N,VIIRS,near_real_time,Gujarat,WEST_GUJARAT,True,0.0,ArcelorMittal Nippon Steel India,works,way/104647203,INSIDE_INDUSTRIAL_ZONE,1.0,CLUSTER_009,0.345,20,58,True,47.06,,UNLABELED,UNVERIFIED,,,,,,79.34,HIGH,ELEVATED_THERMAL_ACTIVITY,ESCALATED_INVESTIGATION_RECOMMENDED
732,21.10826,72.64685,312.44,290.66,2026-09-23,2010,4.92,nominal,0.6,N,N,VIIRS,near_real_time,Gujarat,WEST_GUJARAT,True,0.0,ArcelorMittal Nippon Steel India,works,way/104647203,INSIDE_INDUSTRIAL_ZONE,1.0,CLUSTER_009,0.345,20,58,True,21.779999999999973,,UNLABELED,UNVERIFIED,,,,,,79.34,HIGH,ELEVATED_THERMAL_ACTIVITY,ESCALATED_INVESTIGATION_RECOMMENDED
733,21.10854,72.64725,309.54,290.49,2026-09-23,2010,2.59,nominal,0.6,N,N,VIIRS,near_real_time,Gujarat,WEST_GUJARAT,True,0.0,ArcelorMittal Nippon Steel India,works,way/104647203,INSIDE_INDUSTRIAL_ZONE,1.0,CLUSTER_009,0.345,20,58,True,19.05000000000001,,UNLABELED,UNVERIFIED,,,,,,79.34,HIGH,ELEVATED_THERMAL_ACTIVITY,ESCALATED_INVESTIGATION_RECOMMENDED
734,21.10871,72.64114,313.28,290.47,2026-09-23,2010,5.29,nominal,0.6,N,N,VIIRS,near_real_time,Gujarat,WEST_GUJARAT,True,0.0,ArcelorMittal Nippon Steel India,works,way/104647203,INSIDE_INDUSTRIAL_ZONE,1.0,CLUSTER_009,0.345,20,58,True,22.809999999999945,,UNLABELED,UNVERIFIED,,,,,,79.34,HIGH,ELEVATED_THERMAL_ACTIVITY,ESCALATED_INVESTIGATION_RECOMMENDED
735,21.10902,72.64156,313.04,290.25,2026-09-23,2010,2.59,nominal,0.6,N,N,VIIRS,near_real_time,Gujarat,WEST_GUJARAT,True,0.0,ArcelorMittal Nippon Steel India,works,way/104647203,INSIDE_INDUSTRIAL_ZONE,1.0,CLUSTER_009,0.345,20,58,True,22.79000000000002,,UNLABELED,UNVERIFIED,,,,,,79.34,HIGH,ELEVATED_THERMAL_ACTIVITY,ESCALATED_INVESTIGATION_RECOMMENDED
736,21.67838,84.03748,313.72,284.25,2026-09-23,2010,1.86,nominal,0.6,N,N,VIIRS,near_real_time,Odisha,EAST_MINERAL_BELT,False,104244.2,SAIL Rourkela Steel Plant,steel_and_heavy_industry,national_sail_rourkela_steel_,NON_INDUSTRIAL_RURAL,0.1,CLUSTER_312,0.052,3,58,False,29.470000000000027,,UNLABELED,UNVERIFIED,,,,,,20.08,LOW,NON_INDUSTRIAL_RURAL,ROUTINE_MONITORING_RECOMMENDED
737,21.7456,83.84255,298.09,278.41,2026-09-23,2010,1.61,nominal,0.6,N,N,VIIRS,near_real_time,Odisha,EAST_MINERAL_BELT,False,117722.3,SAIL Rourkela Steel Plant,steel_and_heavy_industry,national_sail_rourkela_steel_,NON_INDUSTRIAL_RURAL,0.1,CLUSTER_145,0.069,4,58,False,19.67999999999995,,UNLABELED,UNVERIFIED,,,,,,20.45,LOW,NON_INDUSTRIAL_RURAL,ROUTINE_MONITORING_RECOMMENDED
738,21.74899,83.84311,305.73,277.92,2026-09-23,2010,1.27,nominal,0.6,N,N,VIIRS,near_real_time,Odisha,EAST_MINERAL_BELT,False,117501.9,SAIL Rourkela Steel Plant,steel_and_heavy_industry,national_sail_rourkela_steel_,NON_INDUSTRIAL_RURAL,0.1,CLUSTER_145,0.069,4,58,False,27.810000000000002,,UNLABELED,UNVERIFIED,,,,,,20.45,LOW,NON_INDUSTRIAL_RURAL,ROUTINE_MONITORING_RECOMMENDED
739,21.87668,83.49562,297.98,273.76,2026-09-23,2010,0.46,nominal,0.6,N,N,VIIRS,near_real_time,Odisha,EAST_MINERAL_BELT,False,146082.2,SAIL Rourkela Steel Plant,steel_and_heavy_industry,national_sail_rourkela_steel_,NON_INDUSTRIAL_RURAL,0.1,CLUSTER_341,0.052,3,58,False,24.220000000000027,,UNLABELED,UNVERIFIED,,,,,,16.93,LOW,NON_INDUSTRIAL_RURAL,ROUTINE_MONITORING_RECOMMENDED
740,21.919,83.3504,313.01,277.89,2026-09-23,2010,1.66,nominal,0.6,N,N,VIIRS,near_real_time,Odisha,EAST_MINERAL_BELT,False,159507.5,SAIL Rourkela Steel Plant,steel_and_heavy_industry,national_sail_rourkela_steel_,NON_INDUSTRIAL_RURAL,0.1,CLUSTER_146,0.086,5,58,False,35.120000000000005,,UNLABELED,UNVERIFIED,,,,,,20.16,LOW,NON_INDUSTRIAL_RURAL,ROUTINE_MONITORING_RECOMMENDED
741,21.92245,83.35098,330.61,280.36,2026-09-23,2010,3.7,nominal,0.6,N,N,VIIRS,near_real_time,Odisha,EAST_MINERAL_BELT,False,159367.4,SAIL Rourkela Steel Plant,steel_and_heavy_industry,national_sail_rourkela_steel_,NON_INDUSTRIAL_RURAL,0.1,CLUSTER_146,0.086,5,58,False,50.25,,UNLABELED,UNVERIFIED,,,,,,20.16,LOW,NON_INDUSTRIAL_RURAL,ROUTINE_MONITORING_RECOMMENDED
742,21.96508,83.77345,304.67,283.88,2026-09-23,2010,0.89,nominal,0.6,N,N,VIIRS,near_real_time,Odisha,EAST_MINERAL_BELT,False,115860.3,SAIL Rourkela Steel Plant,steel_and_heavy_industry,national_sail_rourkela_steel_,NON_INDUSTRIAL_RURAL,0.1,CLUSTER_147,0.069,4,58,False,20.79000000000002,,UNLABELED,UNVERIFIED,,,,,,16.16,LOW,NON_INDUSTRIAL_RURAL,ROUTINE_MONITORING_RECOMMENDED
743,21.98416,83.23089,306.52,283.37,2026-09-23,2010,1.42,nominal,0.6,N,N,VIIRS,near_real_time,Odisha,EAST_MINERAL_BELT,False,170272.9,SAIL Rourkela Steel Plant,steel_and_heavy_industry,national_sail_rourkela_steel_,NON_INDUSTRIAL_RURAL,0.1,CLUSTER_293,0.086,5,58,False,23.149999999999977,,UNLABELED,UNVERIFIED,,,,,,20.43,LOW,NON_INDUSTRIAL_RURAL,ROUTINE_MONITORING_RECOMMENDED
744,22.01605,83.75665,304.13,284.08,2026-09-23,2010,0.7,nominal,0.6,N,N,VIIRS,near_real_time,Odisha,EAST_MINERAL_BELT,False,116289.4,SAIL Rourkela Steel Plant,steel_and_heavy_industry,national_sail_rourkela_steel_,NON_INDUSTRIAL_RURAL,0.1,CLUSTER_149,0.069,4,58,False,20.05000000000001,,UNLABELED,UNVERIFIED,,,,,,17.81,LOW,NON_INDUSTRIAL_RURAL,ROUTINE_MONITORING_RECOMMENDED
745,22.01663,83.75273,307.91,283.73,2026-09-23,2010,0.7,nominal,0.6,N,N,VIIRS,near_real_time,Odisha,EAST_MINERAL_BELT,False,116672.9,SAIL Rourkela Steel Plant,steel_and_heavy_industry,national_sail_rourkela_steel_,NON_INDUSTRIAL_RURAL,0.1,CLUSTER_149,0.069,4,58,False,24.180000000000007,,UNLABELED,UNVERIFIED,,,,,,17.81,LOW,NON_INDUSTRIAL_RURAL,ROUTINE_MONITORING_RECOMMENDED
746,22.03713,83.73196,303.54,281.55,2026-09-23,2010,1.2,nominal,0.6,N,N,VIIRS,near_real_time,Odisha,EAST_MINERAL_BELT,False,118354.4,SAIL Rourkela Steel Plant,steel_and_heavy_industry,national_sail_rourkela_steel_,NON_INDUSTRIAL_RURAL,0.1,CLUSTER_150,0.086,5,58,False,21.99000000000001,,UNLABELED,UNVERIFIED,,,,,,21.54,LOW,NON_INDUSTRIAL_RURAL,ROUTINE_MONITORING_RECOMMENDED
747,22.04054,83.73252,306.62,281.23,2026-09-23,2010,1.82,nominal,0.6,N,N,VIIRS,near_real_time,Odisha,EAST_MINERAL_BELT,False,118232.0,SAIL Rourkela Steel Plant,steel_and_heavy_industry,national_sail_rourkela_steel_,NON_INDUSTRIAL_RURAL,0.1,CLUSTER_150,0.086,5,58,False,25.389999999999986,,UNLABELED,UNVERIFIED,,,,,,21.54,LOW,NON_INDUSTRIAL_RURAL,ROUTINE_MONITORING_RECOMMENDED
748,22.04112,83.72858,304.01,278.76,2026-09-23,2010,0.9,nominal,0.6,N,N,VIIRS,near_real_time,Odisha,EAST_MINERAL_BELT,False,118621.1,SAIL Rourkela Steel Plant,steel_and_heavy_industry,national_sail_rourkela_steel_,NON_INDUSTRIAL_RURAL,0.1,CLUSTER_150,0.086,5,58,False,25.25,,UNLABELED,UNVERIFIED,,,,,,21.54,LOW,NON_INDUSTRIAL_RURAL,ROUTINE_MONITORING_RECOMMENDED
749,22.06565,83.70436,305.23,275.49,2026-09-23,2010,1.05,nominal,0.6,N,N,VIIRS,near_real_time,Odisha,EAST_MINERAL_BELT,False,120656.4,SAIL Rourkela Steel Plant,steel_and_heavy_industry,national_sail_rourkela_steel_,NON_INDUSTRIAL_RURAL,0.1,CLUSTER_342,0.052,3,58,False,29.74000000000001,,UNLABELED,UNVERIFIED,,,,,,16.34,LOW,NON_INDUSTRIAL_RURAL,ROUTINE_MONITORING_RECOMMENDED
750,22.26427,75.13342,303.88,288.89,2026-09-23,2010,0.98,nominal,0.6,N,N,VIIRS,near_real_time,Central India,ALL_INDIA,False,134295.3,Unnamed Industrial Facility,depot,way/1278600800,NON_INDUSTRIAL_RURAL,0.1,CLUSTER_343,0.069,4,58,False,14.990000000000009,,UNLABELED,UNVERIFIED,,,,,,16.71,LOW,NON_INDUSTRIAL_RURAL,ROUTINE_MONITORING_RECOMMENDED
751,22.26721,75.13126,306.53,291.19,2026-09-23,2010,0.68,nominal,0.6,N,N,VIIRS,near_real_time,Central India,ALL_INDIA,False,133969.2,Unnamed Industrial Facility,depot,way/1278600800,NON_INDUSTRIAL_RURAL,0.1,CLUSTER_343,0.069,4,58,False,15.339999999999975,,UNLABELED,UNVERIFIED,,,,,,16.71,LOW,NON_INDUSTRIAL_RURAL,ROUTINE_MONITORING_RECOMMENDED
752,10.61679,77.42041,298.39,279.94,2026-09-23,2012,0.23,nominal,0.6,N,N,VIIRS,near_real_time,Karnataka,SOUTH_CORRIDOR,False,135254.2,BPCL Kochi Refinery (Ambalamugal),oil_refinery,national_bpcl_kochi_refinery_,NON_INDUSTRIAL_RURAL,0.1,CLUSTER_344,0.017,1,58,False,18.44999999999999,,UNLABELED,UNVERIFIED,,,,,,15.81,LOW,NON_INDUSTRIAL_RURAL,ROUTINE_MONITORING_RECOMMENDED
753,11.81378,77.91667,295.38,274.35,2026-09-23,2012,0.56,nominal,0.6,N,N,VIIRS,near_real_time,Karnataka,SOUTH_CORRIDOR,False,264791.3,BPCL Kochi Refinery (Ambalamugal),oil_refinery,national_bpcl_kochi_refinery_,NON_INDUSTRIAL_RURAL,0.1,CLUSTER_345,0.017,1,58,False,21.029999999999973,,UNLABELED,UNVERIFIED,,,,,,15.89,LOW,NON_INDUSTRIAL_RURAL,ROUTINE_MONITORING_RECOMMENDED
754,11.81787,77.91727,300.11,274.5,2026-09-23,2012,0.56,nominal,0.6,N,N,VIIRS,near_real_time,Karnataka,SOUTH_CORRIDOR,False,265181.9,BPCL Kochi Refinery (Ambalamugal),oil_refinery,national_bpcl_kochi_refinery_,NON_INDUSTRIAL_RURAL,0.1,CLUSTER_345,0.017,1,58,False,25.610000000000014,,UNLABELED,UNVERIFIED,,,,,,15.89,LOW,NON_INDUSTRIAL_RURAL,ROUTINE_MONITORING_RECOMMENDED
755,32.88923,71.61964,306.86,296.15,2026-09-23,2146,2.76,nominal,0.6,N,N,VIIRS,near_real_time,Northern India,ALL_INDIA,False,634902.3,IOCL Panipat Petrochemical Complex,oil_refinery,national_iocl_panipat_petroch,NON_INDUSTRIAL_RURAL,0.1,CLUSTER_290,0.052,3,58,False,10.710000000000036,,UNLABELED,UNVERIFIED,,,,,,16.43,LOW,NON_INDUSTRIAL_RURAL,ROUTINE_MONITORING_RECOMMENDED
756,33.5474,71.55252,305.94,294.47,2026-09-23,2146,0.89,nominal,0.6,N,N,VIIRS,near_real_time,Northern India,ALL_INDIA,False,685273.5,IOCL Panipat Petrochemical Complex,oil_refinery,national_iocl_panipat_petroch,NON_INDUSTRIAL_RURAL,0.1,CLUSTER_346,0.017,1,58,False,11.46999999999997,,UNLABELED,UNVERIFIED,,,,,,15.97,LOW,NON_INDUSTRIAL_RURAL,ROUTINE_MONITORING_RECOMMENDED
757,26.25668,74.09562,308.23,294.47,2026-09-23,2148,1.1,nominal,0.6,N,N,VIIRS,near_real_time,Central India,ALL_INDIA,False,194907.5,Unnamed Industrial Facility,general_industry,way/695640152,NON_INDUSTRIAL_RURAL,0.1,CLUSTER_347,0.034,2,58,False,13.759999999999991,,UNLABELED,UNVERIFIED,,,,,,16.06,LOW,NON_INDUSTRIAL_RURAL,ROUTINE_MONITORING_RECOMMENDED
758,26.87525,73.51791,305.21,294.8,2026-09-23,2148,1.52,nominal,0.6,N,N,VIIRS,near_real_time,Western India,ALL_INDIA,False,261823.6,Unnamed Industrial Facility,general_industry,way/695640152,NON_INDUSTRIAL_RURAL,0.1,CLUSTER_196,0.052,3,58,False,10.409999999999968,,UNLABELED,UNVERIFIED,,,,,,16.44,LOW,NON_INDUSTRIAL_RURAL,ROUTINE_MONITORING_RECOMMENDED
759,26.87691,73.5162,307.21,295.05,2026-09-23,2148,2.3,nominal,0.6,N,N,VIIRS,near_real_time,Western India,ALL_INDIA,False,262023.2,Unnamed Industrial Facility,general_industry,way/695640152,NON_INDUSTRIAL_RURAL,0.1,CLUSTER_196,0.052,3,58,False,12.159999999999968,,UNLABELED,UNVERIFIED,,,,,,16.44,LOW,NON_INDUSTRIAL_RURAL,ROUTINE_MONITORING_RECOMMENDED
760,28.05108,69.36691,313.64,298.05,2026-09-23,2148,2.14,nominal,0.6,N,N,VIIRS,near_real_time,Northern India,ALL_INDIA,False,427591.8,NTPC Khavda,general_industry,way/1336628395,NON_INDUSTRIAL_RURAL,0.1,CLUSTER_198,0.138,8,58,False,15.589999999999975,,UNLABELED,UNVERIFIED,,,,,,21.75,LOW,NON_INDUSTRIAL_RURAL,ROUTINE_MONITORING_RECOMMENDED
761,28.05274,69.37106,330.92,298.69,2026-09-23,2148,1.76,nominal,0.6,N,N,VIIRS,near_real_time,Northern India,ALL_INDIA,False,427766.0,NTPC Khavda,general_industry,way/1336628395,NON_INDUSTRIAL_RURAL,0.1,CLUSTER_198,0.138,8,58,False,32.23000000000002,,UNLABELED,UNVERIFIED,,,,,,21.75,LOW,NON_INDUSTRIAL_RURAL,ROUTINE_MONITORING_RECOMMENDED
762,28.42511,69.70251,311.5,297.94,2026-09-23,2148,2.6,nominal,0.6,N,N,VIIRS,near_real_time,Northern India,ALL_INDIA,False,464815.1,Unnamed Industrial Facility,general_industry,way/273175995,NON_INDUSTRIAL_RURAL,0.1,CLUSTER_348,0.052,3,58,False,13.560000000000002,,UNLABELED,UNVERIFIED,,,,,,17.69,LOW,NON_INDUSTRIAL_RURAL,ROUTINE_MONITORING_RECOMMENDED
763,31.48955,75.05499,306.21,292.19,2026-09-23,2148,0.58,nominal,0.6,N,N,VIIRS,near_real_time,Northern India,ALL_INDIA,False,291638.4,IOCL Panipat Petrochemical Complex,oil_refinery,national_iocl_panipat_petroch,NON_INDUSTRIAL_RURAL,0.1,CLUSTER_349,0.017,1,58,False,14.019999999999982,,UNLABELED,UNVERIFIED,,,,,,15.89,LOW,NON_INDUSTRIAL_RURAL,ROUTINE_MONITORING_RECOMMENDED
764,21.09943,72.63602,321.83,287.3,2026-09-23,2150,2.84,nominal,0.6,N,N,VIIRS,near_real_time,Gujarat,WEST_GUJARAT,False,165.4,ArcelorMittal Nippon Steel India,works,way/104647203,NEARBY_INDUSTRIAL_BUFFER,0.8,CLUSTER_009,0.345,20,58,True,34.52999999999997,,UNLABELED,UNVERIFIED,,,,,,79.34,HIGH,ELEVATED_THERMAL_ACTIVITY,ESCALATED_INVESTIGATION_RECOMMENDED
765,21.10308,72.64829,312.94,287.9,2026-09-23,2150,2.72,nominal,0.6,N,N,VIIRS,near_real_time,Gujarat,WEST_GUJARAT,True,0.0,ArcelorMittal Nippon Steel India,works,way/104647203,INSIDE_INDUSTRIAL_ZONE,1.0,CLUSTER_009,0.345,20,58,True,25.04000000000002,,UNLABELED,UNVERIFIED,,,,,,79.34,HIGH,ELEVATED_THERMAL_ACTIVITY,ESCALATED_INVESTIGATION_RECOMMENDED
766,21.10435,72.64301,313.45,286.5,2026-09-23,2150,2.72,nominal,0.6,N,N,VIIRS,near_real_time,Gujarat,WEST_GUJARAT,True,0.0,ArcelorMittal Nippon Steel India,works,way/104647203,INSIDE_INDUSTRIAL_ZONE,1.0,CLUSTER_009,0.345,20,58,True,26.94999999999999,,UNLABELED,UNVERIFIED,,,,,,79.34,HIGH,ELEVATED_THERMAL_ACTIVITY,ESCALATED_INVESTIGATION_RECOMMENDED
767,21.10561,72.63773,315.81,287.45,2026-09-23,2150,1.48,nominal,0.6,N,N,VIIRS,near_real_time,Gujarat,WEST_GUJARAT,True,0.0,ArcelorMittal Nippon Steel India,works,way/104647203,INSIDE_INDUSTRIAL_ZONE,1.0,CLUSTER_009,0.345,20,58,True,28.360000000000014,,UNLABELED,UNVERIFIED,,,,,,79.34,HIGH,ELEVATED_THERMAL_ACTIVITY,ESCALATED_INVESTIGATION_RECOMMENDED
768,21.11179,72.63943,303.2,288.21,2026-09-23,2150,1.48,nominal,0.6,N,N,VIIRS,near_real_time,Gujarat,WEST_GUJARAT,True,0.0,ArcelorMittal Nippon Steel India,works,way/104647203,INSIDE_INDUSTRIAL_ZONE,1.0,CLUSTER_009,0.345,20,58,True,14.990000000000009,,UNLABELED,UNVERIFIED,,,,,,79.34,HIGH,ELEVATED_THERMAL_ACTIVITY,ESCALATED_INVESTIGATION_RECOMMENDED
769,21.11305,72.63417,303.9,288.6,2026-09-23,2150,1.48,nominal,0.6,N,N,VIIRS,near_real_time,Gujarat,WEST_GUJARAT,True,0.0,ArcelorMittal Nippon Steel India,works,way/104647203,INSIDE_INDUSTRIAL_ZONE,1.0,CLUSTER_009,0.345,20,58,True,15.299999999999955,,UNLABELED,UNVERIFIED,,,,,,79.34,HIGH,ELEVATED_THERMAL_ACTIVITY,ESCALATED_INVESTIGATION_RECOMMENDED
770,22.36144,73.1191,309.33,292.27,2026-09-23,2150,2.3,nominal,0.6,N,N,VIIRS,near_real_time,Gujarat,WEST_GUJARAT,False,287.6,Gujarat Refinery,refinery,way/29107962,NEARBY_INDUSTRIAL_BUFFER,0.8,CLUSTER_350,0.017,1,58,False,17.060000000000002,,UNLABELED,UNVERIFIED,,,,,,47.09,MODERATE,RECURRING_INTERMITTENT_HEAT,ANALYST_REVIEW_RECOMMENDED
771,22.36439,73.12109,324.01,292.19,2026-09-23,2150,4.07,nominal,0.6,N,N,VIIRS,near_real_time,Gujarat,WEST_GUJARAT,True,0.0,Gujarat Refinery,refinery,way/29107962,INSIDE_INDUSTRIAL_ZONE,1.0,CLUSTER_350,0.017,1,58,False,31.819999999999993,,UNLABELED,UNVERIFIED,,,,,,47.09,MODERATE,RECURRING_INTERMITTENT_HEAT,ANALYST_REVIEW_RECOMMENDED
772,22.36764,73.12083,317.95,292.8,2026-09-23,2150,2.3,nominal,0.6,N,N,VIIRS,near_real_time,Gujarat,WEST_GUJARAT,True,0.0,Gujarat Refinery,refinery,way/29107962,INSIDE_INDUSTRIAL_ZONE,1.0,CLUSTER_350,0.017,1,58,False,25.149999999999977,,UNLABELED,UNVERIFIED,,,,,,47.09,MODERATE,RECURRING_INTERMITTENT_HEAT,ANALYST_REVIEW_RECOMMENDED
773,22.41748,69.0394,310.11,297.39,2026-09-23,2150,2.24,nominal,0.6,N,N,VIIRS,near_real_time,Gujarat,WEST_GUJARAT,True,0.0,Unnamed Industrial Facility,general_industry,way/1311235459,INSIDE_INDUSTRIAL_ZONE,1.0,CLUSTER_018,0.172,10,58,False,12.720000000000027,,UNLABELED,UNVERIFIED,,,,,,48.09,MODERATE,RECURRING_INTERMITTENT_HEAT,ANALYST_REVIEW_RECOMMENDED
774,22.41833,69.04184,307.33,297.07,2026-09-23,2150,2.19,nominal,0.6,N,N,VIIRS,near_real_time,Gujarat,WEST_GUJARAT,True,0.0,Unnamed Industrial Facility,general_industry,way/1311235459,INSIDE_INDUSTRIAL_ZONE,1.0,CLUSTER_018,0.172,10,58,False,10.259999999999991,,UNLABELED,UNVERIFIED,,,,,,48.09,MODERATE,RECURRING_INTERMITTENT_HEAT,ANALYST_REVIEW_RECOMMENDED
775,22.92669,69.82512,308.41,297.32,2026-09-23,2150,0.8,nominal,0.6,N,N,VIIRS,near_real_time,Gujarat,WEST_GUJARAT,True,0.0,Unnamed Industrial Facility,general_industry,way/839105241,INSIDE_INDUSTRIAL_ZONE,1.0,CLUSTER_019,0.086,5,58,False,11.090000000000032,,UNLABELED,UNVERIFIED,,,,,,44.75,MODERATE,RECURRING_INTERMITTENT_HEAT,ANALYST_REVIEW_RECOMMENDED
776,23.51054,72.41356,307.45,291.93,2026-09-23,2150,0.7,nominal,0.6,N,N,VIIRS,near_real_time,Gujarat,WEST_GUJARAT,False,1054.0,Unnamed Industrial Facility,general_industry,way/680449684,VICINITY_ZONE,0.4,CLUSTER_351,0.017,1,58,False,15.519999999999982,,UNLABELED,UNVERIFIED,,,,,,20.34,LOW,NON_INDUSTRIAL_RURAL,ROUTINE_MONITORING_RECOMMENDED
777,24.81977,73.09304,308.27,294.42,2026-09-23,2150,1.77,nominal,0.6,N,N,VIIRS,near_real_time,Western India,ALL_INDIA,False,47972.5,Unnamed Industrial Facility,general_industry,way/1243273049,NON_INDUSTRIAL_RURAL,0.1,CLUSTER_352,0.034,2,58,False,13.849999999999966,,UNLABELED,UNVERIFIED,,,,,,16.18,LOW,NON_INDUSTRIAL_RURAL,ROUTINE_MONITORING_RECOMMENDED
778,25.1606,68.4715,314.3,297.01,2026-09-23,2150,1.04,nominal,0.6,N,N,VIIRS,near_real_time,Western India,ALL_INDIA,False,139708.7,Khavda Renewable Energy Park,general_industry,way/1273382001,NON_INDUSTRIAL_RURAL,0.1,CLUSTER_353,0.017,1,58,False,17.29000000000002,,UNLABELED,UNVERIFIED,,,,,,16.57,LOW,NON_INDUSTRIAL_RURAL,ROUTINE_MONITORING_RECOMMENDED
779,25.39034,68.58246,313.41,297.45,2026-09-23,2150,0.75,nominal,0.6,N,N,VIIRS,near_real_time,Western India,ALL_INDIA,False,155180.9,Khavda Renewable Energy Park,general_industry,way/1273382001,NON_INDUSTRIAL_RURAL,0.1,CLUSTER_090,0.121,7,58,False,15.960000000000036,,UNLABELED,UNVERIFIED,,,,,,19.89,LOW,NON_INDUSTRIAL_RURAL,ROUTINE_MONITORING_RECOMMENDED
780,19.10585,97.35358,339.19,293.42,2026-09-24,0720,3.06,nominal,0.6,D,N,VIIRS,near_real_time,Eastern India,ALL_INDIA,False,1018490.1,Haldia Petrochemicals Complex,chemical_petrochemical,national_haldia_petrochemical,NON_INDUSTRIAL_RURAL,0.1,CLUSTER_354,0.017,1,58,False,45.76999999999998,,UNLABELED,UNVERIFIED,,,,,,20.33,LOW,NON_INDUSTRIAL_RURAL,ROUTINE_MONITORING_RECOMMENDED
781,19.10817,97.35419,337.02,291.06,2026-09-24,0720,2.94,nominal,0.6,D,N,VIIRS,near_real_time,Eastern India,ALL_INDIA,False,1018460.7,Haldia Petrochemicals Complex,chemical_petrochemical,national_haldia_petrochemical,NON_INDUSTRIAL_RURAL,0.1,CLUSTER_354,0.017,1,58,False,45.95999999999998,,UNLABELED,UNVERIFIED,,,,,,20.33,LOW,NON_INDUSTRIAL_RURAL,ROUTINE_MONITORING_RECOMMENDED
782,19.50324,95.92545,333.17,296.69,2026-09-24,0720,4.3,nominal,0.6,D,N,VIIRS,near_real_time,Eastern India,ALL_INDIA,False,862616.8,Haldia Petrochemicals Complex,chemical_petrochemical,national_haldia_petrochemical,NON_INDUSTRIAL_RURAL,0.1,CLUSTER_355,0.017,1,58,False,36.48000000000002,,UNLABELED,UNVERIFIED,,,,,,19.85,LOW,NON_INDUSTRIAL_RURAL,ROUTINE_MONITORING_RECOMMENDED
783,26.78875,75.76647,355.4,297.73,2026-09-24,0724,7.12,nominal,0.6,D,N,VIIRS,near_real_time,Central India,ALL_INDIA,False,189589.1,Bhiwadi RIICO Industrial Cluster,general_industry,national_bhiwadi_riico_indust,NON_INDUSTRIAL_RURAL,0.1,CLUSTER_356,0.017,1,58,False,57.66999999999996,,UNLABELED,UNVERIFIED,,,,,,23.45,LOW,NON_INDUSTRIAL_RURAL,ROUTINE_MONITORING_RECOMMENDED
784,31.02739,74.25234,330.52,295.17,2026-09-24,0724,3.71,nominal,0.6,D,N,VIIRS,near_real_time,Northern India,ALL_INDIA,False,312493.9,IOCL Panipat Petrochemical Complex,oil_refinery,national_iocl_panipat_petroch,NON_INDUSTRIAL_RURAL,0.1,CLUSTER_357,0.017,1,58,False,35.349999999999966,,UNLABELED,UNVERIFIED,,,,,,19.35,LOW,NON_INDUSTRIAL_RURAL,ROUTINE_MONITORING_RECOMMENDED
785,31.03068,74.25057,330.17,293.88,2026-09-24,0724,3.61,nominal,0.6,D,N,VIIRS,near_real_time,Northern India,ALL_INDIA,False,312839.7,IOCL Panipat Petrochemical Complex,oil_refinery,national_iocl_panipat_petroch,NON_INDUSTRIAL_RURAL,0.1,CLUSTER_357,0.017,1,58,False,36.29000000000002,,UNLABELED,UNVERIFIED,,,,,,19.35,LOW,NON_INDUSTRIAL_RURAL,ROUTINE_MONITORING_RECOMMENDED
786,31.11184,77.4421,327.33,296.76,2026-09-24,0724,2.42,nominal,0.6,D,N,VIIRS,near_real_time,Northern India,ALL_INDIA,False,195105.6,IOCL Panipat Petrochemical Complex,oil_refinery,national_iocl_panipat_petroch,NON_INDUSTRIAL_RURAL,0.1,CLUSTER_358,0.017,1,58,False,30.569999999999993,,UNLABELED,UNVERIFIED,,,,,,18.61,LOW,NON_INDUSTRIAL_RURAL,ROUTINE_MONITORING_RECOMMENDED
787,32.16761,75.3111,328.82,287.26,2026-09-24,0726,4.76,nominal,0.6,D,N,VIIRS,near_real_time,Northern India,ALL_INDIA,False,342328.1,IOCL Panipat Petrochemical Complex,oil_refinery,national_iocl_panipat_petroch,NON_INDUSTRIAL_RURAL,0.1,CLUSTER_359,0.017,1,58,False,41.56,,UNLABELED,UNVERIFIED,,,,,,19.38,LOW,NON_INDUSTRIAL_RURAL,ROUTINE_MONITORING_RECOMMENDED
788,21.10151,72.63606,335.39,277.16,2026-09-24,0902,5.42,nominal,0.6,D,N,VIIRS,near_real_time,Gujarat,WEST_GUJARAT,True,0.0,ArcelorMittal Nippon Steel India,works,way/104647203,INSIDE_INDUSTRIAL_ZONE,1.0,CLUSTER_009,0.345,20,58,True,58.22999999999996,,UNLABELED,UNVERIFIED,,,,,,79.34,HIGH,ELEVATED_THERMAL_ACTIVITY,ESCALATED_INVESTIGATION_RECOMMENDED
789,21.10728,72.64566,344.76,278.27,2026-09-24,0902,10.58,nominal,0.6,D,N,VIIRS,near_real_time,Gujarat,WEST_GUJARAT,True,0.0,ArcelorMittal Nippon Steel India,works,way/104647203,INSIDE_INDUSTRIAL_ZONE,1.0,CLUSTER_009,0.345,20,58,True,66.49000000000001,,UNLABELED,UNVERIFIED,,,,,,79.34,HIGH,ELEVATED_THERMAL_ACTIVITY,ESCALATED_INVESTIGATION_RECOMMENDED
790,22.41732,69.03951,331.36,305.46,2026-09-24,0902,2.4,low,0.2,D,N,VIIRS,near_real_time,Gujarat,WEST_GUJARAT,True,0.0,Unnamed Industrial Facility,general_industry,way/1311235459,INSIDE_INDUSTRIAL_ZONE,1.0,CLUSTER_018,0.172,10,58,False,25.900000000000034,,UNLABELED,UNVERIFIED,,,,,,48.09,MODERATE,RECURRING_INTERMITTENT_HEAT,ANALYST_REVIEW_RECOMMENDED
791,23.10217,69.92092,345.77,308.57,2026-09-24,0905,6.1,nominal,0.6,D,N,VIIRS,near_real_time,Gujarat,WEST_GUJARAT,False,5999.9,Unnamed Industrial Facility,general_industry,way/757212229,NON_INDUSTRIAL_RURAL,0.1,CLUSTER_360,0.017,1,58,False,37.19999999999999,,UNLABELED,UNVERIFIED,,,,,,21.95,LOW,NON_INDUSTRIAL_RURAL,ROUTINE_MONITORING_RECOMMENDED
792,23.1181,70.05336,332.57,306.56,2026-09-24,0905,1.21,low,0.2,D,N,VIIRS,near_real_time,Gujarat,WEST_GUJARAT,False,795.9,Unnamed Industrial Facility,general_industry,way/104495231,NEARBY_INDUSTRIAL_BUFFER,0.8,CLUSTER_361,0.017,1,58,False,26.00999999999999,,UNLABELED,UNVERIFIED,,,,,,28.41,LOW,NON_INDUSTRIAL_RURAL,ROUTINE_MONITORING_RECOMMENDED
793,23.15721,70.10592,343.57,308.08,2026-09-24,0905,3.9,nominal,0.6,D,N,VIIRS,near_real_time,Gujarat,WEST_GUJARAT,False,1471.8,Unnamed Industrial Facility,general_industry,way/1263465642,VICINITY_ZONE,0.4,CLUSTER_362,0.017,1,58,False,35.49000000000001,,UNLABELED,UNVERIFIED,,,,,,25.76,LOW,NON_INDUSTRIAL_RURAL,ROUTINE_MONITORING_RECOMMENDED
794,23.15767,70.10974,343.32,308.0,2026-09-24,0905,5.09,nominal,0.6,D,N,VIIRS,near_real_time,Gujarat,WEST_GUJARAT,False,1099.7,Unnamed Industrial Facility,general_industry,way/1263465642,VICINITY_ZONE,0.4,CLUSTER_362,0.017,1,58,False,35.31999999999999,,UNLABELED,UNVERIFIED,,,,,,25.76,LOW,NON_INDUSTRIAL_RURAL,ROUTINE_MONITORING_RECOMMENDED
795,23.32869,69.72157,338.25,308.75,2026-09-24,0905,3.02,low,0.2,D,N,VIIRS,near_real_time,Gujarat,WEST_GUJARAT,False,7894.8,Bhuj Sector 274,general_industry,way/768640543,NON_INDUSTRIAL_RURAL,0.1,CLUSTER_363,0.017,1,58,False,29.5,,UNLABELED,UNVERIFIED,,,,,,20.19,LOW,NON_INDUSTRIAL_RURAL,ROUTINE_MONITORING_RECOMMENDED
796,24.82303,68.06737,344.09,311.07,2026-09-24,0905,20.76,nominal,0.6,D,N,VIIRS,near_real_time,Western India,ALL_INDIA,False,147539.0,Unnamed Industrial Facility,general_industry,way/1264592672,NON_INDUSTRIAL_RURAL,0.1,CLUSTER_364,0.017,1,58,False,33.01999999999998,,UNLABELED,UNVERIFIED,,,,,,25.31,LOW,NON_INDUSTRIAL_RURAL,ROUTINE_MONITORING_RECOMMENDED
797,27.6181,68.4034,342.07,309.47,2026-09-24,0905,8.78,nominal,0.6,D,N,VIIRS,near_real_time,Western India,ALL_INDIA,False,395052.4,Khavda Renewable Energy Park,general_industry,way/1273382001,NON_INDUSTRIAL_RURAL,0.1,CLUSTER_365,0.017,1,58,False,32.599999999999966,,UNLABELED,UNVERIFIED,,,,,,23.43,LOW,NON_INDUSTRIAL_RURAL,ROUTINE_MONITORING_RECOMMENDED
798,27.6226,68.40824,345.82,309.95,2026-09-24,0905,12.15,nominal,0.6,D,N,VIIRS,near_real_time,Western India,ALL_INDIA,False,395428.8,Khavda Renewable Energy Park,general_industry,way/1273382001,NON_INDUSTRIAL_RURAL,0.1,CLUSTER_365,0.017,1,58,False,35.870000000000005,,UNLABELED,UNVERIFIED,,,,,,23.43,LOW,NON_INDUSTRIAL_RURAL,ROUTINE_MONITORING_RECOMMENDED
799,27.62583,68.40224,341.12,309.78,2026-09-24,0905,7.86,nominal,0.6,D,N,VIIRS,near_real_time,Western India,ALL_INDIA,False,395915.0,Khavda Renewable Energy Park,general_industry,way/1273382001,NON_INDUSTRIAL_RURAL,0.1,CLUSTER_365,0.017,1,58,False,31.340000000000032,,UNLABELED,UNVERIFIED,,,,,,23.43,LOW,NON_INDUSTRIAL_RURAL,ROUTINE_MONITORING_RECOMMENDED
800,27.62647,68.40766,336.03,309.23,2026-09-24,0905,7.54,low,0.2,D,N,VIIRS,near_real_time,Western India,ALL_INDIA,False,395860.7,Khavda Renewable Energy Park,general_industry,way/1273382001,NON_INDUSTRIAL_RURAL,0.1,CLUSTER_365,0.017,1,58,False,26.799999999999955,,UNLABELED,UNVERIFIED,,,,,,23.43,LOW,NON_INDUSTRIAL_RURAL,ROUTINE_MONITORING_RECOMMENDED
801,27.95774,68.92757,347.54,312.01,2026-09-24,0905,14.24,nominal,0.6,D,N,VIIRS,near_real_time,Western India,ALL_INDIA,False,420647.7,NTPC Khavda,general_industry,way/1336628395,NON_INDUSTRIAL_RURAL,0.1,CLUSTER_366,0.034,2,58,False,35.53000000000003,,UNLABELED,UNVERIFIED,,,,,,24.16,LOW,NON_INDUSTRIAL_RURAL,ROUTINE_MONITORING_RECOMMENDED
802,28.05268,69.37,345.87,311.15,2026-09-24,0905,4.47,nominal,0.6,D,N,VIIRS,near_real_time,Northern India,ALL_INDIA,False,427761.9,NTPC Khavda,general_industry,way/1336628395,NON_INDUSTRIAL_RURAL,0.1,CLUSTER_198,0.138,8,58,False,34.72000000000003,,UNLABELED,UNVERIFIED,,,,,,21.75,LOW,NON_INDUSTRIAL_RURAL,ROUTINE_MONITORING_RECOMMENDED
803,29.42301,70.46538,333.36,304.62,2026-09-24,0905,1.65,low,0.2,D,N,VIIRS,near_real_time,Northern India,ALL_INDIA,False,564452.2,Unnamed Industrial Facility,general_industry,way/273175995,NON_INDUSTRIAL_RURAL,0.1,CLUSTER_265,0.034,2,58,False,28.74000000000001,,UNLABELED,UNVERIFIED,,,,,,19.87,LOW,NON_INDUSTRIAL_RURAL,ROUTINE_MONITORING_RECOMMENDED
804,29.42542,70.46325,335.78,304.96,2026-09-24,0905,2.47,nominal,0.6,D,N,VIIRS,near_real_time,Northern India,ALL_INDIA,False,564730.8,Unnamed Industrial Facility,general_industry,way/273175995,NON_INDUSTRIAL_RURAL,0.1,CLUSTER_265,0.034,2,58,False,30.819999999999993,,UNLABELED,UNVERIFIED,,,,,,19.87,LOW,NON_INDUSTRIAL_RURAL,ROUTINE_MONITORING_RECOMMENDED
805,30.0449,73.30254,334.14,301.55,2026-09-24,0905,1.9,nominal,0.6,D,N,VIIRS,near_real_time,Northern India,ALL_INDIA,False,355766.3,IOCL Panipat Petrochemical Complex,oil_refinery,national_iocl_panipat_petroch,NON_INDUSTRIAL_RURAL,0.1,CLUSTER_367,0.017,1,58,False,32.589999999999975,,UNLABELED,UNVERIFIED,,,,,,19.38,LOW,NON_INDUSTRIAL_RURAL,ROUTINE_MONITORING_RECOMMENDED
806,30.29601,73.16032,332.65,300.48,2026-09-24,0905,1.47,nominal,0.6,D,N,VIIRS,near_real_time,Northern India,ALL_INDIA,False,375123.5,IOCL Panipat Petrochemical Complex,oil_refinery,national_iocl_panipat_petroch,NON_INDUSTRIAL_RURAL,0.1,CLUSTER_368,0.017,1,58,False,32.16999999999996,,UNLABELED,UNVERIFIED,,,,,,19.41,LOW,NON_INDUSTRIAL_RURAL,ROUTINE_MONITORING_RECOMMENDED
807,30.2985,73.16123,334.01,300.28,2026-09-24,0905,2.09,nominal,0.6,D,N,VIIRS,near_real_time,Northern India,ALL_INDIA,False,375107.2,IOCL Panipat Petrochemical Complex,oil_refinery,national_iocl_panipat_petroch,NON_INDUSTRIAL_RURAL,0.1,CLUSTER_368,0.017,1,58,False,33.73000000000002,,UNLABELED,UNVERIFIED,,,,,,19.41,LOW,NON_INDUSTRIAL_RURAL,ROUTINE_MONITORING_RECOMMENDED
808,30.29986,72.46496,346.65,298.78,2026-09-24,0905,3.0,nominal,0.6,D,N,VIIRS,near_real_time,Northern India,ALL_INDIA,False,440263.5,IOCL Panipat Petrochemical Complex,oil_refinery,national_iocl_panipat_petroch,NON_INDUSTRIAL_RURAL,0.1,CLUSTER_369,0.017,1,58,False,47.870000000000005,,UNLABELED,UNVERIFIED,,,,,,21.29,LOW,NON_INDUSTRIAL_RURAL,ROUTINE_MONITORING_RECOMMENDED
809,30.49398,73.75677,367.0,300.91,2026-09-24,0905,11.65,high,0.9,D,N,VIIRS,near_real_time,Northern India,ALL_INDIA,False,327123.4,IOCL Panipat Petrochemical Complex,oil_refinery,national_iocl_panipat_petroch,NON_INDUSTRIAL_RURAL,0.1,CLUSTER_370,0.017,1,58,False,66.08999999999997,,UNLABELED,UNVERIFIED,,,,,,26.09,LOW,NON_INDUSTRIAL_RURAL,ROUTINE_MONITORING_RECOMMENDED
810,30.81301,73.73407,332.24,297.79,2026-09-24,0905,3.3,nominal,0.6,D,N,VIIRS,near_real_time,Northern India,ALL_INDIA,False,343260.3,IOCL Panipat Petrochemical Complex,oil_refinery,national_iocl_panipat_petroch,NON_INDUSTRIAL_RURAL,0.1,CLUSTER_371,0.017,1,58,False,34.44999999999999,,UNLABELED,UNVERIFIED,,,,,,20.06,LOW,NON_INDUSTRIAL_RURAL,ROUTINE_MONITORING_RECOMMENDED
811,30.8133,73.73829,331.55,296.72,2026-09-24,0905,5.69,nominal,0.6,D,N,VIIRS,near_real_time,Northern India,ALL_INDIA,False,342912.9,IOCL Panipat Petrochemical Complex,oil_refinery,national_iocl_panipat_petroch,NON_INDUSTRIAL_RURAL,0.1,CLUSTER_371,0.017,1,58,False,34.829999999999984,,UNLABELED,UNVERIFIED,,,,,,20.06,LOW,NON_INDUSTRIAL_RURAL,ROUTINE_MONITORING_RECOMMENDED
812,31.13051,74.66029,332.22,295.25,2026-09-24,0907,3.33,nominal,0.6,D,N,VIIRS,near_real_time,Northern India,ALL_INDIA,False,288666.2,IOCL Panipat Petrochemical Complex,oil_refinery,national_iocl_panipat_petroch,NON_INDUSTRIAL_RURAL,0.1,CLUSTER_372,0.017,1,58,False,36.97000000000003,,UNLABELED,UNVERIFIED,,,,,,20.24,LOW,NON_INDUSTRIAL_RURAL,ROUTINE_MONITORING_RECOMMENDED
813,31.13174,74.65819,336.48,295.55,2026-09-24,0907,4.12,nominal,0.6,D,N,VIIRS,near_real_time,Northern India,ALL_INDIA,False,288906.8,IOCL Panipat Petrochemical Complex,oil_refinery,national_iocl_panipat_petroch,NON_INDUSTRIAL_RURAL,0.1,CLUSTER_372,0.017,1,58,False,40.93000000000001,,UNLABELED,UNVERIFIED,,,,,,20.24,LOW,NON_INDUSTRIAL_RURAL,ROUTINE_MONITORING_RECOMMENDED
814,31.29502,74.30911,333.86,294.41,2026-09-24,0907,3.11,nominal,0.6,D,N,VIIRS,near_real_time,Northern India,ALL_INDIA,False,326014.7,IOCL Panipat Petrochemical Complex,oil_refinery,national_iocl_panipat_petroch,NON_INDUSTRIAL_RURAL,0.1,CLUSTER_373,0.017,1,58,False,39.44999999999999,,UNLABELED,UNVERIFIED,,,,,,19.65,LOW,NON_INDUSTRIAL_RURAL,ROUTINE_MONITORING_RECOMMENDED
815,31.41108,75.06441,330.08,295.85,2026-09-24,0907,3.52,nominal,0.6,D,N,VIIRS,near_real_time,Northern India,ALL_INDIA,False,284274.9,IOCL Panipat Petrochemical Complex,oil_refinery,national_iocl_panipat_petroch,NON_INDUSTRIAL_RURAL,0.1,CLUSTER_374,0.017,1,58,False,34.22999999999996,,UNLABELED,UNVERIFIED,,,,,,19.25,LOW,NON_INDUSTRIAL_RURAL,ROUTINE_MONITORING_RECOMMENDED
816,31.47587,74.59726,367.0,297.88,2026-09-24,0907,11.1,high,0.9,D,N,VIIRS,near_real_time,Northern India,ALL_INDIA,False,319286.2,IOCL Panipat Petrochemical Complex,oil_refinery,national_iocl_panipat_petroch,NON_INDUSTRIAL_RURAL,0.1,CLUSTER_375,0.017,1,58,False,69.12,,UNLABELED,UNVERIFIED,,,,,,25.95,LOW,NON_INDUSTRIAL_RURAL,ROUTINE_MONITORING_RECOMMENDED
817,31.48174,74.59679,344.53,296.26,2026-09-24,0907,11.1,nominal,0.6,D,N,VIIRS,near_real_time,Northern India,ALL_INDIA,False,319781.8,IOCL Panipat Petrochemical Complex,oil_refinery,national_iocl_panipat_petroch,NON_INDUSTRIAL_RURAL,0.1,CLUSTER_375,0.017,1,58,False,48.26999999999998,,UNLABELED,UNVERIFIED,,,,,,25.95,LOW,NON_INDUSTRIAL_RURAL,ROUTINE_MONITORING_RECOMMENDED
818,31.66913,72.221,337.72,297.5,2026-09-24,0907,3.03,nominal,0.6,D,N,VIIRS,near_real_time,Northern India,ALL_INDIA,False,514704.9,IOCL Panipat Petrochemical Complex,oil_refinery,national_iocl_panipat_petroch,NON_INDUSTRIAL_RURAL,0.1,CLUSTER_376,0.017,1,58,False,40.22000000000003,,UNLABELED,UNVERIFIED,,,,,,20.13,LOW,NON_INDUSTRIAL_RURAL,ROUTINE_MONITORING_RECOMMENDED
819,31.95715,72.32211,332.65,298.41,2026-09-24,0907,2.25,nominal,0.6,D,N,VIIRS,near_real_time,Northern India,ALL_INDIA,False,522323.1,IOCL Panipat Petrochemical Complex,oil_refinery,national_iocl_panipat_petroch,NON_INDUSTRIAL_RURAL,0.1,CLUSTER_377,0.017,1,58,False,34.23999999999995,,UNLABELED,UNVERIFIED,,,,,,19.27,LOW,NON_INDUSTRIAL_RURAL,ROUTINE_MONITORING_RECOMMENDED
820,32.2765,72.15157,350.63,299.07,2026-09-24,0907,4.54,nominal,0.6,D,N,VIIRS,near_real_time,Northern India,ALL_INDIA,False,555012.6,IOCL Panipat Petrochemical Complex,oil_refinery,national_iocl_panipat_petroch,NON_INDUSTRIAL_RURAL,0.1,CLUSTER_378,0.017,1,58,False,51.56,,UNLABELED,UNVERIFIED,,,,,,22.19,LOW,NON_INDUSTRIAL_RURAL,ROUTINE_MONITORING_RECOMMENDED
821,28.95065,78.80548,300.9,288.86,2026-09-24,1947,1.19,nominal,0.6,N,N,VIIRS,near_real_time,Northern India,ALL_INDIA,False,128179.4,NTPC Dadri Thermal Power Station,power_plant,national_ntpc_dadri_thermal_p,NON_INDUSTRIAL_RURAL,0.1,CLUSTER_379,0.017,1,58,False,12.039999999999964,,UNLABELED,UNVERIFIED,,,,,,16.04,LOW,NON_INDUSTRIAL_RURAL,ROUTINE_MONITORING_RECOMMENDED
822,21.36498,97.2548,308.06,288.29,2026-09-24,1949,1.01,nominal,0.6,N,N,VIIRS,near_real_time,Eastern India,ALL_INDIA,False,950134.7,Haldia Petrochemicals Complex,chemical_petrochemical,national_haldia_petrochemical,NON_INDUSTRIAL_RURAL,0.1,CLUSTER_380,0.017,1,58,False,19.769999999999982,,UNLABELED,UNVERIFIED,,,,,,16.0,LOW,NON_INDUSTRIAL_RURAL,ROUTINE_MONITORING_RECOMMENDED
823,21.78926,97.04486,330.7,284.73,2026-09-24,1949,4.04,nominal,0.6,N,N,VIIRS,near_real_time,Eastern India,ALL_INDIA,False,924486.4,Haldia Petrochemicals Complex,chemical_petrochemical,national_haldia_petrochemical,NON_INDUSTRIAL_RURAL,0.1,CLUSTER_381,0.034,2,58,False,45.96999999999997,,UNLABELED,UNVERIFIED,,,,,,19.64,LOW,NON_INDUSTRIAL_RURAL,ROUTINE_MONITORING_RECOMMENDED
824,30.44554,70.56752,309.15,296.68,2026-09-24,2127,1.09,nominal,0.6,N,N,VIIRS,near_real_time,Northern India,ALL_INDIA,False,677662.9,Unnamed Industrial Facility,general_industry,way/273175995,NON_INDUSTRIAL_RURAL,0.1,CLUSTER_205,0.052,3,58,False,12.46999999999997,,UNLABELED,UNVERIFIED,,,,,,16.1,LOW,NON_INDUSTRIAL_RURAL,ROUTINE_MONITORING_RECOMMENDED
825,31.25717,76.925,299.91,288.57,2026-09-24,2127,1.42,nominal,0.6,N,N,VIIRS,near_real_time,Northern India,ALL_INDIA,False,204729.3,IOCL Panipat Petrochemical Complex,oil_refinery,national_iocl_panipat_petroch,NON_INDUSTRIAL_RURAL,0.1,CLUSTER_135,0.069,4,58,False,11.340000000000032,,UNLABELED,UNVERIFIED,,,,,,16.1,LOW,NON_INDUSTRIAL_RURAL,ROUTINE_MONITORING_RECOMMENDED
826,31.2576,76.92658,303.12,289.33,2026-09-24,2127,1.14,nominal,0.6,N,N,VIIRS,near_real_time,Northern India,ALL_INDIA,False,204777.6,IOCL Panipat Petrochemical Complex,oil_refinery,national_iocl_panipat_petroch,NON_INDUSTRIAL_RURAL,0.1,CLUSTER_135,0.069,4,58,False,13.79000000000002,,UNLABELED,UNVERIFIED,,,,,,16.1,LOW,NON_INDUSTRIAL_RURAL,ROUTINE_MONITORING_RECOMMENDED
827,34.88608,69.97235,296.46,283.78,2026-09-24,2127,0.86,nominal,0.6,N,N,VIIRS,near_real_time,Northern India,ALL_INDIA,False,892552.9,IOCL Panipat Petrochemical Complex,oil_refinery,national_iocl_panipat_petroch,NON_INDUSTRIAL_RURAL,0.1,CLUSTER_382,0.017,1,58,False,12.680000000000007,,UNLABELED,UNVERIFIED,,,,,,15.96,LOW,NON_INDUSTRIAL_RURAL,ROUTINE_MONITORING_RECOMMENDED
828,35.09569,70.2235,295.24,284.3,2026-09-24,2127,0.79,nominal,0.6,N,N,VIIRS,near_real_time,Northern India,ALL_INDIA,False,891241.7,IOCL Panipat Petrochemical Complex,oil_refinery,national_iocl_panipat_petroch,NON_INDUSTRIAL_RURAL,0.1,CLUSTER_383,0.017,1,58,False,10.939999999999998,,UNLABELED,UNVERIFIED,,,,,,15.94,LOW,NON_INDUSTRIAL_RURAL,ROUTINE_MONITORING_RECOMMENDED
829,24.66125,74.63567,305.73,293.44,2026-09-24,2129,2.49,nominal,0.6,N,N,VIIRS,near_real_time,Central India,ALL_INDIA,False,89677.7,Unnamed Industrial Facility,general_industry,way/695640152,NON_INDUSTRIAL_RURAL,0.1,CLUSTER_298,0.069,4,58,False,12.29000000000002,,UNLABELED,UNVERIFIED,,,,,,16.36,LOW,NON_INDUSTRIAL_RURAL,ROUTINE_MONITORING_RECOMMENDED
830,24.6881,73.00338,307.14,296.09,2026-09-24,2129,2.03,nominal,0.6,N,N,VIIRS,near_real_time,Western India,ALL_INDIA,False,30910.7,Unnamed Industrial Facility,general_industry,way/1243273049,NON_INDUSTRIAL_RURAL,0.1,CLUSTER_384,0.017,1,58,False,11.050000000000011,,UNLABELED,UNVERIFIED,,,,,,16.25,LOW,NON_INDUSTRIAL_RURAL,ROUTINE_MONITORING_RECOMMENDED
831,24.93318,74.63246,305.64,293.87,2026-09-24,2129,1.39,nominal,0.6,N,N,VIIRS,near_real_time,Central India,ALL_INDIA,False,98909.8,Unnamed Industrial Facility,general_industry,way/695640152,NON_INDUSTRIAL_RURAL,0.1,CLUSTER_188,0.034,2,58,False,11.769999999999982,,UNLABELED,UNVERIFIED,,,,,,16.12,LOW,NON_INDUSTRIAL_RURAL,ROUTINE_MONITORING_RECOMMENDED
832,25.38898,68.58176,326.54,297.82,2026-09-24,2129,1.68,nominal,0.6,N,N,VIIRS,near_real_time,Western India,ALL_INDIA,False,155081.1,Khavda Renewable Energy Park,general_industry,way/1273382001,NON_INDUSTRIAL_RURAL,0.1,CLUSTER_090,0.121,7,58,False,28.720000000000027,,UNLABELED,UNVERIFIED,,,,,,19.89,LOW,NON_INDUSTRIAL_RURAL,ROUTINE_MONITORING_RECOMMENDED
833,26.2579,74.09552,306.96,296.36,2026-09-24,2129,1.25,nominal,0.6,N,N,VIIRS,near_real_time,Central India,ALL_INDIA,False,195039.3,Unnamed Industrial Facility,general_industry,way/695640152,NON_INDUSTRIAL_RURAL,0.1,CLUSTER_347,0.034,2,58,False,10.599999999999966,,UNLABELED,UNVERIFIED,,,,,,16.06,LOW,NON_INDUSTRIAL_RURAL,ROUTINE_MONITORING_RECOMMENDED
834,26.8735,73.51535,308.27,297.2,2026-09-24,2129,1.63,nominal,0.6,N,N,VIIRS,near_real_time,Western India,ALL_INDIA,False,261653.5,Unnamed Industrial Facility,general_industry,way/695640152,NON_INDUSTRIAL_RURAL,0.1,CLUSTER_196,0.052,3,58,False,11.069999999999993,,UNLABELED,UNVERIFIED,,,,,,16.44,LOW,NON_INDUSTRIAL_RURAL,ROUTINE_MONITORING_RECOMMENDED
835,27.28851,73.84077,307.27,297.27,2026-09-24,2129,0.95,nominal,0.6,N,N,VIIRS,near_real_time,Western India,ALL_INDIA,False,306780.5,Unnamed Industrial Facility,general_industry,way/695640152,NON_INDUSTRIAL_RURAL,0.1,CLUSTER_385,0.017,1,58,False,10.0,,UNLABELED,UNVERIFIED,,,,,,15.98,LOW,NON_INDUSTRIAL_RURAL,ROUTINE_MONITORING_RECOMMENDED
836,27.66774,76.12987,305.27,294.62,2026-09-24,2129,1.31,nominal,0.6,N,N,VIIRS,near_real_time,Rajasthan,NORTH_NCR,False,91585.7,Bhiwadi RIICO Industrial Cluster,general_industry,national_bhiwadi_riico_indust,NON_INDUSTRIAL_RURAL,0.1,CLUSTER_197,0.034,2,58,False,10.649999999999977,,UNLABELED,UNVERIFIED,,,,,,16.82,LOW,NON_INDUSTRIAL_RURAL,ROUTINE_MONITORING_RECOMMENDED
837,27.96909,69.80941,315.64,298.9,2026-09-24,2129,1.9,nominal,0.6,N,N,VIIRS,near_real_time,Western India,ALL_INDIA,False,413060.9,Unnamed Industrial Facility,general_industry,way/273175995,NON_INDUSTRIAL_RURAL,0.1,CLUSTER_386,0.017,1,58,False,16.74000000000001,,UNLABELED,UNVERIFIED,,,,,,16.95,LOW,NON_INDUSTRIAL_RURAL,ROUTINE_MONITORING_RECOMMENDED
838,28.05213,69.37067,331.01,299.93,2026-09-24,2129,2.38,nominal,0.6,N,N,VIIRS,near_real_time,Northern India,ALL_INDIA,False,427699.1,NTPC Khavda,general_industry,way/1336628395,NON_INDUSTRIAL_RURAL,0.1,CLUSTER_198,0.138,8,58,False,31.079999999999984,,UNLABELED,UNVERIFIED,,,,,,21.75,LOW,NON_INDUSTRIAL_RURAL,ROUTINE_MONITORING_RECOMMENDED
839,28.42522,69.69991,319.92,298.7,2026-09-24,2129,2.15,nominal,0.6,N,N,VIIRS,near_real_time,Northern India,ALL_INDIA,False,464885.8,Unnamed Industrial Facility,general_industry,way/273175995,NON_INDUSTRIAL_RURAL,0.1,CLUSTER_348,0.052,3,58,False,21.220000000000027,,UNLABELED,UNVERIFIED,,,,,,17.69,LOW,NON_INDUSTRIAL_RURAL,ROUTINE_MONITORING_RECOMMENDED
840,28.56227,77.55989,301.04,290.21,2026-09-24,2129,0.73,nominal,0.6,N,N,VIIRS,near_real_time,Uttar Pradesh,NORTH_NCR,False,2573.2,NTPC Dadri Thermal Power Station,power_plant,national_ntpc_dadri_thermal_p,VICINITY_ZONE,0.4,CLUSTER_387,0.017,1,58,False,10.830000000000041,,UNLABELED,UNVERIFIED,,,,,,19.32,LOW,NON_INDUSTRIAL_RURAL,ROUTINE_MONITORING_RECOMMENDED
841,28.56323,77.55599,302.02,290.87,2026-09-24,2129,0.73,nominal,0.6,N,N,VIIRS,near_real_time,Uttar Pradesh,NORTH_NCR,False,2369.5,NTPC Dadri Thermal Power Station,power_plant,national_ntpc_dadri_thermal_p,VICINITY_ZONE,0.4,CLUSTER_387,0.017,1,58,False,11.149999999999977,,UNLABELED,UNVERIFIED,,,,,,19.32,LOW,NON_INDUSTRIAL_RURAL,ROUTINE_MONITORING_RECOMMENDED
842,28.5668,77.55826,301.95,290.25,2026-09-24,2129,1.16,nominal,0.6,N,N,VIIRS,near_real_time,Uttar Pradesh,NORTH_NCR,False,2044.9,NTPC Dadri Thermal Power Station,power_plant,national_ntpc_dadri_thermal_p,VICINITY_ZONE,0.4,CLUSTER_387,0.017,1,58,False,11.699999999999989,,UNLABELED,UNVERIFIED,,,,,,19.32,LOW,NON_INDUSTRIAL_RURAL,ROUTINE_MONITORING_RECOMMENDED
843,28.56773,77.55437,302.28,290.83,2026-09-24,2129,1.39,nominal,0.6,N,N,VIIRS,near_real_time,Uttar Pradesh,NORTH_NCR,False,1848.6,NTPC Dadri Thermal Power Station,power_plant,national_ntpc_dadri_thermal_p,VICINITY_ZONE,0.4,CLUSTER_387,0.017,1,58,False,11.449999999999989,,UNLABELED,UNVERIFIED,,,,,,19.32,LOW,NON_INDUSTRIAL_RURAL,ROUTINE_MONITORING_RECOMMENDED
844,28.56854,77.55767,299.95,289.8,2026-09-24,2129,0.73,nominal,0.6,N,N,VIIRS,near_real_time,Uttar Pradesh,NORTH_NCR,False,1843.3,NTPC Dadri Thermal Power Station,power_plant,national_ntpc_dadri_thermal_p,VICINITY_ZONE,0.4,CLUSTER_387,0.017,1,58,False,10.149999999999977,,UNLABELED,UNVERIFIED,,,,,,19.32,LOW,NON_INDUSTRIAL_RURAL,ROUTINE_MONITORING_RECOMMENDED
845,28.56959,77.54662,300.79,290.16,2026-09-24,2129,1.05,nominal,0.6,N,N,VIIRS,near_real_time,Uttar Pradesh,NORTH_NCR,False,1629.5,NTPC Dadri Thermal Power Station,power_plant,national_ntpc_dadri_thermal_p,VICINITY_ZONE,0.4,CLUSTER_388,0.017,1,58,False,10.629999999999995,,UNLABELED,UNVERIFIED,,,,,,19.56,LOW,NON_INDUSTRIAL_RURAL,ROUTINE_MONITORING_RECOMMENDED
846,16.64768,74.30985,298.3,285.59,2026-09-24,2131,0.62,nominal,0.6,N,N,VIIRS,near_real_time,Andhra Pradesh,SOUTH_CORRIDOR,False,277348.8,Rasayani Petrochemical Complex,chemical_petrochemical,national_rasayani_petrochemic,NON_INDUSTRIAL_RURAL,0.1,CLUSTER_389,0.017,1,58,False,12.710000000000036,,UNLABELED,UNVERIFIED,,,,,,15.9,LOW,NON_INDUSTRIAL_RURAL,ROUTINE_MONITORING_RECOMMENDED
847,18.68225,73.03543,312.15,292.48,2026-09-24,2131,1.9,nominal,0.6,N,N,VIIRS,near_real_time,Maharashtra,WEST_MAHARASHTRA,False,27396.3,Rasayani Petrochemical Complex,chemical_petrochemical,national_rasayani_petrochemic,NON_INDUSTRIAL_RURAL,0.1,CLUSTER_390,0.052,3,58,False,19.66999999999996,,UNLABELED,UNVERIFIED,,,,,,16.61,LOW,NON_INDUSTRIAL_RURAL,ROUTINE_MONITORING_RECOMMENDED
848,18.68353,73.0293,308.32,292.15,2026-09-24,2131,2.26,nominal,0.6,N,N,VIIRS,near_real_time,Maharashtra,WEST_MAHARASHTRA,False,27606.0,Rasayani Petrochemical Complex,chemical_petrochemical,national_rasayani_petrochemic,NON_INDUSTRIAL_RURAL,0.1,CLUSTER_390,0.052,3,58,False,16.170000000000016,,UNLABELED,UNVERIFIED,,,,,,16.61,LOW,NON_INDUSTRIAL_RURAL,ROUTINE_MONITORING_RECOMMENDED
849,18.68571,73.92046,303.31,277.91,2026-09-24,2131,0.55,nominal,0.6,N,N,VIIRS,near_real_time,Maharashtra,WEST_MAHARASHTRA,False,81879.7,Rasayani Petrochemical Complex,chemical_petrochemical,national_rasayani_petrochemic,NON_INDUSTRIAL_RURAL,0.1,CLUSTER_391,0.017,1,58,False,25.399999999999977,,UNLABELED,UNVERIFIED,,,,,,16.12,LOW,NON_INDUSTRIAL_RURAL,ROUTINE_MONITORING_RECOMMENDED
850,18.68643,73.917,295.97,278.51,2026-09-24,2131,0.55,nominal,0.6,N,N,VIIRS,near_real_time,Maharashtra,WEST_MAHARASHTRA,False,81507.8,Rasayani Petrochemical Complex,chemical_petrochemical,national_rasayani_petrochemic,NON_INDUSTRIAL_RURAL,0.1,CLUSTER_391,0.017,1,58,False,17.460000000000036,,UNLABELED,UNVERIFIED,,,,,,16.12,LOW,NON_INDUSTRIAL_RURAL,ROUTINE_MONITORING_RECOMMENDED
851,18.68887,73.92072,311.38,276.38,2026-09-24,2131,0.76,nominal,0.6,N,N,VIIRS,near_real_time,Maharashtra,WEST_MAHARASHTRA,False,81804.6,Rasayani Petrochemical Complex,chemical_petrochemical,national_rasayani_petrochemic,NON_INDUSTRIAL_RURAL,0.1,CLUSTER_391,0.017,1,58,False,35.0,,UNLABELED,UNVERIFIED,,,,,,16.12,LOW,NON_INDUSTRIAL_RURAL,ROUTINE_MONITORING_RECOMMENDED
852,18.68962,73.91727,301.29,277.47,2026-09-24,2131,0.76,nominal,0.6,N,N,VIIRS,near_real_time,Maharashtra,WEST_MAHARASHTRA,False,81432.5,Rasayani Petrochemical Complex,chemical_petrochemical,national_rasayani_petrochemic,NON_INDUSTRIAL_RURAL,0.1,CLUSTER_391,0.017,1,58,False,23.819999999999993,,UNLABELED,UNVERIFIED,,,,,,16.12,LOW,NON_INDUSTRIAL_RURAL,ROUTINE_MONITORING_RECOMMENDED
853,18.69103,73.92159,302.65,276.62,2026-09-24,2131,0.33,nominal,0.6,N,N,VIIRS,near_real_time,Maharashtra,WEST_MAHARASHTRA,False,81823.9,Rasayani Petrochemical Complex,chemical_petrochemical,national_rasayani_petrochemic,NON_INDUSTRIAL_RURAL,0.1,CLUSTER_391,0.017,1,58,False,26.029999999999973,,UNLABELED,UNVERIFIED,,,,,,16.12,LOW,NON_INDUSTRIAL_RURAL,ROUTINE_MONITORING_RECOMMENDED
854,18.69121,73.84142,309.11,288.33,2026-09-24,2131,0.96,nominal,0.6,N,N,VIIRS,near_real_time,Maharashtra,WEST_MAHARASHTRA,False,73758.3,Rasayani Petrochemical Complex,chemical_petrochemical,national_rasayani_petrochemic,NON_INDUSTRIAL_RURAL,0.1,CLUSTER_392,0.017,1,58,False,20.78000000000003,,UNLABELED,UNVERIFIED,,,,,,15.98,LOW,NON_INDUSTRIAL_RURAL,ROUTINE_MONITORING_RECOMMENDED
855,18.69164,73.04081,308.78,292.65,2026-09-24,2131,1.49,nominal,0.6,N,N,VIIRS,near_real_time,Maharashtra,WEST_MAHARASHTRA,False,26208.9,Rasayani Petrochemical Complex,chemical_petrochemical,national_rasayani_petrochemic,NON_INDUSTRIAL_RURAL,0.1,CLUSTER_393,0.052,3,58,False,16.129999999999995,,UNLABELED,UNVERIFIED,,,,,,16.85,LOW,NON_INDUSTRIAL_RURAL,ROUTINE_MONITORING_RECOMMENDED
856,18.69176,73.91814,296.15,277.41,2026-09-24,2131,0.33,nominal,0.6,N,N,VIIRS,near_real_time,Maharashtra,WEST_MAHARASHTRA,False,81452.4,Rasayani Petrochemical Complex,chemical_petrochemical,national_rasayani_petrochemic,NON_INDUSTRIAL_RURAL,0.1,CLUSTER_391,0.017,1,58,False,18.739999999999952,,UNLABELED,UNVERIFIED,,,,,,16.12,LOW,NON_INDUSTRIAL_RURAL,ROUTINE_MONITORING_RECOMMENDED
857,18.85483,72.92818,309.94,291.55,2026-09-24,2131,1.68,nominal,0.6,N,N,VIIRS,near_real_time,Maharashtra,WEST_MAHARASHTRA,False,16979.9,BPCL Mumbai Refinery (Mahul),oil_refinery,national_bpcl_mumbai_refinery,NON_INDUSTRIAL_RURAL,0.1,CLUSTER_394,0.034,2,58,False,18.389999999999986,,UNLABELED,UNVERIFIED,,,,,,23.01,LOW,NON_INDUSTRIAL_RURAL,ROUTINE_MONITORING_RECOMMENDED
858,18.85539,72.92547,306.18,291.76,2026-09-24,2131,3.58,nominal,0.6,N,N,VIIRS,near_real_time,Maharashtra,WEST_MAHARASHTRA,False,16880.3,BPCL Mumbai Refinery (Mahul),oil_refinery,national_bpcl_mumbai_refinery,NON_INDUSTRIAL_RURAL,0.1,CLUSTER_394,0.034,2,58,False,14.420000000000016,,UNLABELED,UNVERIFIED,,,,,,23.01,LOW,NON_INDUSTRIAL_RURAL,ROUTINE_MONITORING_RECOMMENDED
859,18.85981,72.92925,318.23,290.75,2026-09-24,2131,1.68,nominal,0.6,N,N,VIIRS,near_real_time,Maharashtra,WEST_MAHARASHTRA,False,16448.5,BPCL Mumbai Refinery (Mahul),oil_refinery,national_bpcl_mumbai_refinery,NON_INDUSTRIAL_RURAL,0.1,CLUSTER_394,0.034,2,58,False,27.480000000000018,,UNLABELED,UNVERIFIED,,,,,,23.01,LOW,NON_INDUSTRIAL_RURAL,ROUTINE_MONITORING_RECOMMENDED
860,18.86038,72.92651,314.22,289.68,2026-09-24,2131,3.58,nominal,0.6,N,N,VIIRS,near_real_time,Maharashtra,WEST_MAHARASHTRA,False,16344.2,BPCL Mumbai Refinery (Mahul),oil_refinery,national_bpcl_mumbai_refinery,NON_INDUSTRIAL_RURAL,0.1,CLUSTER_394,0.034,2,58,False,24.54000000000002,,UNLABELED,UNVERIFIED,,,,,,23.01,LOW,NON_INDUSTRIAL_RURAL,ROUTINE_MONITORING_RECOMMENDED
861,21.10195,72.63409,337.04,295.58,2026-09-24,2131,8.93,nominal,0.6,N,N,VIIRS,near_real_time,Gujarat,WEST_GUJARAT,True,0.0,ArcelorMittal Nippon Steel India,works,way/104647203,INSIDE_INDUSTRIAL_ZONE,1.0,CLUSTER_009,0.345,20,58,True,41.460000000000036,,UNLABELED,UNVERIFIED,,,,,,79.34,HIGH,ELEVATED_THERMAL_ACTIVITY,ESCALATED_INVESTIGATION_RECOMMENDED
862,21.10445,72.64579,344.67,296.21,2026-09-24,2131,8.79,nominal,0.6,N,N,VIIRS,near_real_time,Gujarat,WEST_GUJARAT,True,0.0,ArcelorMittal Nippon Steel India,works,way/104647203,INSIDE_INDUSTRIAL_ZONE,1.0,CLUSTER_009,0.345,20,58,True,48.460000000000036,,UNLABELED,UNVERIFIED,,,,,,79.34,HIGH,ELEVATED_THERMAL_ACTIVITY,ESCALATED_INVESTIGATION_RECOMMENDED
863,21.10911,72.6469,309.38,296.05,2026-09-24,2131,1.66,nominal,0.6,N,N,VIIRS,near_real_time,Gujarat,WEST_GUJARAT,True,0.0,ArcelorMittal Nippon Steel India,works,way/104647203,INSIDE_INDUSTRIAL_ZONE,1.0,CLUSTER_009,0.345,20,58,True,13.329999999999984,,UNLABELED,UNVERIFIED,,,,,,79.34,HIGH,ELEVATED_THERMAL_ACTIVITY,ESCALATED_INVESTIGATION_RECOMMENDED
864,21.11128,72.63631,313.0,296.1,2026-09-24,2131,2.0,nominal,0.6,N,N,VIIRS,near_real_time,Gujarat,WEST_GUJARAT,True,0.0,ArcelorMittal Nippon Steel India,works,way/104647203,INSIDE_INDUSTRIAL_ZONE,1.0,CLUSTER_009,0.345,20,58,True,16.899999999999977,,UNLABELED,UNVERIFIED,,,,,,79.34,HIGH,ELEVATED_THERMAL_ACTIVITY,ESCALATED_INVESTIGATION_RECOMMENDED
865,22.26537,75.13546,299.83,276.47,2026-09-24,2131,0.46,nominal,0.6,N,N,VIIRS,near_real_time,Central India,ALL_INDIA,False,134446.2,Unnamed Industrial Facility,depot,way/1278600800,NON_INDUSTRIAL_RURAL,0.1,CLUSTER_343,0.069,4,58,False,23.359999999999957,,UNLABELED,UNVERIFIED,,,,,,16.71,LOW,NON_INDUSTRIAL_RURAL,ROUTINE_MONITORING_RECOMMENDED
866,22.41552,69.03941,318.58,297.47,2026-09-24,2131,2.82,nominal,0.6,N,N,VIIRS,near_real_time,Gujarat,WEST_GUJARAT,True,0.0,Unnamed Industrial Facility,general_industry,way/1311235459,INSIDE_INDUSTRIAL_ZONE,1.0,CLUSTER_018,0.172,10,58,False,21.109999999999957,,UNLABELED,UNVERIFIED,,,,,,48.09,MODERATE,RECURRING_INTERMITTENT_HEAT,ANALYST_REVIEW_RECOMMENDED
867,22.93426,69.69944,316.17,298.09,2026-09-24,2131,2.33,nominal,0.6,N,N,VIIRS,near_real_time,Gujarat,WEST_GUJARAT,False,317.2,Unnamed Industrial Facility,general_industry,way/1002375165,NEARBY_INDUSTRIAL_BUFFER,0.8,CLUSTER_012,0.138,8,58,False,18.08000000000004,,UNLABELED,UNVERIFIED,,,,,,46.26,MODERATE,RECURRING_INTERMITTENT_HEAT,ANALYST_REVIEW_RECOMMENDED
868,16.6832,96.25974,341.64,292.93,2026-09-25,0701,3.27,nominal,0.6,D,N,VIIRS,near_real_time,Eastern India,ALL_INDIA,False,1044138.8,Haldia Petrochemicals Complex,chemical_petrochemical,national_haldia_petrochemical,NON_INDUSTRIAL_RURAL,0.1,CLUSTER_395,0.017,1,58,False,48.70999999999998,,UNLABELED,UNVERIFIED,,,,,,20.7,LOW,NON_INDUSTRIAL_RURAL,ROUTINE_MONITORING_RECOMMENDED
869,21.7911,97.04449,332.06,291.37,2026-09-25,0701,2.84,nominal,0.6,D,N,VIIRS,near_real_time,Eastern India,ALL_INDIA,False,924436.0,Haldia Petrochemicals Complex,chemical_petrochemical,national_haldia_petrochemical,NON_INDUSTRIAL_RURAL,0.1,CLUSTER_381,0.034,2,58,False,40.69,,UNLABELED,UNVERIFIED,,,,,,19.64,LOW,NON_INDUSTRIAL_RURAL,ROUTINE_MONITORING_RECOMMENDED
870,22.50847,96.64893,335.51,287.25,2026-09-25,0701,4.88,nominal,0.6,D,N,VIIRS,near_real_time,Eastern India,ALL_INDIA,False,882422.9,Haldia Petrochemicals Complex,chemical_petrochemical,national_haldia_petrochemical,NON_INDUSTRIAL_RURAL,0.1,CLUSTER_396,0.017,1,58,False,48.25999999999999,,UNLABELED,UNVERIFIED,,,,,,20.29,LOW,NON_INDUSTRIAL_RURAL,ROUTINE_MONITORING_RECOMMENDED
871,23.56456,94.43166,329.36,303.32,2026-09-25,0701,4.44,low,0.2,D,N,VIIRS,near_real_time,Eastern India,ALL_INDIA,False,671785.3,Haldia Petrochemicals Complex,chemical_petrochemical,national_haldia_petrochemical,NON_INDUSTRIAL_RURAL,0.1,CLUSTER_397,0.017,1,58,False,26.04000000000002,,UNLABELED,UNVERIFIED,,,,,,19.38,LOW,NON_INDUSTRIAL_RURAL,ROUTINE_MONITORING_RECOMMENDED
872,24.32116,94.83768,346.45,298.17,2026-09-25,0703,4.09,nominal,0.6,D,N,VIIRS,near_real_time,Eastern India,ALL_INDIA,False,734703.9,Haldia Petrochemicals Complex,chemical_petrochemical,national_haldia_petrochemical,NON_INDUSTRIAL_RURAL,0.1,CLUSTER_398,0.017,1,58,False,48.27999999999997,,UNLABELED,UNVERIFIED,,,,,,21.53,LOW,NON_INDUSTRIAL_RURAL,ROUTINE_MONITORING_RECOMMENDED
873,24.90924,97.26492,337.61,296.51,2026-09-25,0703,4.73,nominal,0.6,D,N,VIIRS,near_real_time,Eastern India,ALL_INDIA,False,988318.8,Haldia Petrochemicals Complex,chemical_petrochemical,national_haldia_petrochemical,NON_INDUSTRIAL_RURAL,0.1,CLUSTER_399,0.017,1,58,False,41.10000000000002,,UNLABELED,UNVERIFIED,,,,,,20.53,LOW,NON_INDUSTRIAL_RURAL,ROUTINE_MONITORING_RECOMMENDED
874,24.9231,97.07098,332.19,294.53,2026-09-25,0703,3.1,nominal,0.6,D,N,VIIRS,near_real_time,Eastern India,ALL_INDIA,False,970081.8,Haldia Petrochemicals Complex,chemical_petrochemical,national_haldia_petrochemical,NON_INDUSTRIAL_RURAL,0.1,CLUSTER_400,0.017,1,58,False,37.660000000000025,,UNLABELED,UNVERIFIED,,,,,,19.42,LOW,NON_INDUSTRIAL_RURAL,ROUTINE_MONITORING_RECOMMENDED
875,25.37414,95.15678,345.46,298.81,2026-09-25,0703,8.84,nominal,0.6,D,N,VIIRS,near_real_time,Eastern India,ALL_INDIA,False,808922.2,Haldia Petrochemicals Complex,chemical_petrochemical,national_haldia_petrochemical,NON_INDUSTRIAL_RURAL,0.1,CLUSTER_401,0.017,1,58,False,46.64999999999998,,UNLABELED,UNVERIFIED,,,,,,22.57,LOW,NON_INDUSTRIAL_RURAL,ROUTINE_MONITORING_RECOMMENDED
876,25.47962,97.38968,332.07,295.35,2026-09-25,0703,5.72,nominal,0.6,D,N,VIIRS,near_real_time,Eastern India,ALL_INDIA,False,1020294.4,Haldia Petrochemicals Complex,chemical_petrochemical,national_haldia_petrochemical,NON_INDUSTRIAL_RURAL,0.1,CLUSTER_402,0.017,1,58,False,36.71999999999997,,UNLABELED,UNVERIFIED,,,,,,20.05,LOW,NON_INDUSTRIAL_RURAL,ROUTINE_MONITORING_RECOMMENDED
877,26.77544,95.70728,331.83,297.36,2026-09-25,0703,4.98,nominal,0.6,D,N,VIIRS,near_real_time,Eastern India,ALL_INDIA,False,933079.6,Haldia Petrochemicals Complex,chemical_petrochemical,national_haldia_petrochemical,NON_INDUSTRIAL_RURAL,0.1,CLUSTER_403,0.017,1,58,False,34.46999999999997,,UNLABELED,UNVERIFIED,,,,,,19.83,LOW,NON_INDUSTRIAL_RURAL,ROUTINE_MONITORING_RECOMMENDED
878,26.97938,93.99506,331.49,297.03,2026-09-25,0703,3.59,nominal,0.6,D,N,VIIRS,near_real_time,Eastern India,ALL_INDIA,False,810624.8,Haldia Petrochemicals Complex,chemical_petrochemical,national_haldia_petrochemical,NON_INDUSTRIAL_RURAL,0.1,CLUSTER_404,0.017,1,58,False,34.460000000000036,,UNLABELED,UNVERIFIED,,,,,,19.45,LOW,NON_INDUSTRIAL_RURAL,ROUTINE_MONITORING_RECOMMENDED
879,27.62766,96.02306,338.62,297.28,2026-09-25,0703,4.49,nominal,0.6,D,N,VIIRS,near_real_time,Eastern India,ALL_INDIA,False,1012323.9,Haldia Petrochemicals Complex,chemical_petrochemical,national_haldia_petrochemical,NON_INDUSTRIAL_RURAL,0.1,CLUSTER_405,0.017,1,58,False,41.34000000000003,,UNLABELED,UNVERIFIED,,,,,,20.6,LOW,NON_INDUSTRIAL_RURAL,ROUTINE_MONITORING_RECOMMENDED
880,27.67099,96.23769,346.74,293.47,2026-09-25,0703,7.19,nominal,0.6,D,N,VIIRS,near_real_time,Eastern India,ALL_INDIA,False,1032300.0,Haldia Petrochemicals Complex,chemical_petrochemical,national_haldia_petrochemical,NON_INDUSTRIAL_RURAL,0.1,CLUSTER_406,0.017,1,58,False,53.26999999999998,,UNLABELED,UNVERIFIED,,,,,,22.33,LOW,NON_INDUSTRIAL_RURAL,ROUTINE_MONITORING_RECOMMENDED
881,27.67271,96.22423,345.15,295.35,2026-09-25,0703,10.1,nominal,0.6,D,N,VIIRS,near_real_time,Eastern India,ALL_INDIA,False,1031331.5,Haldia Petrochemicals Complex,chemical_petrochemical,national_haldia_petrochemical,NON_INDUSTRIAL_RURAL,0.1,CLUSTER_407,0.017,1,58,False,49.799999999999955,,UNLABELED,UNVERIFIED,,,,,,22.83,LOW,NON_INDUSTRIAL_RURAL,ROUTINE_MONITORING_RECOMMENDED
882,27.71784,96.26131,339.1,299.46,2026-09-25,0703,5.18,nominal,0.6,D,N,VIIRS,near_real_time,Eastern India,ALL_INDIA,False,1037219.1,Haldia Petrochemicals Complex,chemical_petrochemical,national_haldia_petrochemical,NON_INDUSTRIAL_RURAL,0.1,CLUSTER_408,0.017,1,58,False,39.64000000000004,,UNLABELED,UNVERIFIED,,,,,,20.84,LOW,NON_INDUSTRIAL_RURAL,ROUTINE_MONITORING_RECOMMENDED
883,27.72019,96.26009,338.71,298.79,2026-09-25,0703,4.44,nominal,0.6,D,N,VIIRS,near_real_time,Eastern India,ALL_INDIA,False,1037273.5,Haldia Petrochemicals Complex,chemical_petrochemical,national_haldia_petrochemical,NON_INDUSTRIAL_RURAL,0.1,CLUSTER_408,0.017,1,58,False,39.91999999999996,,UNLABELED,UNVERIFIED,,,,,,20.84,LOW,NON_INDUSTRIAL_RURAL,ROUTINE_MONITORING_RECOMMENDED
884,27.73516,96.28473,343.45,299.52,2026-09-25,0703,9.99,nominal,0.6,D,N,VIIRS,near_real_time,Eastern India,ALL_INDIA,False,1040214.5,Haldia Petrochemicals Complex,chemical_petrochemical,national_haldia_petrochemical,NON_INDUSTRIAL_RURAL,0.1,CLUSTER_409,0.017,1,58,False,43.93000000000001,,UNLABELED,UNVERIFIED,,,,,,22.58,LOW,NON_INDUSTRIAL_RURAL,ROUTINE_MONITORING_RECOMMENDED
885,27.74032,96.32349,342.5,299.24,2026-09-25,0703,9.54,nominal,0.6,D,N,VIIRS,near_real_time,Eastern India,ALL_INDIA,False,1043652.3,Haldia Petrochemicals Complex,chemical_petrochemical,national_haldia_petrochemical,NON_INDUSTRIAL_RURAL,0.1,CLUSTER_410,0.017,1,58,False,43.25999999999999,,UNLABELED,UNVERIFIED,,,,,,22.35,LOW,NON_INDUSTRIAL_RURAL,ROUTINE_MONITORING_RECOMMENDED
886,27.74498,96.30508,336.68,297.97,2026-09-25,0703,3.13,nominal,0.6,D,N,VIIRS,near_real_time,Eastern India,ALL_INDIA,False,1042478.7,Haldia Petrochemicals Complex,chemical_petrochemical,national_haldia_petrochemical,NON_INDUSTRIAL_RURAL,0.1,CLUSTER_411,0.017,1,58,False,38.70999999999998,,UNLABELED,UNVERIFIED,,,,,,20.02,LOW,NON_INDUSTRIAL_RURAL,ROUTINE_MONITORING_RECOMMENDED
887,27.74677,96.2652,329.43,298.94,2026-09-25,0703,5.1,nominal,0.6,D,N,VIIRS,near_real_time,Eastern India,ALL_INDIA,False,1039405.1,Haldia Petrochemicals Complex,chemical_petrochemical,national_haldia_petrochemical,NON_INDUSTRIAL_RURAL,0.1,CLUSTER_412,0.017,1,58,False,30.49000000000001,,UNLABELED,UNVERIFIED,,,,,,20.9,LOW,NON_INDUSTRIAL_RURAL,ROUTINE_MONITORING_RECOMMENDED
888,27.75024,96.26463,339.73,299.32,2026-09-25,0703,5.1,nominal,0.6,D,N,VIIRS,near_real_time,Eastern India,ALL_INDIA,False,1039584.9,Haldia Petrochemicals Complex,chemical_petrochemical,national_haldia_petrochemical,NON_INDUSTRIAL_RURAL,0.1,CLUSTER_412,0.017,1,58,False,40.410000000000025,,UNLABELED,UNVERIFIED,,,,,,20.9,LOW,NON_INDUSTRIAL_RURAL,ROUTINE_MONITORING_RECOMMENDED
889,27.768,96.03022,334.44,300.41,2026-09-25,0703,5.89,nominal,0.6,D,N,VIIRS,near_real_time,Eastern India,ALL_INDIA,False,1022140.0,Haldia Petrochemicals Complex,chemical_petrochemical,national_haldia_petrochemical,NON_INDUSTRIAL_RURAL,0.1,CLUSTER_413,0.017,1,58,False,34.02999999999997,,UNLABELED,UNVERIFIED,,,,,,20.39,LOW,NON_INDUSTRIAL_RURAL,ROUTINE_MONITORING_RECOMMENDED
890,27.80412,96.26881,335.12,299.04,2026-09-25,0703,7.59,nominal,0.6,D,N,VIIRS,near_real_time,Eastern India,ALL_INDIA,False,1043427.8,Haldia Petrochemicals Complex,chemical_petrochemical,national_haldia_petrochemical,NON_INDUSTRIAL_RURAL,0.1,CLUSTER_414,0.017,1,58,False,36.079999999999984,,UNLABELED,UNVERIFIED,,,,,,20.91,LOW,NON_INDUSTRIAL_RURAL,ROUTINE_MONITORING_RECOMMENDED
891,27.81157,96.21918,336.95,295.13,2026-09-25,0703,4.04,nominal,0.6,D,N,VIIRS,near_real_time,Eastern India,ALL_INDIA,False,1039971.3,Haldia Petrochemicals Complex,chemical_petrochemical,national_haldia_petrochemical,NON_INDUSTRIAL_RURAL,0.1,CLUSTER_415,0.017,1,58,False,41.81999999999999,,UNLABELED,UNVERIFIED,,,,,,20.27,LOW,NON_INDUSTRIAL_RURAL,ROUTINE_MONITORING_RECOMMENDED
892,27.81904,96.18395,331.92,296.12,2026-09-25,0703,2.3,nominal,0.6,D,N,VIIRS,near_real_time,Eastern India,ALL_INDIA,False,1037669.9,Haldia Petrochemicals Complex,chemical_petrochemical,national_haldia_petrochemical,NON_INDUSTRIAL_RURAL,0.1,CLUSTER_416,0.017,1,58,False,35.80000000000001,,UNLABELED,UNVERIFIED,,,,,,19.19,LOW,NON_INDUSTRIAL_RURAL,ROUTINE_MONITORING_RECOMMENDED
893,27.89113,96.08849,333.2,299.54,2026-09-25,0703,2.59,nominal,0.6,D,N,VIIRS,near_real_time,Eastern India,ALL_INDIA,False,1034939.6,Haldia Petrochemicals Complex,chemical_petrochemical,national_haldia_petrochemical,NON_INDUSTRIAL_RURAL,0.1,CLUSTER_417,0.017,1,58,False,33.65999999999997,,UNLABELED,UNVERIFIED,,,,,,19.43,LOW,NON_INDUSTRIAL_RURAL,ROUTINE_MONITORING_RECOMMENDED
894,27.92341,96.75948,344.4,301.67,2026-09-25,0703,15.06,nominal,0.6,D,N,VIIRS,near_real_time,Eastern India,ALL_INDIA,False,1090426.3,Haldia Petrochemicals Complex,chemical_petrochemical,national_haldia_petrochemical,NON_INDUSTRIAL_RURAL,0.1,CLUSTER_418,0.034,2,58,False,42.72999999999996,,UNLABELED,UNVERIFIED,,,,,,23.95,LOW,NON_INDUSTRIAL_RURAL,ROUTINE_MONITORING_RECOMMENDED
895,28.00383,96.02225,329.65,299.9,2026-09-25,0703,2.05,nominal,0.6,D,N,VIIRS,near_real_time,Northern India,ALL_INDIA,False,1037390.8,Haldia Petrochemicals Complex,chemical_petrochemical,national_haldia_petrochemical,NON_INDUSTRIAL_RURAL,0.1,CLUSTER_419,0.017,1,58,False,29.75,,UNLABELED,UNVERIFIED,,,,,,18.83,LOW,NON_INDUSTRIAL_RURAL,ROUTINE_MONITORING_RECOMMENDED
896,28.01256,95.55799,347.13,301.84,2026-09-25,0703,6.41,nominal,0.6,D,N,VIIRS,near_real_time,Northern India,ALL_INDIA,False,1002467.3,Haldia Petrochemicals Complex,chemical_petrochemical,national_haldia_petrochemical,NON_INDUSTRIAL_RURAL,0.1,CLUSTER_420,0.017,1,58,False,45.29000000000002,,UNLABELED,UNVERIFIED,,,,,,22.19,LOW,NON_INDUSTRIAL_RURAL,ROUTINE_MONITORING_RECOMMENDED
897,28.01596,95.5574,334.33,298.18,2026-09-25,0703,3.18,nominal,0.6,D,N,VIIRS,near_real_time,Northern India,ALL_INDIA,False,1002664.4,Haldia Petrochemicals Complex,chemical_petrochemical,national_haldia_petrochemical,NON_INDUSTRIAL_RURAL,0.1,CLUSTER_420,0.017,1,58,False,36.14999999999998,,UNLABELED,UNVERIFIED,,,,,,22.19,LOW,NON_INDUSTRIAL_RURAL,ROUTINE_MONITORING_RECOMMENDED
898,28.14342,95.42505,332.99,298.3,2026-09-25,0703,2.91,nominal,0.6,D,N,VIIRS,near_real_time,Northern India,ALL_INDIA,False,1001929.7,Haldia Petrochemicals Complex,chemical_petrochemical,national_haldia_petrochemical,NON_INDUSTRIAL_RURAL,0.1,CLUSTER_421,0.017,1,58,False,34.69,,UNLABELED,UNVERIFIED,,,,,,19.48,LOW,NON_INDUSTRIAL_RURAL,ROUTINE_MONITORING_RECOMMENDED
899,8.827,80.47156,331.16,284.87,2026-09-25,0839,2.07,nominal,0.6,D,N,VIIRS,near_real_time,Tamil Nadu,SOUTH_CORRIDOR,False,468240.5,BPCL Kochi Refinery (Ambalamugal),oil_refinery,national_bpcl_kochi_refinery_,NON_INDUSTRIAL_RURAL,0.1,CLUSTER_422,0.017,1,58,False,46.29000000000002,,UNLABELED,UNVERIFIED,,,,,,19.04,LOW,NON_INDUSTRIAL_RURAL,ROUTINE_MONITORING_RECOMMENDED
900,9.45303,80.50822,330.82,275.39,2026-09-25,0839,4.94,nominal,0.6,D,N,VIIRS,near_real_time,Tamil Nadu,SOUTH_CORRIDOR,False,412346.9,CPCL Manali Refinery Complex,oil_refinery,national_cpcl_manali_refinery,NON_INDUSTRIAL_RURAL,0.1,CLUSTER_423,0.017,1,58,False,55.43000000000001,,UNLABELED,UNVERIFIED,,,,,,19.69,LOW,NON_INDUSTRIAL_RURAL,ROUTINE_MONITORING_RECOMMENDED
901,18.85814,72.92683,346.9,299.88,2026-09-25,0843,7.12,nominal,0.6,D,N,VIIRS,near_real_time,Maharashtra,WEST_MAHARASHTRA,False,16595.6,BPCL Mumbai Refinery (Mahul),oil_refinery,national_bpcl_mumbai_refinery,NON_INDUSTRIAL_RURAL,0.1,CLUSTER_394,0.034,2,58,False,47.01999999999998,,UNLABELED,UNVERIFIED,,,,,,23.01,LOW,NON_INDUSTRIAL_RURAL,ROUTINE_MONITORING_RECOMMENDED
902,18.85949,72.92673,344.8,298.95,2026-09-25,0843,9.86,nominal,0.6,D,N,VIIRS,near_real_time,Maharashtra,WEST_MAHARASHTRA,False,16445.4,BPCL Mumbai Refinery (Mahul),oil_refinery,national_bpcl_mumbai_refinery,NON_INDUSTRIAL_RURAL,0.1,CLUSTER_394,0.034,2,58,False,45.85000000000002,,UNLABELED,UNVERIFIED,,,,,,23.01,LOW,NON_INDUSTRIAL_RURAL,ROUTINE_MONITORING_RECOMMENDED
903,19.37117,71.35272,331.61,296.42,2026-09-25,0843,2.68,nominal,0.6,D,N,VIIRS,near_real_time,Western India,ALL_INDIA,False,156964.9,Unnamed Industrial Facility,general_industry,way/897110614,NON_INDUSTRIAL_RURAL,0.1,CLUSTER_081,0.069,4,58,False,35.19,,UNLABELED,UNVERIFIED,,,,,,27.78,LOW,NON_INDUSTRIAL_RURAL,ROUTINE_MONITORING_RECOMMENDED
904,21.10218,72.63695,344.92,299.83,2026-09-25,0843,13.62,nominal,0.6,D,N,VIIRS,near_real_time,Gujarat,WEST_GUJARAT,True,0.0,ArcelorMittal Nippon Steel India,works,way/104647203,INSIDE_INDUSTRIAL_ZONE,1.0,CLUSTER_009,0.345,20,58,True,45.09000000000003,,UNLABELED,UNVERIFIED,,,,,,79.34,HIGH,ELEVATED_THERMAL_ACTIVITY,ESCALATED_INVESTIGATION_RECOMMENDED
905,21.10332,72.64526,337.71,299.43,2026-09-25,0843,5.22,nominal,0.6,D,N,VIIRS,near_real_time,Gujarat,WEST_GUJARAT,True,0.0,ArcelorMittal Nippon Steel India,works,way/104647203,INSIDE_INDUSTRIAL_ZONE,1.0,CLUSTER_009,0.345,20,58,True,38.27999999999997,,UNLABELED,UNVERIFIED,,,,,,79.34,HIGH,ELEVATED_THERMAL_ACTIVITY,ESCALATED_INVESTIGATION_RECOMMENDED
906,21.10682,72.64472,340.35,300.65,2026-09-25,0843,5.22,nominal,0.6,D,N,VIIRS,near_real_time,Gujarat,WEST_GUJARAT,True,0.0,ArcelorMittal Nippon Steel India,works,way/104647203,INSIDE_INDUSTRIAL_ZONE,1.0,CLUSTER_009,0.345,20,58,True,39.700000000000045,,UNLABELED,UNVERIFIED,,,,,,79.34,HIGH,ELEVATED_THERMAL_ACTIVITY,ESCALATED_INVESTIGATION_RECOMMENDED
907,21.10739,72.64888,331.22,301.17,2026-09-25,0843,5.85,nominal,0.6,D,N,VIIRS,near_real_time,Gujarat,WEST_GUJARAT,True,0.0,ArcelorMittal Nippon Steel India,works,way/104647203,INSIDE_INDUSTRIAL_ZONE,1.0,CLUSTER_009,0.345,20,58,True,30.05000000000001,,UNLABELED,UNVERIFIED,,,,,,79.34,HIGH,ELEVATED_THERMAL_ACTIVITY,ESCALATED_INVESTIGATION_RECOMMENDED
908,22.4154,69.03798,334.03,306.42,2026-09-25,0843,2.44,low,0.2,D,N,VIIRS,near_real_time,Gujarat,WEST_GUJARAT,True,0.0,Unnamed Industrial Facility,general_industry,way/1311235459,INSIDE_INDUSTRIAL_ZONE,1.0,CLUSTER_018,0.172,10,58,False,27.609999999999957,,UNLABELED,UNVERIFIED,,,,,,48.09,MODERATE,RECURRING_INTERMITTENT_HEAT,ANALYST_REVIEW_RECOMMENDED
909,22.63914,70.98642,336.2,305.91,2026-09-25,0843,2.26,nominal,0.6,D,N,VIIRS,near_real_time,Gujarat,WEST_GUJARAT,False,1996.5,"Food Corporation of India, Wankaner",general_industry,way/605818627,VICINITY_ZONE,0.4,CLUSTER_424,0.017,1,58,False,30.289999999999964,,UNLABELED,UNVERIFIED,,,,,,22.75,LOW,NON_INDUSTRIAL_RURAL,ROUTINE_MONITORING_RECOMMENDED
910,22.81862,69.40572,333.34,306.13,2026-09-25,0843,1.51,low,0.2,D,N,VIIRS,near_real_time,Gujarat,WEST_GUJARAT,False,4759.2,Unnamed Industrial Facility,general_industry,way/989882273,VICINITY_ZONE,0.4,CLUSTER_425,0.017,1,58,False,27.20999999999998,,UNLABELED,UNVERIFIED,,,,,,18.04,LOW,NON_INDUSTRIAL_RURAL,ROUTINE_MONITORING_RECOMMENDED
911,22.91547,69.46451,339.5,309.0,2026-09-25,0843,2.71,nominal,0.6,D,N,VIIRS,near_real_time,Gujarat,WEST_GUJARAT,False,9927.7,Coastal Gujarat Power Ltd,general_industry,way/160685919,NON_INDUSTRIAL_RURAL,0.1,CLUSTER_426,0.017,1,58,False,30.5,,UNLABELED,UNVERIFIED,,,,,,20.29,LOW,NON_INDUSTRIAL_RURAL,ROUTINE_MONITORING_RECOMMENDED
912,22.9343,69.69837,340.18,311.09,2026-09-25,0843,3.01,low,0.2,D,N,VIIRS,near_real_time,Gujarat,WEST_GUJARAT,False,415.6,Unnamed Industrial Facility,general_industry,way/1002375165,NEARBY_INDUSTRIAL_BUFFER,0.8,CLUSTER_012,0.138,8,58,False,29.090000000000032,,UNLABELED,UNVERIFIED,,,,,,46.26,MODERATE,RECURRING_INTERMITTENT_HEAT,ANALYST_REVIEW_RECOMMENDED
913,24.80536,68.0305,349.09,312.39,2026-09-25,0843,10.75,nominal,0.6,D,N,VIIRS,near_real_time,Western India,ALL_INDIA,False,149052.4,Unnamed Industrial Facility,general_industry,way/1264592672,NON_INDUSTRIAL_RURAL,0.1,CLUSTER_427,0.017,1,58,False,36.69999999999999,,UNLABELED,UNVERIFIED,,,,,,23.52,LOW,NON_INDUSTRIAL_RURAL,ROUTINE_MONITORING_RECOMMENDED
914,25.38737,68.58424,334.87,309.41,2026-09-25,0843,3.55,low,0.2,D,N,VIIRS,near_real_time,Western India,ALL_INDIA,False,154805.4,Khavda Renewable Energy Park,general_industry,way/1273382001,NON_INDUSTRIAL_RURAL,0.1,CLUSTER_090,0.121,7,58,False,25.45999999999998,,UNLABELED,UNVERIFIED,,,,,,19.89,LOW,NON_INDUSTRIAL_RURAL,ROUTINE_MONITORING_RECOMMENDED
915,25.44307,68.81224,342.55,309.66,2026-09-25,0843,2.2,nominal,0.6,D,N,VIIRS,near_real_time,Western India,ALL_INDIA,False,151208.9,Khavda Renewable Energy Park,general_industry,way/1273382001,NON_INDUSTRIAL_RURAL,0.1,CLUSTER_428,0.017,1,58,False,32.889999999999986,,UNLABELED,UNVERIFIED,,,,,,20.57,LOW,NON_INDUSTRIAL_RURAL,ROUTINE_MONITORING_RECOMMENDED
916,25.89901,69.13904,343.38,310.56,2026-09-25,0845,2.91,nominal,0.6,D,N,VIIRS,near_real_time,Western India,ALL_INDIA,False,191182.7,NTPC Khavda,general_industry,way/1336628395,NON_INDUSTRIAL_RURAL,0.1,CLUSTER_429,0.017,1,58,False,32.81999999999999,,UNLABELED,UNVERIFIED,,,,,,20.85,LOW,NON_INDUSTRIAL_RURAL,ROUTINE_MONITORING_RECOMMENDED
917,26.09311,68.87909,341.79,312.97,2026-09-25,0845,3.95,nominal,0.6,D,N,VIIRS,near_real_time,Western India,ALL_INDIA,False,218158.1,NTPC Khavda,general_industry,way/1336628395,NON_INDUSTRIAL_RURAL,0.1,CLUSTER_190,0.086,5,58,False,28.819999999999993,,UNLABELED,UNVERIFIED,,,,,,20.89,LOW,NON_INDUSTRIAL_RURAL,ROUTINE_MONITORING_RECOMMENDED
918,27.63685,68.38641,340.24,314.95,2026-09-25,0845,10.91,low,0.2,D,N,VIIRS,near_real_time,Western India,ALL_INDIA,False,397470.7,Khavda Renewable Energy Park,general_industry,way/1273382001,NON_INDUSTRIAL_RURAL,0.1,CLUSTER_430,0.017,1,58,False,25.29000000000002,,UNLABELED,UNVERIFIED,,,,,,22.39,LOW,NON_INDUSTRIAL_RURAL,ROUTINE_MONITORING_RECOMMENDED
919,27.64015,68.38577,336.47,309.75,2026-09-25,0845,10.91,low,0.2,D,N,VIIRS,near_real_time,Western India,ALL_INDIA,False,397842.2,Khavda Renewable Energy Park,general_industry,way/1273382001,NON_INDUSTRIAL_RURAL,0.1,CLUSTER_430,0.017,1,58,False,26.720000000000027,,UNLABELED,UNVERIFIED,,,,,,22.39,LOW,NON_INDUSTRIAL_RURAL,ROUTINE_MONITORING_RECOMMENDED
920,27.95575,68.99874,349.28,315.4,2026-09-25,0845,9.61,nominal,0.6,D,N,VIIRS,near_real_time,Western India,ALL_INDIA,False,419562.9,NTPC Khavda,general_industry,way/1336628395,NON_INDUSTRIAL_RURAL,0.1,CLUSTER_431,0.017,1,58,False,33.879999999999995,,UNLABELED,UNVERIFIED,,,,,,23.26,LOW,NON_INDUSTRIAL_RURAL,ROUTINE_MONITORING_RECOMMENDED
921,27.95642,68.93423,335.96,309.31,2026-09-25,0845,3.78,low,0.2,D,N,VIIRS,near_real_time,Western India,ALL_INDIA,False,420416.2,NTPC Khavda,general_industry,way/1336628395,NON_INDUSTRIAL_RURAL,0.1,CLUSTER_366,0.034,2,58,False,26.649999999999977,,UNLABELED,UNVERIFIED,,,,,,24.16,LOW,NON_INDUSTRIAL_RURAL,ROUTINE_MONITORING_RECOMMENDED
922,27.95907,68.99812,342.66,312.33,2026-09-25,0845,4.17,nominal,0.6,D,N,VIIRS,near_real_time,Western India,ALL_INDIA,False,419936.7,NTPC Khavda,general_industry,way/1336628395,NON_INDUSTRIAL_RURAL,0.1,CLUSTER_431,0.017,1,58,False,30.33000000000004,,UNLABELED,UNVERIFIED,,,,,,23.26,LOW,NON_INDUSTRIAL_RURAL,ROUTINE_MONITORING_RECOMMENDED
923,27.95973,68.9336,344.85,311.27,2026-09-25,0845,3.78,nominal,0.6,D,N,VIIRS,near_real_time,Western India,ALL_INDIA,False,420789.2,NTPC Khavda,general_industry,way/1336628395,NON_INDUSTRIAL_RURAL,0.1,CLUSTER_366,0.034,2,58,False,33.58000000000004,,UNLABELED,UNVERIFIED,,,,,,24.16,LOW,NON_INDUSTRIAL_RURAL,ROUTINE_MONITORING_RECOMMENDED
924,28.05119,69.37002,339.43,310.78,2026-09-25,0845,5.26,nominal,0.6,D,N,VIIRS,near_real_time,Northern India,ALL_INDIA,False,427596.2,NTPC Khavda,general_industry,way/1336628395,NON_INDUSTRIAL_RURAL,0.1,CLUSTER_198,0.138,8,58,False,28.650000000000034,,UNLABELED,UNVERIFIED,,,,,,21.75,LOW,NON_INDUSTRIAL_RURAL,ROUTINE_MONITORING_RECOMMENDED
925,28.70542,68.19757,348.9,316.91,2026-09-25,0845,6.57,nominal,0.6,D,N,VIIRS,near_real_time,Northern India,ALL_INDIA,False,516123.1,NTPC Khavda,general_industry,way/1336628395,NON_INDUSTRIAL_RURAL,0.1,CLUSTER_432,0.017,1,58,False,31.989999999999952,,UNLABELED,UNVERIFIED,,,,,,22.52,LOW,NON_INDUSTRIAL_RURAL,ROUTINE_MONITORING_RECOMMENDED
926,28.70812,68.19302,348.69,315.23,2026-09-25,0845,6.57,nominal,0.6,D,N,VIIRS,near_real_time,Northern India,ALL_INDIA,False,516525.4,NTPC Khavda,general_industry,way/1336628395,NON_INDUSTRIAL_RURAL,0.1,CLUSTER_432,0.017,1,58,False,33.45999999999998,,UNLABELED,UNVERIFIED,,,,,,22.52,LOW,NON_INDUSTRIAL_RURAL,ROUTINE_MONITORING_RECOMMENDED
927,28.70872,68.19693,349.26,315.09,2026-09-25,0845,6.57,nominal,0.6,D,N,VIIRS,near_real_time,Northern India,ALL_INDIA,False,516494.0,NTPC Khavda,general_industry,way/1336628395,NON_INDUSTRIAL_RURAL,0.1,CLUSTER_432,0.017,1,58,False,34.170000000000016,,UNLABELED,UNVERIFIED,,,,,,22.52,LOW,NON_INDUSTRIAL_RURAL,ROUTINE_MONITORING_RECOMMENDED
928,29.29394,70.85114,334.52,306.36,2026-09-25,0845,2.33,low,0.2,D,N,VIIRS,near_real_time,Northern India,ALL_INDIA,False,549420.0,Unnamed Industrial Facility,general_industry,way/273175995,NON_INDUSTRIAL_RURAL,0.1,CLUSTER_433,0.017,1,58,False,28.159999999999968,,UNLABELED,UNVERIFIED,,,,,,19.54,LOW,NON_INDUSTRIAL_RURAL,ROUTINE_MONITORING_RECOMMENDED
929,30.03165,70.04826,330.88,302.31,2026-09-25,0845,1.86,low,0.2,D,N,VIIRS,near_real_time,Northern India,ALL_INDIA,False,635279.4,Unnamed Industrial Facility,general_industry,way/273175995,NON_INDUSTRIAL_RURAL,0.1,CLUSTER_434,0.017,1,58,False,28.569999999999993,,UNLABELED,UNVERIFIED,,,,,,18.95,LOW,NON_INDUSTRIAL_RURAL,ROUTINE_MONITORING_RECOMMENDED
930,30.48063,73.84875,332.95,298.25,2026-09-25,0845,3.2,nominal,0.6,D,N,VIIRS,near_real_time,Northern India,ALL_INDIA,False,318362.2,IOCL Panipat Petrochemical Complex,oil_refinery,national_iocl_panipat_petroch,NON_INDUSTRIAL_RURAL,0.1,CLUSTER_435,0.017,1,58,False,34.69999999999999,,UNLABELED,UNVERIFIED,,,,,,19.54,LOW,NON_INDUSTRIAL_RURAL,ROUTINE_MONITORING_RECOMMENDED
931,30.59908,73.84174,330.57,297.36,2026-09-25,0845,3.7,nominal,0.6,D,N,VIIRS,near_real_time,Northern India,ALL_INDIA,False,323955.4,IOCL Panipat Petrochemical Complex,oil_refinery,national_iocl_panipat_petroch,NON_INDUSTRIAL_RURAL,0.1,CLUSTER_436,0.017,1,58,False,33.20999999999998,,UNLABELED,UNVERIFIED,,,,,,19.36,LOW,NON_INDUSTRIAL_RURAL,ROUTINE_MONITORING_RECOMMENDED
932,30.90686,74.29704,334.8,297.76,2026-09-25,0845,6.34,nominal,0.6,D,N,VIIRS,near_real_time,Northern India,ALL_INDIA,False,301538.8,IOCL Panipat Petrochemical Complex,oil_refinery,national_iocl_panipat_petroch,NON_INDUSTRIAL_RURAL,0.1,CLUSTER_437,0.017,1,58,False,37.04000000000002,,UNLABELED,UNVERIFIED,,,,,,20.56,LOW,NON_INDUSTRIAL_RURAL,ROUTINE_MONITORING_RECOMMENDED
933,30.98903,74.22572,353.75,298.5,2026-09-25,0845,8.88,nominal,0.6,D,N,VIIRS,near_real_time,Northern India,ALL_INDIA,False,312227.4,IOCL Panipat Petrochemical Complex,oil_refinery,national_iocl_panipat_petroch,NON_INDUSTRIAL_RURAL,0.1,CLUSTER_438,0.017,1,58,False,55.25,,UNLABELED,UNVERIFIED,,,,,,26.4,LOW,NON_INDUSTRIAL_RURAL,ROUTINE_MONITORING_RECOMMENDED
934,30.99237,74.21578,338.98,298.16,2026-09-25,0845,7.53,nominal,0.6,D,N,VIIRS,near_real_time,Northern India,ALL_INDIA,False,313222.7,IOCL Panipat Petrochemical Complex,oil_refinery,national_iocl_panipat_petroch,NON_INDUSTRIAL_RURAL,0.1,CLUSTER_271,0.052,3,58,False,40.81999999999999,,UNLABELED,UNVERIFIED,,,,,,21.4,LOW,NON_INDUSTRIAL_RURAL,ROUTINE_MONITORING_RECOMMENDED
935,30.99333,74.22515,356.64,298.57,2026-09-25,0845,18.51,nominal,0.6,D,N,VIIRS,near_real_time,Northern India,ALL_INDIA,False,312536.6,IOCL Panipat Petrochemical Complex,oil_refinery,national_iocl_panipat_petroch,NON_INDUSTRIAL_RURAL,0.1,CLUSTER_438,0.017,1,58,False,58.06999999999999,,UNLABELED,UNVERIFIED,,,,,,26.4,LOW,NON_INDUSTRIAL_RURAL,ROUTINE_MONITORING_RECOMMENDED
936,31.02277,74.15141,340.22,297.36,2026-09-25,0845,5.3,nominal,0.6,D,N,VIIRS,near_real_time,Northern India,ALL_INDIA,False,320205.6,IOCL Panipat Petrochemical Complex,oil_refinery,national_iocl_panipat_petroch,NON_INDUSTRIAL_RURAL,0.1,CLUSTER_439,0.017,1,58,False,42.860000000000014,,UNLABELED,UNVERIFIED,,,,,,21.14,LOW,NON_INDUSTRIAL_RURAL,ROUTINE_MONITORING_RECOMMENDED
937,31.02512,74.15469,341.16,297.96,2026-09-25,0845,4.73,nominal,0.6,D,N,VIIRS,near_real_time,Northern India,ALL_INDIA,False,320088.0,IOCL Panipat Petrochemical Complex,oil_refinery,national_iocl_panipat_petroch,NON_INDUSTRIAL_RURAL,0.1,CLUSTER_439,0.017,1,58,False,43.200000000000045,,UNLABELED,UNVERIFIED,,,,,,21.14,LOW,NON_INDUSTRIAL_RURAL,ROUTINE_MONITORING_RECOMMENDED
938,31.54101,74.60007,340.38,295.34,2026-09-25,0845,4.18,nominal,0.6,D,N,VIIRS,near_real_time,Northern India,ALL_INDIA,False,324281.0,IOCL Panipat Petrochemical Complex,oil_refinery,national_iocl_panipat_petroch,NON_INDUSTRIAL_RURAL,0.1,CLUSTER_440,0.017,1,58,False,45.04000000000002,,UNLABELED,UNVERIFIED,,,,,,20.77,LOW,NON_INDUSTRIAL_RURAL,ROUTINE_MONITORING_RECOMMENDED
939,31.83136,74.74836,331.93,299.0,2026-09-25,0845,2.36,nominal,0.6,D,N,VIIRS,near_real_time,Northern India,ALL_INDIA,False,339453.9,IOCL Panipat Petrochemical Complex,oil_refinery,national_iocl_panipat_petroch,NON_INDUSTRIAL_RURAL,0.1,CLUSTER_441,0.017,1,58,False,32.93000000000001,,UNLABELED,UNVERIFIED,,,,,,19.26,LOW,NON_INDUSTRIAL_RURAL,ROUTINE_MONITORING_RECOMMENDED
940,31.83345,74.7467,330.63,298.5,2026-09-25,0845,2.6,nominal,0.6,D,N,VIIRS,near_real_time,Northern India,ALL_INDIA,False,339733.5,IOCL Panipat Petrochemical Complex,oil_refinery,national_iocl_panipat_petroch,NON_INDUSTRIAL_RURAL,0.1,CLUSTER_441,0.017,1,58,False,32.129999999999995,,UNLABELED,UNVERIFIED,,,,,,19.26,LOW,NON_INDUSTRIAL_RURAL,ROUTINE_MONITORING_RECOMMENDED
941,31.87156,73.98345,343.13,297.44,2026-09-25,0845,7.15,nominal,0.6,D,N,VIIRS,near_real_time,Northern India,ALL_INDIA,False,391577.2,IOCL Panipat Petrochemical Complex,oil_refinery,national_iocl_panipat_petroch,NON_INDUSTRIAL_RURAL,0.1,CLUSTER_442,0.017,1,58,False,45.69,,UNLABELED,UNVERIFIED,,,,,,21.85,LOW,NON_INDUSTRIAL_RURAL,ROUTINE_MONITORING_RECOMMENDED
942,19.83517,96.06129,340.01,293.68,2026-09-27,0625,2.24,nominal,0.6,D,N,VIIRS,near_real_time,Eastern India,ALL_INDIA,False,863890.7,Haldia Petrochemicals Complex,chemical_petrochemical,national_haldia_petrochemical,NON_INDUSTRIAL_RURAL,0.1,CLUSTER_443,0.017,1,58,False,46.329999999999984,,UNLABELED,UNVERIFIED,,,,,,20.24,LOW,NON_INDUSTRIAL_RURAL,ROUTINE_MONITORING_RECOMMENDED
943,24.26733,94.42451,329.45,293.13,2026-09-27,0627,1.8,nominal,0.6,D,N,VIIRS,near_real_time,Eastern India,ALL_INDIA,False,693181.4,Haldia Petrochemicals Complex,chemical_petrochemical,national_haldia_petrochemical,NON_INDUSTRIAL_RURAL,0.1,CLUSTER_444,0.017,1,58,False,36.31999999999999,,UNLABELED,UNVERIFIED,,,,,,18.74,LOW,NON_INDUSTRIAL_RURAL,ROUTINE_MONITORING_RECOMMENDED
944,26.30081,96.24776,332.09,293.48,2026-09-27,0627,3.72,nominal,0.6,D,N,VIIRS,near_real_time,Eastern India,ALL_INDIA,False,952903.8,Haldia Petrochemicals Complex,chemical_petrochemical,national_haldia_petrochemical,NON_INDUSTRIAL_RURAL,0.1,CLUSTER_445,0.017,1,58,False,38.60999999999996,,UNLABELED,UNVERIFIED,,,,,,19.56,LOW,NON_INDUSTRIAL_RURAL,ROUTINE_MONITORING_RECOMMENDED
945,27.87338,96.84362,340.64,297.27,2026-09-27,0627,89.43,nominal,0.6,D,N,VIIRS,near_real_time,Eastern India,ALL_INDIA,False,1094076.4,Haldia Petrochemicals Complex,chemical_petrochemical,national_haldia_petrochemical,NON_INDUSTRIAL_RURAL,0.1,CLUSTER_446,0.017,1,58,True,43.370000000000005,,UNLABELED,UNVERIFIED,,,,,,60.55,HIGH,ELEVATED_THERMAL_ACTIVITY,ESCALATED_INVESTIGATION_RECOMMENDED
946,27.87399,96.83989,343.35,305.79,2026-09-27,0627,44.92,nominal,0.6,D,N,VIIRS,near_real_time,Eastern India,ALL_INDIA,False,1093811.9,Haldia Petrochemicals Complex,chemical_petrochemical,national_haldia_petrochemical,NON_INDUSTRIAL_RURAL,0.1,CLUSTER_446,0.017,1,58,True,37.56,,UNLABELED,UNVERIFIED,,,,,,60.55,HIGH,ELEVATED_THERMAL_ACTIVITY,ESCALATED_INVESTIGATION_RECOMMENDED
947,27.87474,96.84356,338.56,294.13,2026-09-27,0627,44.92,nominal,0.6,D,N,VIIRS,near_real_time,Eastern India,ALL_INDIA,False,1094156.8,Haldia Petrochemicals Complex,chemical_petrochemical,national_haldia_petrochemical,NON_INDUSTRIAL_RURAL,0.1,CLUSTER_446,0.017,1,58,True,44.43000000000001,,UNLABELED,UNVERIFIED,,,,,,60.55,HIGH,ELEVATED_THERMAL_ACTIVITY,ESCALATED_INVESTIGATION_RECOMMENDED
948,27.87691,96.92666,342.37,296.95,2026-09-27,0627,9.79,nominal,0.6,D,N,VIIRS,near_real_time,Eastern India,ALL_INDIA,False,1101048.5,Haldia Petrochemicals Complex,chemical_petrochemical,national_haldia_petrochemical,NON_INDUSTRIAL_RURAL,0.1,CLUSTER_447,0.017,1,58,False,45.420000000000016,,UNLABELED,UNVERIFIED,,,,,,22.4,LOW,NON_INDUSTRIAL_RURAL,ROUTINE_MONITORING_RECOMMENDED
949,27.92009,96.76768,341.74,293.71,2026-09-27,0627,4.09,nominal,0.6,D,N,VIIRS,near_real_time,Eastern India,ALL_INDIA,False,1090876.9,Haldia Petrochemicals Complex,chemical_petrochemical,national_haldia_petrochemical,NON_INDUSTRIAL_RURAL,0.1,CLUSTER_418,0.034,2,58,False,48.03000000000003,,UNLABELED,UNVERIFIED,,,,,,23.95,LOW,NON_INDUSTRIAL_RURAL,ROUTINE_MONITORING_RECOMMENDED
950,27.92402,96.7656,333.13,293.16,2026-09-27,0627,4.09,nominal,0.6,D,N,VIIRS,near_real_time,Eastern India,ALL_INDIA,False,1090958.6,Haldia Petrochemicals Complex,chemical_petrochemical,national_haldia_petrochemical,NON_INDUSTRIAL_RURAL,0.1,CLUSTER_418,0.034,2,58,False,39.96999999999997,,UNLABELED,UNVERIFIED,,,,,,23.95,LOW,NON_INDUSTRIAL_RURAL,ROUTINE_MONITORING_RECOMMENDED
951,27.93042,96.9472,355.01,295.37,2026-09-27,0627,13.03,nominal,0.6,D,N,VIIRS,near_real_time,Eastern India,ALL_INDIA,False,1106059.3,Haldia Petrochemicals Complex,chemical_petrochemical,national_haldia_petrochemical,NON_INDUSTRIAL_RURAL,0.1,CLUSTER_448,0.017,1,58,False,59.639999999999986,,UNLABELED,UNVERIFIED,,,,,,24.85,LOW,NON_INDUSTRIAL_RURAL,ROUTINE_MONITORING_RECOMMENDED
952,27.94314,96.66669,336.51,292.55,2026-09-27,0627,3.29,nominal,0.6,D,N,VIIRS,near_real_time,Eastern India,ALL_INDIA,False,1084223.3,Haldia Petrochemicals Complex,chemical_petrochemical,national_haldia_petrochemical,NON_INDUSTRIAL_RURAL,0.1,CLUSTER_449,0.017,1,58,False,43.95999999999998,,UNLABELED,UNVERIFIED,,,,,,20.8,LOW,NON_INDUSTRIAL_RURAL,ROUTINE_MONITORING_RECOMMENDED
953,27.94323,96.6659,338.48,292.96,2026-09-27,0627,5.35,nominal,0.6,D,N,VIIRS,near_real_time,Eastern India,ALL_INDIA,False,1084165.7,Haldia Petrochemicals Complex,chemical_petrochemical,national_haldia_petrochemical,NON_INDUSTRIAL_RURAL,0.1,CLUSTER_449,0.017,1,58,False,45.52000000000004,,UNLABELED,UNVERIFIED,,,,,,20.8,LOW,NON_INDUSTRIAL_RURAL,ROUTINE_MONITORING_RECOMMENDED
954,27.94405,96.95078,334.83,294.44,2026-09-27,0627,3.98,nominal,0.6,D,N,VIIRS,near_real_time,Eastern India,ALL_INDIA,False,1107203.4,Haldia Petrochemicals Complex,chemical_petrochemical,national_haldia_petrochemical,NON_INDUSTRIAL_RURAL,0.1,CLUSTER_450,0.017,1,58,False,40.389999999999986,,UNLABELED,UNVERIFIED,,,,,,19.98,LOW,NON_INDUSTRIAL_RURAL,ROUTINE_MONITORING_RECOMMENDED
955,27.94628,96.68189,330.93,292.35,2026-09-27,0627,2.26,nominal,0.6,D,N,VIIRS,near_real_time,Eastern India,ALL_INDIA,False,1085644.3,Haldia Petrochemicals Complex,chemical_petrochemical,national_haldia_petrochemical,NON_INDUSTRIAL_RURAL,0.1,CLUSTER_451,0.017,1,58,False,38.579999999999984,,UNLABELED,UNVERIFIED,,,,,,19.33,LOW,NON_INDUSTRIAL_RURAL,ROUTINE_MONITORING_RECOMMENDED
956,27.9463,96.68121,326.78,292.08,2026-09-27,0627,3.4,nominal,0.6,D,N,VIIRS,near_real_time,Eastern India,ALL_INDIA,False,1085591.0,Haldia Petrochemicals Complex,chemical_petrochemical,national_haldia_petrochemical,NON_INDUSTRIAL_RURAL,0.1,CLUSTER_451,0.017,1,58,False,34.69999999999999,,UNLABELED,UNVERIFIED,,,,,,19.33,LOW,NON_INDUSTRIAL_RURAL,ROUTINE_MONITORING_RECOMMENDED
957,28.00389,96.62123,355.35,292.69,2026-09-27,0627,13.93,nominal,0.6,D,N,VIIRS,near_real_time,Northern India,ALL_INDIA,False,1084508.1,Haldia Petrochemicals Complex,chemical_petrochemical,national_haldia_petrochemical,NON_INDUSTRIAL_RURAL,0.1,CLUSTER_452,0.017,1,58,False,62.660000000000025,,UNLABELED,UNVERIFIED,,,,,,25.12,LOW,NON_INDUSTRIAL_RURAL,ROUTINE_MONITORING_RECOMMENDED
958,28.0086,96.62282,345.12,292.15,2026-09-27,0627,7.72,nominal,0.6,D,N,VIIRS,near_real_time,Northern India,ALL_INDIA,False,1084940.5,Haldia Petrochemicals Complex,chemical_petrochemical,national_haldia_petrochemical,NON_INDUSTRIAL_RURAL,0.1,CLUSTER_452,0.017,1,58,False,52.97000000000003,,UNLABELED,UNVERIFIED,,,,,,25.12,LOW,NON_INDUSTRIAL_RURAL,ROUTINE_MONITORING_RECOMMENDED
959,8.03902,80.1237,330.8,300.27,2026-09-27,0801,7.22,low,0.2,D,N,VIIRS,near_real_time,Southern India,ALL_INDIA,False,465616.5,BPCL Kochi Refinery (Ambalamugal),oil_refinery,national_bpcl_kochi_refinery_,NON_INDUSTRIAL_RURAL,0.1,CLUSTER_453,0.017,1,58,False,30.53000000000003,,UNLABELED,UNVERIFIED,,,,,,20.25,LOW,NON_INDUSTRIAL_RURAL,ROUTINE_MONITORING_RECOMMENDED
960,8.04106,80.00227,332.73,298.26,2026-09-27,0801,2.73,nominal,0.6,D,N,VIIRS,near_real_time,Southern India,ALL_INDIA,False,453729.3,BPCL Kochi Refinery (Ambalamugal),oil_refinery,national_bpcl_kochi_refinery_,NON_INDUSTRIAL_RURAL,0.1,CLUSTER_454,0.017,1,58,False,34.47000000000003,,UNLABELED,UNVERIFIED,,,,,,19.4,LOW,NON_INDUSTRIAL_RURAL,ROUTINE_MONITORING_RECOMMENDED
961,8.04611,81.04599,333.89,296.97,2026-09-27,0801,3.43,low,0.2,D,N,VIIRS,near_real_time,Southern India,ALL_INDIA,False,557059.6,BPCL Kochi Refinery (Ambalamugal),oil_refinery,national_bpcl_kochi_refinery_,NON_INDUSTRIAL_RURAL,0.1,CLUSTER_455,0.017,1,58,False,36.91999999999996,,UNLABELED,UNVERIFIED,,,,,,19.73,LOW,NON_INDUSTRIAL_RURAL,ROUTINE_MONITORING_RECOMMENDED
962,8.06904,80.19894,336.09,298.12,2026-09-27,0801,23.2,low,0.2,D,N,VIIRS,near_real_time,Southern India,ALL_INDIA,False,471429.5,BPCL Kochi Refinery (Ambalamugal),oil_refinery,national_bpcl_kochi_refinery_,NON_INDUSTRIAL_RURAL,0.1,CLUSTER_456,0.017,1,58,False,37.96999999999997,,UNLABELED,UNVERIFIED,,,,,,24.86,LOW,NON_INDUSTRIAL_RURAL,ROUTINE_MONITORING_RECOMMENDED
963,8.09114,81.06443,340.09,299.87,2026-09-27,0801,4.6,nominal,0.6,D,N,VIIRS,near_real_time,Southern India,ALL_INDIA,False,556994.9,BPCL Kochi Refinery (Ambalamugal),oil_refinery,national_bpcl_kochi_refinery_,NON_INDUSTRIAL_RURAL,0.1,CLUSTER_457,0.017,1,58,False,40.21999999999997,,UNLABELED,UNVERIFIED,,,,,,20.83,LOW,NON_INDUSTRIAL_RURAL,ROUTINE_MONITORING_RECOMMENDED
964,8.0939,81.37521,335.32,297.46,2026-09-27,0801,4.54,nominal,0.6,D,N,VIIRS,near_real_time,Southern India,ALL_INDIA,False,575452.9,CPCL Manali Refinery Complex,oil_refinery,national_cpcl_manali_refinery,NON_INDUSTRIAL_RURAL,0.1,CLUSTER_458,0.017,1,58,False,37.860000000000014,,UNLABELED,UNVERIFIED,,,,,,20.18,LOW,NON_INDUSTRIAL_RURAL,ROUTINE_MONITORING_RECOMMENDED
965,8.09559,81.36395,330.08,295.81,2026-09-27,0801,3.9,nominal,0.6,D,N,VIIRS,near_real_time,Southern India,ALL_INDIA,False,575012.4,CPCL Manali Refinery Complex,oil_refinery,national_cpcl_manali_refinery,NON_INDUSTRIAL_RURAL,0.1,CLUSTER_459,0.017,1,58,False,34.26999999999998,,UNLABELED,UNVERIFIED,,,,,,19.34,LOW,NON_INDUSTRIAL_RURAL,ROUTINE_MONITORING_RECOMMENDED
966,8.10757,80.0806,342.69,297.84,2026-09-27,0801,4.16,nominal,0.6,D,N,VIIRS,near_real_time,Southern India,ALL_INDIA,False,457882.4,BPCL Kochi Refinery (Ambalamugal),oil_refinery,national_bpcl_kochi_refinery_,NON_INDUSTRIAL_RURAL,0.1,CLUSTER_460,0.017,1,58,False,44.85000000000002,,UNLABELED,UNVERIFIED,,,,,,21.06,LOW,NON_INDUSTRIAL_RURAL,ROUTINE_MONITORING_RECOMMENDED
967,8.12629,80.01707,330.62,299.65,2026-09-27,0801,4.04,low,0.2,D,N,VIIRS,near_real_time,Southern India,ALL_INDIA,False,450714.7,BPCL Kochi Refinery (Ambalamugal),oil_refinery,national_bpcl_kochi_refinery_,NON_INDUSTRIAL_RURAL,0.1,CLUSTER_461,0.017,1,58,False,30.970000000000027,,UNLABELED,UNVERIFIED,,,,,,19.44,LOW,NON_INDUSTRIAL_RURAL,ROUTINE_MONITORING_RECOMMENDED
968,8.12658,81.0028,331.42,298.14,2026-09-27,0801,6.07,low,0.2,D,N,VIIRS,near_real_time,Southern India,ALL_INDIA,False,549220.3,BPCL Kochi Refinery (Ambalamugal),oil_refinery,national_bpcl_kochi_refinery_,NON_INDUSTRIAL_RURAL,0.1,CLUSTER_462,0.017,1,58,False,33.28000000000003,,UNLABELED,UNVERIFIED,,,,,,20.04,LOW,NON_INDUSTRIAL_RURAL,ROUTINE_MONITORING_RECOMMENDED
969,8.18101,80.56894,336.35,301.16,2026-09-27,0801,8.07,low,0.2,D,N,VIIRS,near_real_time,Southern India,ALL_INDIA,False,502903.1,BPCL Kochi Refinery (Ambalamugal),oil_refinery,national_bpcl_kochi_refinery_,NON_INDUSTRIAL_RURAL,0.1,CLUSTER_463,0.017,1,58,False,35.19,,UNLABELED,UNVERIFIED,,,,,,21.19,LOW,NON_INDUSTRIAL_RURAL,ROUTINE_MONITORING_RECOMMENDED
970,8.18616,81.00066,330.78,301.85,2026-09-27,0801,12.48,low,0.2,D,N,VIIRS,near_real_time,Southern India,ALL_INDIA,False,546515.1,BPCL Kochi Refinery (Ambalamugal),oil_refinery,national_bpcl_kochi_refinery_,NON_INDUSTRIAL_RURAL,0.1,CLUSTER_464,0.017,1,58,False,28.92999999999995,,UNLABELED,UNVERIFIED,,,,,,21.54,LOW,NON_INDUSTRIAL_RURAL,ROUTINE_MONITORING_RECOMMENDED
971,8.20205,77.69086,342.9,300.44,2026-09-27,0801,3.56,nominal,0.6,D,N,VIIRS,near_real_time,Karnataka,SOUTH_CORRIDOR,False,245174.5,BPCL Kochi Refinery (Ambalamugal),oil_refinery,national_bpcl_kochi_refinery_,NON_INDUSTRIAL_RURAL,0.1,CLUSTER_465,0.017,1,58,False,42.45999999999998,,UNLABELED,UNVERIFIED,,,,,,20.94,LOW,NON_INDUSTRIAL_RURAL,ROUTINE_MONITORING_RECOMMENDED
972,8.20263,77.69432,332.12,300.29,2026-09-27,0801,3.56,nominal,0.6,D,N,VIIRS,near_real_time,Karnataka,SOUTH_CORRIDOR,False,245348.5,BPCL Kochi Refinery (Ambalamugal),oil_refinery,national_bpcl_kochi_refinery_,NON_INDUSTRIAL_RURAL,0.1,CLUSTER_465,0.017,1,58,False,31.829999999999984,,UNLABELED,UNVERIFIED,,,,,,20.94,LOW,NON_INDUSTRIAL_RURAL,ROUTINE_MONITORING_RECOMMENDED
973,8.20492,80.67654,335.31,297.45,2026-09-27,0801,5.49,low,0.2,D,N,VIIRS,near_real_time,Tamil Nadu,SOUTH_CORRIDOR,False,512724.2,BPCL Kochi Refinery (Ambalamugal),oil_refinery,national_bpcl_kochi_refinery_,NON_INDUSTRIAL_RURAL,0.1,CLUSTER_466,0.017,1,58,False,37.860000000000014,,UNLABELED,UNVERIFIED,,,,,,20.42,LOW,NON_INDUSTRIAL_RURAL,ROUTINE_MONITORING_RECOMMENDED
974,8.24076,80.41956,347.42,300.0,2026-09-27,0801,10.24,nominal,0.6,D,N,VIIRS,near_real_time,Tamil Nadu,SOUTH_CORRIDOR,False,485179.6,BPCL Kochi Refinery (Ambalamugal),oil_refinery,national_bpcl_kochi_refinery_,NON_INDUSTRIAL_RURAL,0.1,CLUSTER_467,0.017,1,58,False,47.420000000000016,,UNLABELED,UNVERIFIED,,,,,,23.17,LOW,NON_INDUSTRIAL_RURAL,ROUTINE_MONITORING_RECOMMENDED
975,8.25666,80.29557,335.17,299.3,2026-09-27,0801,5.76,low,0.2,D,N,VIIRS,near_real_time,Tamil Nadu,SOUTH_CORRIDOR,False,471995.2,BPCL Kochi Refinery (Ambalamugal),oil_refinery,national_bpcl_kochi_refinery_,NON_INDUSTRIAL_RURAL,0.1,CLUSTER_468,0.017,1,58,False,35.870000000000005,,UNLABELED,UNVERIFIED,,,,,,20.47,LOW,NON_INDUSTRIAL_RURAL,ROUTINE_MONITORING_RECOMMENDED
976,8.25981,80.24771,335.83,296.48,2026-09-27,0801,2.85,nominal,0.6,D,N,VIIRS,near_real_time,Tamil Nadu,SOUTH_CORRIDOR,False,467052.0,BPCL Kochi Refinery (Ambalamugal),oil_refinery,national_bpcl_kochi_refinery_,NON_INDUSTRIAL_RURAL,0.1,CLUSTER_469,0.017,1,58,False,39.349999999999966,,UNLABELED,UNVERIFIED,,,,,,19.83,LOW,NON_INDUSTRIAL_RURAL,ROUTINE_MONITORING_RECOMMENDED
977,8.26073,80.78909,348.0,296.2,2026-09-27,0801,7.54,nominal,0.6,D,N,VIIRS,near_real_time,Tamil Nadu,SOUTH_CORRIDOR,False,521816.7,BPCL Kochi Refinery (Ambalamugal),oil_refinery,national_bpcl_kochi_refinery_,NON_INDUSTRIAL_RURAL,0.1,CLUSTER_470,0.017,1,58,False,51.80000000000001,,UNLABELED,UNVERIFIED,,,,,,22.59,LOW,NON_INDUSTRIAL_RURAL,ROUTINE_MONITORING_RECOMMENDED
978,8.26682,80.53957,336.02,300.76,2026-09-27,0801,5.07,low,0.2,D,N,VIIRS,near_real_time,Tamil Nadu,SOUTH_CORRIDOR,False,496160.6,BPCL Kochi Refinery (Ambalamugal),oil_refinery,national_bpcl_kochi_refinery_,NON_INDUSTRIAL_RURAL,0.1,CLUSTER_471,0.017,1,58,False,35.25999999999999,,UNLABELED,UNVERIFIED,,,,,,20.41,LOW,NON_INDUSTRIAL_RURAL,ROUTINE_MONITORING_RECOMMENDED
979,8.26741,80.54334,335.57,299.58,2026-09-27,0801,5.07,nominal,0.6,D,N,VIIRS,near_real_time,Tamil Nadu,SOUTH_CORRIDOR,False,496517.4,BPCL Kochi Refinery (Ambalamugal),oil_refinery,national_bpcl_kochi_refinery_,NON_INDUSTRIAL_RURAL,0.1,CLUSTER_471,0.017,1,58,False,35.99000000000001,,UNLABELED,UNVERIFIED,,,,,,20.41,LOW,NON_INDUSTRIAL_RURAL,ROUTINE_MONITORING_RECOMMENDED
980,8.28156,80.74397,330.3,298.37,2026-09-27,0801,4.93,low,0.2,D,N,VIIRS,near_real_time,Tamil Nadu,SOUTH_CORRIDOR,False,516346.8,BPCL Kochi Refinery (Ambalamugal),oil_refinery,national_bpcl_kochi_refinery_,NON_INDUSTRIAL_RURAL,0.1,CLUSTER_472,0.017,1,58,False,31.930000000000007,,UNLABELED,UNVERIFIED,,,,,,19.62,LOW,NON_INDUSTRIAL_RURAL,ROUTINE_MONITORING_RECOMMENDED
981,8.32538,80.55769,335.02,298.71,2026-09-27,0801,3.22,low,0.2,D,N,VIIRS,near_real_time,Tamil Nadu,SOUTH_CORRIDOR,False,495513.4,BPCL Kochi Refinery (Ambalamugal),oil_refinery,national_bpcl_kochi_refinery_,NON_INDUSTRIAL_RURAL,0.1,CLUSTER_473,0.017,1,58,False,36.31,,UNLABELED,UNVERIFIED,,,,,,23.16,LOW,NON_INDUSTRIAL_RURAL,ROUTINE_MONITORING_RECOMMENDED
982,8.32598,80.56145,349.3,302.52,2026-09-27,0801,9.21,nominal,0.6,D,N,VIIRS,near_real_time,Tamil Nadu,SOUTH_CORRIDOR,False,495871.7,BPCL Kochi Refinery (Ambalamugal),oil_refinery,national_bpcl_kochi_refinery_,NON_INDUSTRIAL_RURAL,0.1,CLUSTER_473,0.017,1,58,False,46.78000000000003,,UNLABELED,UNVERIFIED,,,,,,23.16,LOW,NON_INDUSTRIAL_RURAL,ROUTINE_MONITORING_RECOMMENDED
983,8.36766,80.86683,332.17,299.33,2026-09-27,0801,3.38,nominal,0.6,D,N,VIIRS,near_real_time,Tamil Nadu,SOUTH_CORRIDOR,False,525533.3,BPCL Kochi Refinery (Ambalamugal),oil_refinery,national_bpcl_kochi_refinery_,NON_INDUSTRIAL_RURAL,0.1,CLUSTER_474,0.017,1,58,False,32.84000000000003,,UNLABELED,UNVERIFIED,,,,,,19.49,LOW,NON_INDUSTRIAL_RURAL,ROUTINE_MONITORING_RECOMMENDED
984,8.37862,81.22944,334.9,302.33,2026-09-27,0801,4.06,nominal,0.6,D,N,VIIRS,near_real_time,Tamil Nadu,SOUTH_CORRIDOR,False,541223.8,CPCL Manali Refinery Complex,oil_refinery,national_cpcl_manali_refinery,NON_INDUSTRIAL_RURAL,0.1,CLUSTER_475,0.017,1,58,False,32.56999999999999,,UNLABELED,UNVERIFIED,,,,,,20.01,LOW,NON_INDUSTRIAL_RURAL,ROUTINE_MONITORING_RECOMMENDED
985,8.39735,80.52306,344.67,297.96,2026-09-27,0801,7.91,nominal,0.6,D,N,VIIRS,near_real_time,Tamil Nadu,SOUTH_CORRIDOR,False,489010.9,BPCL Kochi Refinery (Ambalamugal),oil_refinery,national_bpcl_kochi_refinery_,NON_INDUSTRIAL_RURAL,0.1,CLUSTER_476,0.017,1,58,False,46.710000000000036,,UNLABELED,UNVERIFIED,,,,,,22.24,LOW,NON_INDUSTRIAL_RURAL,ROUTINE_MONITORING_RECOMMENDED
986,8.40219,81.04082,336.97,304.62,2026-09-27,0801,4.54,low,0.2,D,N,VIIRS,near_real_time,Tamil Nadu,SOUTH_CORRIDOR,False,535032.2,CPCL Manali Refinery Complex,oil_refinery,national_cpcl_manali_refinery,NON_INDUSTRIAL_RURAL,0.1,CLUSTER_477,0.017,1,58,False,32.35000000000002,,UNLABELED,UNVERIFIED,,,,,,20.41,LOW,NON_INDUSTRIAL_RURAL,ROUTINE_MONITORING_RECOMMENDED
987,8.40334,81.04807,336.84,304.47,2026-09-27,0801,5.03,low,0.2,D,N,VIIRS,near_real_time,Tamil Nadu,SOUTH_CORRIDOR,False,535030.9,CPCL Manali Refinery Complex,oil_refinery,national_cpcl_manali_refinery,NON_INDUSTRIAL_RURAL,0.1,CLUSTER_478,0.017,1,58,False,32.36999999999995,,UNLABELED,UNVERIFIED,,,,,,20.5,LOW,NON_INDUSTRIAL_RURAL,ROUTINE_MONITORING_RECOMMENDED
988,8.4055,81.29141,345.34,307.36,2026-09-27,0801,9.86,nominal,0.6,D,N,VIIRS,near_real_time,Tamil Nadu,SOUTH_CORRIDOR,False,539647.0,CPCL Manali Refinery Complex,oil_refinery,national_cpcl_manali_refinery,NON_INDUSTRIAL_RURAL,0.1,CLUSTER_479,0.017,1,58,False,37.97999999999996,,UNLABELED,UNVERIFIED,,,,,,22.8,LOW,NON_INDUSTRIAL_RURAL,ROUTINE_MONITORING_RECOMMENDED
989,8.40886,81.29089,337.37,305.7,2026-09-27,0801,3.17,nominal,0.6,D,N,VIIRS,near_real_time,Tamil Nadu,SOUTH_CORRIDOR,False,539269.6,CPCL Manali Refinery Complex,oil_refinery,national_cpcl_manali_refinery,NON_INDUSTRIAL_RURAL,0.1,CLUSTER_479,0.017,1,58,False,31.670000000000016,,UNLABELED,UNVERIFIED,,,,,,22.8,LOW,NON_INDUSTRIAL_RURAL,ROUTINE_MONITORING_RECOMMENDED
990,8.40942,80.53268,331.69,294.25,2026-09-27,0801,3.22,nominal,0.6,D,N,VIIRS,near_real_time,Tamil Nadu,SOUTH_CORRIDOR,False,489509.6,BPCL Kochi Refinery (Ambalamugal),oil_refinery,national_bpcl_kochi_refinery_,NON_INDUSTRIAL_RURAL,0.1,CLUSTER_480,0.017,1,58,False,37.44,,UNLABELED,UNVERIFIED,,,,,,19.39,LOW,NON_INDUSTRIAL_RURAL,ROUTINE_MONITORING_RECOMMENDED
991,8.44138,80.58508,333.1,297.45,2026-09-27,0801,2.92,nominal,0.6,D,N,VIIRS,near_real_time,Tamil Nadu,SOUTH_CORRIDOR,False,493627.9,BPCL Kochi Refinery (Ambalamugal),oil_refinery,national_bpcl_kochi_refinery_,NON_INDUSTRIAL_RURAL,0.1,CLUSTER_481,0.017,1,58,False,35.650000000000034,,UNLABELED,UNVERIFIED,,,,,,19.5,LOW,NON_INDUSTRIAL_RURAL,ROUTINE_MONITORING_RECOMMENDED
992,8.50226,80.15409,340.43,301.97,2026-09-27,0801,8.56,nominal,0.6,D,N,VIIRS,near_real_time,Tamil Nadu,SOUTH_CORRIDOR,False,446984.2,BPCL Kochi Refinery (Ambalamugal),oil_refinery,national_bpcl_kochi_refinery_,NON_INDUSTRIAL_RURAL,0.1,CLUSTER_482,0.017,1,58,False,38.45999999999998,,UNLABELED,UNVERIFIED,,,,,,26.83,LOW,NON_INDUSTRIAL_RURAL,ROUTINE_MONITORING_RECOMMENDED
993,8.50574,80.15354,367.0,298.91,2026-09-27,0801,14.7,high,0.9,D,N,VIIRS,near_real_time,Tamil Nadu,SOUTH_CORRIDOR,False,446784.2,BPCL Kochi Refinery (Ambalamugal),oil_refinery,national_bpcl_kochi_refinery_,NON_INDUSTRIAL_RURAL,0.1,CLUSTER_482,0.017,1,58,False,68.08999999999997,,UNLABELED,UNVERIFIED,,,,,,26.83,LOW,NON_INDUSTRIAL_RURAL,ROUTINE_MONITORING_RECOMMENDED
994,8.52986,80.72357,333.77,296.9,2026-09-27,0801,4.53,nominal,0.6,D,N,VIIRS,near_real_time,Tamil Nadu,SOUTH_CORRIDOR,False,504635.4,BPCL Kochi Refinery (Ambalamugal),oil_refinery,national_bpcl_kochi_refinery_,NON_INDUSTRIAL_RURAL,0.1,CLUSTER_483,0.017,1,58,False,36.870000000000005,,UNLABELED,UNVERIFIED,,,,,,20.37,LOW,NON_INDUSTRIAL_RURAL,ROUTINE_MONITORING_RECOMMENDED
995,8.53044,80.72728,334.27,299.21,2026-09-27,0801,5.85,nominal,0.6,D,N,VIIRS,near_real_time,Tamil Nadu,SOUTH_CORRIDOR,False,505000.3,BPCL Kochi Refinery (Ambalamugal),oil_refinery,national_bpcl_kochi_refinery_,NON_INDUSTRIAL_RURAL,0.1,CLUSTER_483,0.017,1,58,False,35.06,,UNLABELED,UNVERIFIED,,,,,,20.37,LOW,NON_INDUSTRIAL_RURAL,ROUTINE_MONITORING_RECOMMENDED
996,8.53803,80.79787,331.86,303.55,2026-09-27,0801,5.75,low,0.2,D,N,VIIRS,near_real_time,Tamil Nadu,SOUTH_CORRIDOR,False,516493.7,CPCL Manali Refinery Complex,oil_refinery,national_cpcl_manali_refinery,NON_INDUSTRIAL_RURAL,0.1,CLUSTER_484,0.017,1,58,False,28.310000000000002,,UNLABELED,UNVERIFIED,,,,,,20.03,LOW,NON_INDUSTRIAL_RURAL,ROUTINE_MONITORING_RECOMMENDED
997,8.59324,80.41416,336.94,299.4,2026-09-27,0801,10.38,nominal,0.6,D,N,VIIRS,near_real_time,Tamil Nadu,SOUTH_CORRIDOR,False,470187.9,BPCL Kochi Refinery (Ambalamugal),oil_refinery,national_bpcl_kochi_refinery_,NON_INDUSTRIAL_RURAL,0.1,CLUSTER_485,0.017,1,58,False,37.54000000000002,,UNLABELED,UNVERIFIED,,,,,,21.82,LOW,NON_INDUSTRIAL_RURAL,ROUTINE_MONITORING_RECOMMENDED
998,8.60012,80.41306,334.98,299.29,2026-09-27,0801,8.76,low,0.2,D,N,VIIRS,near_real_time,Tamil Nadu,SOUTH_CORRIDOR,False,469819.8,BPCL Kochi Refinery (Ambalamugal),oil_refinery,national_bpcl_kochi_refinery_,NON_INDUSTRIAL_RURAL,0.1,CLUSTER_486,0.017,1,58,False,35.69,,UNLABELED,UNVERIFIED,,,,,,21.18,LOW,NON_INDUSTRIAL_RURAL,ROUTINE_MONITORING_RECOMMENDED
999,8.61954,80.51427,335.89,300.12,2026-09-27,0801,9.47,nominal,0.6,D,N,VIIRS,near_real_time,Tamil Nadu,SOUTH_CORRIDOR,False,479635.8,BPCL Kochi Refinery (Ambalamugal),oil_refinery,national_bpcl_kochi_refinery_,NON_INDUSTRIAL_RURAL,0.1,CLUSTER_487,0.017,1,58,False,35.76999999999998,,UNLABELED,UNVERIFIED,,,,,,21.47,LOW,NON_INDUSTRIAL_RURAL,ROUTINE_MONITORING_RECOMMENDED
1000,8.63375,81.02565,331.22,297.97,2026-09-27,0801,4.69,low,0.2,D,N,VIIRS,near_real_time,Tamil Nadu,SOUTH_CORRIDOR,False,509344.3,CPCL Manali Refinery Complex,oil_refinery,national_cpcl_manali_refinery,NON_INDUSTRIAL_RURAL,0.1,CLUSTER_488,0.017,1,58,False,33.25,,UNLABELED,UNVERIFIED,,,,,,19.68,LOW,NON_INDUSTRIAL_RURAL,ROUTINE_MONITORING_RECOMMENDED
1001,8.64885,80.74599,343.07,304.92,2026-09-27,0801,10.2,nominal,0.6,D,N,VIIRS,near_real_time,Tamil Nadu,SOUTH_CORRIDOR,False,503633.7,CPCL Manali Refinery Complex,oil_refinery,national_cpcl_manali_refinery,NON_INDUSTRIAL_RURAL,0.1,CLUSTER_489,0.017,1,58,False,38.14999999999998,,UNLABELED,UNVERIFIED,,,,,,22.59,LOW,NON_INDUSTRIAL_RURAL,ROUTINE_MONITORING_RECOMMENDED
1002,8.66527,77.87013,341.56,304.81,2026-09-27,0801,21.6,nominal,0.6,D,N,VIIRS,near_real_time,Karnataka,SOUTH_CORRIDOR,False,220308.2,BPCL Kochi Refinery (Ambalamugal),oil_refinery,national_bpcl_kochi_refinery_,NON_INDUSTRIAL_RURAL,0.1,CLUSTER_490,0.017,1,58,False,36.75,,UNLABELED,UNVERIFIED,,,,,,25.19,LOW,NON_INDUSTRIAL_RURAL,ROUTINE_MONITORING_RECOMMENDED
1003,8.69384,80.47895,336.31,297.5,2026-09-27,0801,6.59,low,0.2,D,N,VIIRS,near_real_time,Tamil Nadu,SOUTH_CORRIDOR,False,473356.7,BPCL Kochi Refinery (Ambalamugal),oil_refinery,national_bpcl_kochi_refinery_,NON_INDUSTRIAL_RURAL,0.1,CLUSTER_491,0.017,1,58,False,38.81,,UNLABELED,UNVERIFIED,,,,,,20.99,LOW,NON_INDUSTRIAL_RURAL,ROUTINE_MONITORING_RECOMMENDED
1004,8.69444,80.48271,337.58,299.63,2026-09-27,0801,6.59,nominal,0.6,D,N,VIIRS,near_real_time,Tamil Nadu,SOUTH_CORRIDOR,False,473729.5,BPCL Kochi Refinery (Ambalamugal),oil_refinery,national_bpcl_kochi_refinery_,NON_INDUSTRIAL_RURAL,0.1,CLUSTER_491,0.017,1,58,False,37.94999999999999,,UNLABELED,UNVERIFIED,,,,,,20.99,LOW,NON_INDUSTRIAL_RURAL,ROUTINE_MONITORING_RECOMMENDED
1005,8.74985,80.52431,330.91,303.45,2026-09-27,0801,7.07,low,0.2,D,N,VIIRS,near_real_time,Tamil Nadu,SOUTH_CORRIDOR,False,476246.2,BPCL Kochi Refinery (Ambalamugal),oil_refinery,national_bpcl_kochi_refinery_,NON_INDUSTRIAL_RURAL,0.1,CLUSTER_492,0.017,1,58,False,27.460000000000036,,UNLABELED,UNVERIFIED,,,,,,20.23,LOW,NON_INDUSTRIAL_RURAL,ROUTINE_MONITORING_RECOMMENDED
1006,8.7558,80.25195,331.73,303.65,2026-09-27,0801,7.99,low,0.2,D,N,VIIRS,near_real_time,Tamil Nadu,SOUTH_CORRIDOR,False,447498.4,BPCL Kochi Refinery (Ambalamugal),oil_refinery,national_bpcl_kochi_refinery_,NON_INDUSTRIAL_RURAL,0.1,CLUSTER_493,0.017,1,58,False,28.08000000000004,,UNLABELED,UNVERIFIED,,,,,,20.56,LOW,NON_INDUSTRIAL_RURAL,ROUTINE_MONITORING_RECOMMENDED
1007,8.79929,80.11479,335.84,304.73,2026-09-27,0801,7.58,low,0.2,D,N,VIIRS,near_real_time,Tamil Nadu,SOUTH_CORRIDOR,False,431668.9,BPCL Kochi Refinery (Ambalamugal),oil_refinery,national_bpcl_kochi_refinery_,NON_INDUSTRIAL_RURAL,0.1,CLUSTER_494,0.017,1,58,False,31.109999999999957,,UNLABELED,UNVERIFIED,,,,,,20.99,LOW,NON_INDUSTRIAL_RURAL,ROUTINE_MONITORING_RECOMMENDED
1008,8.81001,77.62442,339.5,306.92,2026-09-27,0801,6.96,nominal,0.6,D,N,VIIRS,near_real_time,Karnataka,SOUTH_CORRIDOR,False,189510.1,BPCL Kochi Refinery (Ambalamugal),oil_refinery,national_bpcl_kochi_refinery_,NON_INDUSTRIAL_RURAL,0.1,CLUSTER_495,0.017,1,58,False,32.579999999999984,,UNLABELED,UNVERIFIED,,,,,,21.33,LOW,NON_INDUSTRIAL_RURAL,ROUTINE_MONITORING_RECOMMENDED
1009,8.81357,80.09267,333.92,303.97,2026-09-27,0801,4.04,low,0.2,D,N,VIIRS,near_real_time,Tamil Nadu,SOUTH_CORRIDOR,False,428867.5,BPCL Kochi Refinery (Ambalamugal),oil_refinery,national_bpcl_kochi_refinery_,NON_INDUSTRIAL_RURAL,0.1,CLUSTER_496,0.017,1,58,False,29.94999999999999,,UNLABELED,UNVERIFIED,,,,,,19.88,LOW,NON_INDUSTRIAL_RURAL,ROUTINE_MONITORING_RECOMMENDED
1010,8.83773,77.55944,334.49,304.82,2026-09-27,0801,2.96,low,0.2,D,N,VIIRS,near_real_time,Karnataka,SOUTH_CORRIDOR,False,182217.0,BPCL Kochi Refinery (Ambalamugal),oil_refinery,national_bpcl_kochi_refinery_,NON_INDUSTRIAL_RURAL,0.1,CLUSTER_497,0.017,1,58,False,29.670000000000016,,UNLABELED,UNVERIFIED,,,,,,19.69,LOW,NON_INDUSTRIAL_RURAL,ROUTINE_MONITORING_RECOMMENDED
1011,8.9003,77.4092,332.14,301.27,2026-09-27,0801,2.17,nominal,0.6,D,N,VIIRS,near_real_time,Karnataka,SOUTH_CORRIDOR,False,165644.9,BPCL Kochi Refinery (Ambalamugal),oil_refinery,national_bpcl_kochi_refinery_,NON_INDUSTRIAL_RURAL,0.1,CLUSTER_498,0.017,1,58,False,30.870000000000005,,UNLABELED,UNVERIFIED,,,,,,19.18,LOW,NON_INDUSTRIAL_RURAL,ROUTINE_MONITORING_RECOMMENDED
1012,8.9289,80.50684,330.93,304.68,2026-09-27,0801,8.87,low,0.2,D,N,VIIRS,near_real_time,Tamil Nadu,SOUTH_CORRIDOR,False,470519.5,CPCL Manali Refinery Complex,oil_refinery,national_cpcl_manali_refinery,NON_INDUSTRIAL_RURAL,0.1,CLUSTER_499,0.017,1,58,False,26.25,,UNLABELED,UNVERIFIED,,,,,,21.53,LOW,NON_INDUSTRIAL_RURAL,ROUTINE_MONITORING_RECOMMENDED
1013,8.93291,80.51003,336.05,306.06,2026-09-27,0801,8.02,low,0.2,D,N,VIIRS,near_real_time,Tamil Nadu,SOUTH_CORRIDOR,False,470093.5,CPCL Manali Refinery Complex,oil_refinery,national_cpcl_manali_refinery,NON_INDUSTRIAL_RURAL,0.1,CLUSTER_499,0.017,1,58,False,29.99000000000001,,UNLABELED,UNVERIFIED,,,,,,21.53,LOW,NON_INDUSTRIAL_RURAL,ROUTINE_MONITORING_RECOMMENDED
1014,8.93633,80.50948,337.47,307.52,2026-09-27,0801,7.96,low,0.2,D,N,VIIRS,near_real_time,Tamil Nadu,SOUTH_CORRIDOR,False,469710.5,CPCL Manali Refinery Complex,oil_refinery,national_cpcl_manali_refinery,NON_INDUSTRIAL_RURAL,0.1,CLUSTER_499,0.017,1,58,False,29.950000000000045,,UNLABELED,UNVERIFIED,,,,,,21.53,LOW,NON_INDUSTRIAL_RURAL,ROUTINE_MONITORING_RECOMMENDED
1015,8.98014,80.6775,339.51,301.72,2026-09-27,0801,7.74,nominal,0.6,D,N,VIIRS,near_real_time,Tamil Nadu,SOUTH_CORRIDOR,False,466233.7,CPCL Manali Refinery Complex,oil_refinery,national_cpcl_manali_refinery,NON_INDUSTRIAL_RURAL,0.1,CLUSTER_500,0.017,1,58,False,37.789999999999964,,UNLABELED,UNVERIFIED,,,,,,21.55,LOW,NON_INDUSTRIAL_RURAL,ROUTINE_MONITORING_RECOMMENDED
1016,8.9805,80.67712,339.66,300.98,2026-09-27,0801,7.57,nominal,0.6,D,N,VIIRS,near_real_time,Tamil Nadu,SOUTH_CORRIDOR,False,466189.9,CPCL Manali Refinery Complex,oil_refinery,national_cpcl_manali_refinery,NON_INDUSTRIAL_RURAL,0.1,CLUSTER_500,0.017,1,58,False,38.68000000000001,,UNLABELED,UNVERIFIED,,,,,,21.55,LOW,NON_INDUSTRIAL_RURAL,ROUTINE_MONITORING_RECOMMENDED
1017,9.00606,77.55016,340.45,304.42,2026-09-27,0801,5.15,nominal,0.6,D,N,VIIRS,near_real_time,Karnataka,SOUTH_CORRIDOR,False,168942.0,BPCL Kochi Refinery (Ambalamugal),oil_refinery,national_bpcl_kochi_refinery_,NON_INDUSTRIAL_RURAL,0.1,CLUSTER_501,0.017,1,58,False,36.02999999999997,,UNLABELED,UNVERIFIED,,,,,,21.11,LOW,NON_INDUSTRIAL_RURAL,ROUTINE_MONITORING_RECOMMENDED
1018,9.00818,77.55241,339.4,304.81,2026-09-27,0801,5.59,nominal,0.6,D,N,VIIRS,near_real_time,Karnataka,SOUTH_CORRIDOR,False,168981.4,BPCL Kochi Refinery (Ambalamugal),oil_refinery,national_bpcl_kochi_refinery_,NON_INDUSTRIAL_RURAL,0.1,CLUSTER_501,0.017,1,58,False,34.589999999999975,,UNLABELED,UNVERIFIED,,,,,,21.11,LOW,NON_INDUSTRIAL_RURAL,ROUTINE_MONITORING_RECOMMENDED
1019,9.01525,80.08791,350.01,305.68,2026-09-27,0801,25.79,nominal,0.6,D,N,VIIRS,near_real_time,Tamil Nadu,SOUTH_CORRIDOR,False,422018.0,BPCL Kochi Refinery (Ambalamugal),oil_refinery,national_bpcl_kochi_refinery_,NON_INDUSTRIAL_RURAL,0.1,CLUSTER_502,0.017,1,58,False,44.329999999999984,,UNLABELED,UNVERIFIED,,,,,,27.32,LOW,NON_INDUSTRIAL_RURAL,ROUTINE_MONITORING_RECOMMENDED
1020,9.11656,80.25607,340.35,301.93,2026-09-27,0801,5.64,nominal,0.6,D,N,VIIRS,near_real_time,Tamil Nadu,SOUTH_CORRIDOR,False,437212.9,BPCL Kochi Refinery (Ambalamugal),oil_refinery,national_bpcl_kochi_refinery_,NON_INDUSTRIAL_RURAL,0.1,CLUSTER_503,0.017,1,58,False,38.420000000000016,,UNLABELED,UNVERIFIED,,,,,,21.12,LOW,NON_INDUSTRIAL_RURAL,ROUTINE_MONITORING_RECOMMENDED
1021,9.12015,80.27883,333.86,301.63,2026-09-27,0801,4.8,low,0.2,D,N,VIIRS,near_real_time,Tamil Nadu,SOUTH_CORRIDOR,False,439559.1,BPCL Kochi Refinery (Ambalamugal),oil_refinery,national_bpcl_kochi_refinery_,NON_INDUSTRIAL_RURAL,0.1,CLUSTER_504,0.017,1,58,False,32.23000000000002,,UNLABELED,UNVERIFIED,,,,,,21.46,LOW,NON_INDUSTRIAL_RURAL,ROUTINE_MONITORING_RECOMMENDED
1022,9.12075,80.28262,336.31,302.92,2026-09-27,0801,4.8,low,0.2,D,N,VIIRS,near_real_time,Tamil Nadu,SOUTH_CORRIDOR,False,439950.0,BPCL Kochi Refinery (Ambalamugal),oil_refinery,national_bpcl_kochi_refinery_,NON_INDUSTRIAL_RURAL,0.1,CLUSTER_504,0.017,1,58,False,33.389999999999986,,UNLABELED,UNVERIFIED,,,,,,21.46,LOW,NON_INDUSTRIAL_RURAL,ROUTINE_MONITORING_RECOMMENDED
1023,9.1234,77.53311,334.92,304.18,2026-09-27,0801,4.72,nominal,0.6,D,N,VIIRS,near_real_time,Karnataka,SOUTH_CORRIDOR,False,159400.3,BPCL Kochi Refinery (Ambalamugal),oil_refinery,national_bpcl_kochi_refinery_,NON_INDUSTRIAL_RURAL,0.1,CLUSTER_505,0.017,1,58,False,30.74000000000001,,UNLABELED,UNVERIFIED,,,,,,21.06,LOW,NON_INDUSTRIAL_RURAL,ROUTINE_MONITORING_RECOMMENDED
1024,9.12359,80.27828,338.32,302.91,2026-09-27,0801,8.15,low,0.2,D,N,VIIRS,near_real_time,Tamil Nadu,SOUTH_CORRIDOR,False,439415.2,BPCL Kochi Refinery (Ambalamugal),oil_refinery,national_bpcl_kochi_refinery_,NON_INDUSTRIAL_RURAL,0.1,CLUSTER_504,0.017,1,58,False,35.40999999999997,,UNLABELED,UNVERIFIED,,,,,,21.46,LOW,NON_INDUSTRIAL_RURAL,ROUTINE_MONITORING_RECOMMENDED
1025,9.12614,77.53535,339.83,305.09,2026-09-27,0801,5.69,nominal,0.6,D,N,VIIRS,near_real_time,Karnataka,SOUTH_CORRIDOR,False,159416.4,BPCL Kochi Refinery (Ambalamugal),oil_refinery,national_bpcl_kochi_refinery_,NON_INDUSTRIAL_RURAL,0.1,CLUSTER_505,0.017,1,58,False,34.74000000000001,,UNLABELED,UNVERIFIED,,,,,,21.06,LOW,NON_INDUSTRIAL_RURAL,ROUTINE_MONITORING_RECOMMENDED
1026,9.16573,77.69637,338.78,304.03,2026-09-27,0801,11.49,low,0.2,D,N,VIIRS,near_real_time,Karnataka,SOUTH_CORRIDOR,False,171584.8,BPCL Kochi Refinery (Ambalamugal),oil_refinery,national_bpcl_kochi_refinery_,NON_INDUSTRIAL_RURAL,0.1,CLUSTER_506,0.017,1,58,False,34.75,,UNLABELED,UNVERIFIED,,,,,,22.34,LOW,NON_INDUSTRIAL_RURAL,ROUTINE_MONITORING_RECOMMENDED
1027,9.21654,80.80453,342.68,301.38,2026-09-27,0801,8.49,nominal,0.6,D,N,VIIRS,near_real_time,Tamil Nadu,SOUTH_CORRIDOR,False,441684.2,CPCL Manali Refinery Complex,oil_refinery,national_cpcl_manali_refinery,NON_INDUSTRIAL_RURAL,0.1,CLUSTER_507,0.017,1,58,False,41.30000000000001,,UNLABELED,UNVERIFIED,,,,,,22.12,LOW,NON_INDUSTRIAL_RURAL,ROUTINE_MONITORING_RECOMMENDED
1028,9.21729,80.2515,336.21,303.81,2026-09-27,0801,7.22,low,0.2,D,N,VIIRS,near_real_time,Tamil Nadu,SOUTH_CORRIDOR,False,437746.8,CPCL Manali Refinery Complex,oil_refinery,national_cpcl_manali_refinery,NON_INDUSTRIAL_RURAL,0.1,CLUSTER_508,0.017,1,58,False,32.39999999999998,,UNLABELED,UNVERIFIED,,,,,,20.96,LOW,NON_INDUSTRIAL_RURAL,ROUTINE_MONITORING_RECOMMENDED
1029,9.24331,80.28226,336.0,303.79,2026-09-27,0801,5.83,low,0.2,D,N,VIIRS,near_real_time,Tamil Nadu,SOUTH_CORRIDOR,False,434850.9,CPCL Manali Refinery Complex,oil_refinery,national_cpcl_manali_refinery,NON_INDUSTRIAL_RURAL,0.1,CLUSTER_509,0.017,1,58,False,32.20999999999998,,UNLABELED,UNVERIFIED,,,,,,21.1,LOW,NON_INDUSTRIAL_RURAL,ROUTINE_MONITORING_RECOMMENDED
1030,9.24501,80.27854,338.77,304.33,2026-09-27,0801,6.41,low,0.2,D,N,VIIRS,near_real_time,Tamil Nadu,SOUTH_CORRIDOR,False,434660.9,CPCL Manali Refinery Complex,oil_refinery,national_cpcl_manali_refinery,NON_INDUSTRIAL_RURAL,0.1,CLUSTER_509,0.017,1,58,False,34.44,,UNLABELED,UNVERIFIED,,,,,,21.1,LOW,NON_INDUSTRIAL_RURAL,ROUTINE_MONITORING_RECOMMENDED
1031,9.36022,80.27549,331.16,302.62,2026-09-27,0801,3.23,low,0.2,D,N,VIIRS,near_real_time,Tamil Nadu,SOUTH_CORRIDOR,False,421849.5,CPCL Manali Refinery Complex,oil_refinery,national_cpcl_manali_refinery,NON_INDUSTRIAL_RURAL,0.1,CLUSTER_510,0.017,1,58,False,28.54000000000002,,UNLABELED,UNVERIFIED,,,,,,19.32,LOW,NON_INDUSTRIAL_RURAL,ROUTINE_MONITORING_RECOMMENDED
1032,9.36204,80.2868,333.42,304.11,2026-09-27,0801,5.96,low,0.2,D,N,VIIRS,near_real_time,Tamil Nadu,SOUTH_CORRIDOR,False,421650.7,CPCL Manali Refinery Complex,oil_refinery,national_cpcl_manali_refinery,NON_INDUSTRIAL_RURAL,0.1,CLUSTER_511,0.017,1,58,False,29.310000000000002,,UNLABELED,UNVERIFIED,,,,,,21.61,LOW,NON_INDUSTRIAL_RURAL,ROUTINE_MONITORING_RECOMMENDED
1033,9.36487,80.28248,342.2,303.2,2026-09-27,0801,6.66,nominal,0.6,D,N,VIIRS,near_real_time,Tamil Nadu,SOUTH_CORRIDOR,False,421334.2,CPCL Manali Refinery Complex,oil_refinery,national_cpcl_manali_refinery,NON_INDUSTRIAL_RURAL,0.1,CLUSTER_511,0.017,1,58,False,39.0,,UNLABELED,UNVERIFIED,,,,,,21.61,LOW,NON_INDUSTRIAL_RURAL,ROUTINE_MONITORING_RECOMMENDED
1034,9.37825,80.60931,338.48,302.82,2026-09-27,0801,4.14,nominal,0.6,D,N,VIIRS,near_real_time,Tamil Nadu,SOUTH_CORRIDOR,False,421468.6,CPCL Manali Refinery Complex,oil_refinery,national_cpcl_manali_refinery,NON_INDUSTRIAL_RURAL,0.1,CLUSTER_512,0.017,1,58,False,35.660000000000025,,UNLABELED,UNVERIFIED,,,,,,20.51,LOW,NON_INDUSTRIAL_RURAL,ROUTINE_MONITORING_RECOMMENDED
1035,9.38165,80.60876,335.09,302.47,2026-09-27,0801,4.14,low,0.2,D,N,VIIRS,near_real_time,Tamil Nadu,SOUTH_CORRIDOR,False,421086.7,CPCL Manali Refinery Complex,oil_refinery,national_cpcl_manali_refinery,NON_INDUSTRIAL_RURAL,0.1,CLUSTER_512,0.017,1,58,False,32.61999999999995,,UNLABELED,UNVERIFIED,,,,,,20.51,LOW,NON_INDUSTRIAL_RURAL,ROUTINE_MONITORING_RECOMMENDED
1036,9.41746,80.34733,332.81,304.45,2026-09-27,0801,6.25,low,0.2,D,N,VIIRS,near_real_time,Tamil Nadu,SOUTH_CORRIDOR,False,415569.8,CPCL Manali Refinery Complex,oil_refinery,national_cpcl_manali_refinery,NON_INDUSTRIAL_RURAL,0.1,CLUSTER_513,0.017,1,58,False,28.360000000000014,,UNLABELED,UNVERIFIED,,,,,,20.28,LOW,NON_INDUSTRIAL_RURAL,ROUTINE_MONITORING_RECOMMENDED
1037,9.41866,80.35484,342.03,303.67,2026-09-27,0801,8.08,low,0.2,D,N,VIIRS,near_real_time,Tamil Nadu,SOUTH_CORRIDOR,False,415453.8,CPCL Manali Refinery Complex,oil_refinery,national_cpcl_manali_refinery,NON_INDUSTRIAL_RURAL,0.1,CLUSTER_514,0.017,1,58,False,38.35999999999996,,UNLABELED,UNVERIFIED,,,,,,21.93,LOW,NON_INDUSTRIAL_RURAL,ROUTINE_MONITORING_RECOMMENDED
1038,9.94333,77.88103,339.9,309.27,2026-09-27,0801,9.84,low,0.2,D,N,VIIRS,near_real_time,Karnataka,SOUTH_CORRIDOR,False,165973.8,BPCL Kochi Refinery (Ambalamugal),oil_refinery,national_bpcl_kochi_refinery_,NON_INDUSTRIAL_RURAL,0.1,CLUSTER_515,0.017,1,58,False,30.629999999999995,,UNLABELED,UNVERIFIED,,,,,,22.09,LOW,NON_INDUSTRIAL_RURAL,ROUTINE_MONITORING_RECOMMENDED
1039,9.94423,77.25137,346.31,294.4,2026-09-27,0801,5.1,nominal,0.6,D,N,VIIRS,near_real_time,Karnataka,SOUTH_CORRIDOR,False,97045.8,BPCL Kochi Refinery (Ambalamugal),oil_refinery,national_bpcl_kochi_refinery_,NON_INDUSTRIAL_RURAL,0.1,CLUSTER_516,0.017,1,58,False,51.910000000000025,,UNLABELED,UNVERIFIED,,,,,,21.76,LOW,NON_INDUSTRIAL_RURAL,ROUTINE_MONITORING_RECOMMENDED
1040,9.94785,77.24849,332.4,294.0,2026-09-27,0801,3.39,nominal,0.6,D,N,VIIRS,near_real_time,Karnataka,SOUTH_CORRIDOR,False,96714.4,BPCL Kochi Refinery (Ambalamugal),oil_refinery,national_bpcl_kochi_refinery_,NON_INDUSTRIAL_RURAL,0.1,CLUSTER_516,0.017,1,58,False,38.39999999999998,,UNLABELED,UNVERIFIED,,,,,,21.76,LOW,NON_INDUSTRIAL_RURAL,ROUTINE_MONITORING_RECOMMENDED
1041,10.42272,77.48947,342.21,307.75,2026-09-27,0801,11.61,low,0.2,D,N,VIIRS,near_real_time,Karnataka,SOUTH_CORRIDOR,False,132389.4,BPCL Kochi Refinery (Ambalamugal),oil_refinery,national_bpcl_kochi_refinery_,NON_INDUSTRIAL_RURAL,0.1,CLUSTER_517,0.017,1,58,False,34.45999999999998,,UNLABELED,UNVERIFIED,,,,,,22.82,LOW,NON_INDUSTRIAL_RURAL,ROUTINE_MONITORING_RECOMMENDED
1042,10.5699,77.50737,339.08,310.02,2026-09-27,0801,7.91,low,0.2,D,N,VIIRS,near_real_time,Karnataka,SOUTH_CORRIDOR,False,140979.7,BPCL Kochi Refinery (Ambalamugal),oil_refinery,national_bpcl_kochi_refinery_,NON_INDUSTRIAL_RURAL,0.1,CLUSTER_518,0.017,1,58,False,29.060000000000002,,UNLABELED,UNVERIFIED,,,,,,21.51,LOW,NON_INDUSTRIAL_RURAL,ROUTINE_MONITORING_RECOMMENDED
1043,10.86353,78.5237,333.1,304.87,2026-09-27,0801,4.11,low,0.2,D,N,VIIRS,near_real_time,Karnataka,SOUTH_CORRIDOR,False,255546.6,BPCL Kochi Refinery (Ambalamugal),oil_refinery,national_bpcl_kochi_refinery_,NON_INDUSTRIAL_RURAL,0.1,CLUSTER_519,0.017,1,58,False,28.230000000000018,,UNLABELED,UNVERIFIED,,,,,,19.79,LOW,NON_INDUSTRIAL_RURAL,ROUTINE_MONITORING_RECOMMENDED
1044,10.93856,79.67497,336.21,299.28,2026-09-27,0801,4.11,nominal,0.6,D,N,VIIRS,near_real_time,Tamil Nadu,SOUTH_CORRIDOR,False,254680.8,CPCL Manali Refinery Complex,oil_refinery,national_cpcl_manali_refinery,NON_INDUSTRIAL_RURAL,0.1,CLUSTER_520,0.017,1,58,False,36.93000000000001,,UNLABELED,UNVERIFIED,,,,,,20.2,LOW,NON_INDUSTRIAL_RURAL,ROUTINE_MONITORING_RECOMMENDED
1045,11.41926,79.6675,334.48,306.02,2026-09-27,0801,4.33,low,0.2,D,N,VIIRS,near_real_time,Tamil Nadu,SOUTH_CORRIDOR,False,203664.5,CPCL Manali Refinery Complex,oil_refinery,national_cpcl_manali_refinery,NON_INDUSTRIAL_RURAL,0.1,CLUSTER_521,0.017,1,58,False,28.460000000000036,,UNLABELED,UNVERIFIED,,,,,,20.03,LOW,NON_INDUSTRIAL_RURAL,ROUTINE_MONITORING_RECOMMENDED
1046,11.74169,78.65874,332.41,299.43,2026-09-27,0803,4.43,low,0.2,D,N,VIIRS,near_real_time,Karnataka,SOUTH_CORRIDOR,False,234880.8,CPCL Manali Refinery Complex,oil_refinery,national_cpcl_manali_refinery,NON_INDUSTRIAL_RURAL,0.1,CLUSTER_522,0.017,1,58,False,32.98000000000002,,UNLABELED,UNVERIFIED,,,,,,19.77,LOW,NON_INDUSTRIAL_RURAL,ROUTINE_MONITORING_RECOMMENDED
1047,11.78508,79.59191,339.02,305.09,2026-09-27,0803,4.44,nominal,0.6,D,N,VIIRS,near_real_time,Tamil Nadu,SOUTH_CORRIDOR,False,169022.8,CPCL Manali Refinery Complex,oil_refinery,national_cpcl_manali_refinery,NON_INDUSTRIAL_RURAL,0.1,CLUSTER_523,0.017,1,58,False,33.93000000000001,,UNLABELED,UNVERIFIED,,,,,,20.64,LOW,NON_INDUSTRIAL_RURAL,ROUTINE_MONITORING_RECOMMENDED
1048,11.9508,78.94341,332.67,306.52,2026-09-27,0803,2.8,low,0.2,D,N,VIIRS,near_real_time,Karnataka,SOUTH_CORRIDOR,False,196341.6,CPCL Manali Refinery Complex,oil_refinery,national_cpcl_manali_refinery,NON_INDUSTRIAL_RURAL,0.1,CLUSTER_524,0.017,1,58,False,26.150000000000034,,UNLABELED,UNVERIFIED,,,,,,19.55,LOW,NON_INDUSTRIAL_RURAL,ROUTINE_MONITORING_RECOMMENDED
1049,11.95101,78.94293,333.73,306.78,2026-09-27,0803,2.4,nominal,0.6,D,N,VIIRS,near_real_time,Karnataka,SOUTH_CORRIDOR,False,196363.7,CPCL Manali Refinery Complex,oil_refinery,national_cpcl_manali_refinery,NON_INDUSTRIAL_RURAL,0.1,CLUSTER_524,0.017,1,58,False,26.950000000000045,,UNLABELED,UNVERIFIED,,,,,,19.55,LOW,NON_INDUSTRIAL_RURAL,ROUTINE_MONITORING_RECOMMENDED
1050,12.05969,77.0392,330.58,299.03,2026-09-27,0803,3.27,nominal,0.6,D,N,VIIRS,near_real_time,Karnataka,SOUTH_CORRIDOR,False,242174.8,BPCL Kochi Refinery (Ambalamugal),oil_refinery,national_bpcl_kochi_refinery_,NON_INDUSTRIAL_RURAL,0.1,CLUSTER_525,0.017,1,58,False,31.55000000000001,,UNLABELED,UNVERIFIED,,,,,,19.25,LOW,NON_INDUSTRIAL_RURAL,ROUTINE_MONITORING_RECOMMENDED
1051,12.46898,76.89813,330.39,296.43,2026-09-27,0803,1.13,nominal,0.6,D,N,VIIRS,near_real_time,Karnataka,SOUTH_CORRIDOR,False,231022.0,MRPL Mangalore Refinery,oil_refinery,national_mrpl_mangalore_refin,NON_INDUSTRIAL_RURAL,0.1,CLUSTER_526,0.017,1,58,False,33.95999999999998,,UNLABELED,UNVERIFIED,,,,,,18.7,LOW,NON_INDUSTRIAL_RURAL,ROUTINE_MONITORING_RECOMMENDED
1052,12.61891,76.42545,338.88,297.69,2026-09-27,0803,8.58,nominal,0.6,D,N,VIIRS,near_real_time,Karnataka,SOUTH_CORRIDOR,False,177196.2,MRPL Mangalore Refinery,oil_refinery,national_mrpl_mangalore_refin,NON_INDUSTRIAL_RURAL,0.1,CLUSTER_527,0.017,1,58,False,41.19,,UNLABELED,UNVERIFIED,,,,,,21.64,LOW,NON_INDUSTRIAL_RURAL,ROUTINE_MONITORING_RECOMMENDED
1053,12.85541,79.9435,331.92,304.72,2026-09-27,0803,6.01,low,0.2,D,N,VIIRS,near_real_time,Tamil Nadu,SOUTH_CORRIDOR,False,48315.3,CPCL Manali Refinery Complex,oil_refinery,national_cpcl_manali_refinery,NON_INDUSTRIAL_RURAL,0.1,CLUSTER_528,0.017,1,58,False,27.19999999999999,,UNLABELED,UNVERIFIED,,,,,,20.1,LOW,NON_INDUSTRIAL_RURAL,ROUTINE_MONITORING_RECOMMENDED
1054,12.91411,79.43739,331.86,305.1,2026-09-27,0803,3.2,low,0.2,D,N,VIIRS,near_real_time,Tamil Nadu,SOUTH_CORRIDOR,False,93597.5,CPCL Manali Refinery Complex,oil_refinery,national_cpcl_manali_refinery,NON_INDUSTRIAL_RURAL,0.1,CLUSTER_529,0.017,1,58,False,26.75999999999999,,UNLABELED,UNVERIFIED,,,,,,19.41,LOW,NON_INDUSTRIAL_RURAL,ROUTINE_MONITORING_RECOMMENDED
1055,13.04884,78.28677,331.24,302.09,2026-09-27,0803,3.08,low,0.2,D,N,VIIRS,near_real_time,Karnataka,SOUTH_CORRIDOR,False,214488.0,CPCL Manali Refinery Complex,oil_refinery,national_cpcl_manali_refinery,NON_INDUSTRIAL_RURAL,0.1,CLUSTER_530,0.017,1,58,False,29.150000000000034,,UNLABELED,UNVERIFIED,,,,,,19.29,LOW,NON_INDUSTRIAL_RURAL,ROUTINE_MONITORING_RECOMMENDED
1056,13.54036,78.27871,339.32,299.53,2026-09-27,0803,2.9,nominal,0.6,D,N,VIIRS,near_real_time,Karnataka,SOUTH_CORRIDOR,False,218898.8,CPCL Manali Refinery Complex,oil_refinery,national_cpcl_manali_refinery,NON_INDUSTRIAL_RURAL,0.1,CLUSTER_531,0.017,1,58,False,39.79000000000002,,UNLABELED,UNVERIFIED,,,,,,20.31,LOW,NON_INDUSTRIAL_RURAL,ROUTINE_MONITORING_RECOMMENDED
1057,13.5895,76.5459,330.19,303.5,2026-09-27,0803,7.42,low,0.2,D,N,VIIRS,near_real_time,Karnataka,SOUTH_CORRIDOR,False,196640.6,MRPL Mangalore Refinery,oil_refinery,national_mrpl_mangalore_refin,NON_INDUSTRIAL_RURAL,0.1,CLUSTER_532,0.017,1,58,False,26.689999999999998,,UNLABELED,UNVERIFIED,,,,,,20.22,LOW,NON_INDUSTRIAL_RURAL,ROUTINE_MONITORING_RECOMMENDED
1058,13.61178,77.54372,336.01,304.58,2026-09-27,0803,6.02,nominal,0.6,D,N,VIIRS,near_real_time,Karnataka,SOUTH_CORRIDOR,False,298508.4,CPCL Manali Refinery Complex,oil_refinery,national_cpcl_manali_refinery,NON_INDUSTRIAL_RURAL,0.1,CLUSTER_533,0.017,1,58,False,31.430000000000007,,UNLABELED,UNVERIFIED,,,,,,20.64,LOW,NON_INDUSTRIAL_RURAL,ROUTINE_MONITORING_RECOMMENDED
1059,14.02682,80.01064,336.49,302.34,2026-09-27,0803,2.83,nominal,0.6,D,N,VIIRS,near_real_time,Andhra Pradesh,SOUTH_CORRIDOR,False,99713.7,CPCL Manali Refinery Complex,oil_refinery,national_cpcl_manali_refinery,NON_INDUSTRIAL_RURAL,0.1,CLUSTER_534,0.017,1,58,False,34.150000000000034,,UNLABELED,UNVERIFIED,,,,,,19.92,LOW,NON_INDUSTRIAL_RURAL,ROUTINE_MONITORING_RECOMMENDED
1060,14.07622,79.9197,336.35,304.54,2026-09-27,0803,3.84,nominal,0.6,D,N,VIIRS,near_real_time,Andhra Pradesh,SOUTH_CORRIDOR,False,108020.6,CPCL Manali Refinery Complex,oil_refinery,national_cpcl_manali_refinery,NON_INDUSTRIAL_RURAL,0.1,CLUSTER_535,0.017,1,58,False,31.810000000000002,,UNLABELED,UNVERIFIED,,,,,,20.16,LOW,NON_INDUSTRIAL_RURAL,ROUTINE_MONITORING_RECOMMENDED
1061,14.38685,77.63537,342.05,301.32,2026-09-27,0803,5.77,nominal,0.6,D,N,VIIRS,near_real_time,Andhra Pradesh,SOUTH_CORRIDOR,False,314888.0,CPCL Manali Refinery Complex,oil_refinery,national_cpcl_manali_refinery,NON_INDUSTRIAL_RURAL,0.1,CLUSTER_536,0.017,1,58,False,40.73000000000002,,UNLABELED,UNVERIFIED,,,,,,21.38,LOW,NON_INDUSTRIAL_RURAL,ROUTINE_MONITORING_RECOMMENDED
1062,14.52014,76.49529,333.71,305.92,2026-09-27,0803,3.06,low,0.2,D,N,VIIRS,near_real_time,Andhra Pradesh,SOUTH_CORRIDOR,False,246923.3,MRPL Mangalore Refinery,oil_refinery,national_mrpl_mangalore_refin,NON_INDUSTRIAL_RURAL,0.1,CLUSTER_537,0.017,1,58,False,27.789999999999964,,UNLABELED,UNVERIFIED,,,,,,19.61,LOW,NON_INDUSTRIAL_RURAL,ROUTINE_MONITORING_RECOMMENDED
1063,14.53542,75.52219,335.99,304.73,2026-09-27,0803,2.9,nominal,0.6,D,N,VIIRS,near_real_time,Andhra Pradesh,SOUTH_CORRIDOR,False,186734.4,MRPL Mangalore Refinery,oil_refinery,national_mrpl_mangalore_refin,NON_INDUSTRIAL_RURAL,0.1,CLUSTER_538,0.017,1,58,False,31.25999999999999,,UNLABELED,UNVERIFIED,,,,,,19.87,LOW,NON_INDUSTRIAL_RURAL,ROUTINE_MONITORING_RECOMMENDED
1064,14.95044,75.54668,340.9,312.47,2026-09-27,0803,6.31,low,0.2,D,N,VIIRS,near_real_time,Andhra Pradesh,SOUTH_CORRIDOR,False,230636.5,MRPL Mangalore Refinery,oil_refinery,national_mrpl_mangalore_refin,NON_INDUSTRIAL_RURAL,0.1,CLUSTER_539,0.017,1,58,False,28.42999999999995,,UNLABELED,UNVERIFIED,,,,,,21.35,LOW,NON_INDUSTRIAL_RURAL,ROUTINE_MONITORING_RECOMMENDED
1065,15.11195,78.5151,338.99,300.99,2026-09-27,0803,3.69,low,0.2,D,N,VIIRS,near_real_time,Andhra Pradesh,SOUTH_CORRIDOR,False,287284.7,CPCL Manali Refinery Complex,oil_refinery,national_cpcl_manali_refinery,NON_INDUSTRIAL_RURAL,0.1,CLUSTER_540,0.017,1,58,False,38.0,,UNLABELED,UNVERIFIED,,,,,,20.46,LOW,NON_INDUSTRIAL_RURAL,ROUTINE_MONITORING_RECOMMENDED
1066,15.18176,76.66758,330.97,301.52,2026-09-27,0803,3.01,low,0.2,D,N,VIIRS,near_real_time,Andhra Pradesh,SOUTH_CORRIDOR,False,313453.6,MRPL Mangalore Refinery,oil_refinery,national_mrpl_mangalore_refin,NON_INDUSTRIAL_RURAL,0.1,CLUSTER_541,0.034,2,58,False,29.450000000000045,,UNLABELED,UNVERIFIED,,,,,,23.19,LOW,NON_INDUSTRIAL_RURAL,ROUTINE_MONITORING_RECOMMENDED
1067,15.18515,76.64199,330.19,301.71,2026-09-27,0803,2.36,low,0.2,D,N,VIIRS,near_real_time,Andhra Pradesh,SOUTH_CORRIDOR,False,312013.1,MRPL Mangalore Refinery,oil_refinery,national_mrpl_mangalore_refin,NON_INDUSTRIAL_RURAL,0.1,CLUSTER_542,0.017,1,58,False,28.480000000000018,,UNLABELED,UNVERIFIED,,,,,,18.98,LOW,NON_INDUSTRIAL_RURAL,ROUTINE_MONITORING_RECOMMENDED
1068,15.21196,79.79091,339.08,307.1,2026-09-27,0803,2.9,nominal,0.6,D,N,VIIRS,near_real_time,Andhra Pradesh,SOUTH_CORRIDOR,False,233273.1,CPCL Manali Refinery Complex,oil_refinery,national_cpcl_manali_refinery,NON_INDUSTRIAL_RURAL,0.1,CLUSTER_543,0.017,1,58,False,31.97999999999996,,UNLABELED,UNVERIFIED,,,,,,20.28,LOW,NON_INDUSTRIAL_RURAL,ROUTINE_MONITORING_RECOMMENDED
1069,15.47752,79.99228,333.81,303.83,2026-09-27,0803,1.61,low,0.2,D,N,VIIRS,near_real_time,Andhra Pradesh,SOUTH_CORRIDOR,False,258760.6,CPCL Manali Refinery Complex,oil_refinery,national_cpcl_manali_refinery,NON_INDUSTRIAL_RURAL,0.1,CLUSTER_544,0.017,1,58,False,29.980000000000018,,UNLABELED,UNVERIFIED,,,,,,19.27,LOW,NON_INDUSTRIAL_RURAL,ROUTINE_MONITORING_RECOMMENDED
1070,15.98529,80.039,334.04,304.32,2026-09-27,0803,1.45,low,0.2,D,N,VIIRS,near_real_time,Andhra Pradesh,SOUTH_CORRIDOR,False,314472.8,CPCL Manali Refinery Complex,oil_refinery,national_cpcl_manali_refinery,NON_INDUSTRIAL_RURAL,0.1,CLUSTER_545,0.017,1,58,False,29.720000000000027,,UNLABELED,UNVERIFIED,,,,,,19.26,LOW,NON_INDUSTRIAL_RURAL,ROUTINE_MONITORING_RECOMMENDED
1071,16.4436,79.54992,333.55,307.38,2026-09-27,0803,2.3,low,0.2,D,N,VIIRS,near_real_time,Andhra Pradesh,SOUTH_CORRIDOR,False,372566.8,CPCL Manali Refinery Complex,oil_refinery,national_cpcl_manali_refinery,NON_INDUSTRIAL_RURAL,0.1,CLUSTER_546,0.017,1,58,False,26.170000000000016,,UNLABELED,UNVERIFIED,,,,,,19.41,LOW,NON_INDUSTRIAL_RURAL,ROUTINE_MONITORING_RECOMMENDED
1072,16.66468,79.20053,332.31,302.82,2026-09-27,0803,1.89,low,0.2,D,N,VIIRS,near_real_time,Andhra Pradesh,SOUTH_CORRIDOR,False,405620.5,CPCL Manali Refinery Complex,oil_refinery,national_cpcl_manali_refinery,NON_INDUSTRIAL_RURAL,0.1,CLUSTER_547,0.017,1,58,False,29.49000000000001,,UNLABELED,UNVERIFIED,,,,,,19.14,LOW,NON_INDUSTRIAL_RURAL,ROUTINE_MONITORING_RECOMMENDED
1073,16.80392,79.2835,333.32,305.6,2026-09-27,0803,1.41,nominal,0.6,D,N,VIIRS,near_real_time,Andhra Pradesh,SOUTH_CORRIDOR,False,418141.5,CPCL Manali Refinery Complex,oil_refinery,national_cpcl_manali_refinery,NON_INDUSTRIAL_RURAL,0.1,CLUSTER_548,0.017,1,58,False,27.71999999999997,,UNLABELED,UNVERIFIED,,,,,,19.15,LOW,NON_INDUSTRIAL_RURAL,ROUTINE_MONITORING_RECOMMENDED
1074,16.94299,79.36913,336.4,307.2,2026-09-27,0803,3.65,nominal,0.6,D,N,VIIRS,near_real_time,Andhra Pradesh,SOUTH_CORRIDOR,False,430958.0,CPCL Manali Refinery Complex,oil_refinery,national_cpcl_manali_refinery,NON_INDUSTRIAL_RURAL,0.1,CLUSTER_549,0.017,1,58,False,29.19999999999999,,UNLABELED,UNVERIFIED,,,,,,20.11,LOW,NON_INDUSTRIAL_RURAL,ROUTINE_MONITORING_RECOMMENDED
1075,17.15659,79.45639,337.93,305.78,2026-09-27,0803,2.3,nominal,0.6,D,N,VIIRS,near_real_time,Andhra Pradesh,SOUTH_CORRIDOR,False,406179.0,HPCL Visakhapatnam Refinery,oil_refinery,national_hpcl_visakhapatnam_r,NON_INDUSTRIAL_RURAL,0.1,CLUSTER_550,0.017,1,58,False,32.150000000000034,,UNLABELED,UNVERIFIED,,,,,,19.97,LOW,NON_INDUSTRIAL_RURAL,ROUTINE_MONITORING_RECOMMENDED
1076,17.3271,74.90586,331.88,301.01,2026-09-27,0803,2.13,nominal,0.6,D,N,VIIRS,near_real_time,Andhra Pradesh,SOUTH_CORRIDOR,False,252813.8,Rasayani Petrochemical Complex,chemical_petrochemical,national_rasayani_petrochemic,NON_INDUSTRIAL_RURAL,0.1,CLUSTER_551,0.017,1,58,False,30.870000000000005,,UNLABELED,UNVERIFIED,,,,,,19.14,LOW,NON_INDUSTRIAL_RURAL,ROUTINE_MONITORING_RECOMMENDED
1077,17.76271,73.14517,333.98,298.12,2026-09-27,0803,4.05,nominal,0.6,D,N,VIIRS,near_real_time,Western India,ALL_INDIA,False,125821.0,Rasayani Petrochemical Complex,chemical_petrochemical,national_rasayani_petrochemic,NON_INDUSTRIAL_RURAL,0.1,CLUSTER_552,0.017,1,58,False,35.860000000000014,,UNLABELED,UNVERIFIED,,,,,,19.89,LOW,NON_INDUSTRIAL_RURAL,ROUTINE_MONITORING_RECOMMENDED
1078,18.19122,74.60756,342.96,306.25,2026-09-27,0803,1.7,nominal,0.6,D,N,VIIRS,near_real_time,Maharashtra,WEST_MAHARASHTRA,False,170176.5,Rasayani Petrochemical Complex,chemical_petrochemical,national_rasayani_petrochemic,NON_INDUSTRIAL_RURAL,0.1,CLUSTER_553,0.017,1,58,False,36.70999999999998,,UNLABELED,UNVERIFIED,,,,,,20.5,LOW,NON_INDUSTRIAL_RURAL,ROUTINE_MONITORING_RECOMMENDED
1079,18.7732,78.37338,331.34,301.83,2026-09-27,0803,2.57,low,0.2,D,N,VIIRS,near_real_time,Central India,ALL_INDIA,False,412063.8,SAIL Bhilai Steel Plant,steel_and_heavy_industry,national_sail_bhilai_steel_pl,NON_INDUSTRIAL_RURAL,0.1,CLUSTER_554,0.017,1,58,False,29.50999999999999,,UNLABELED,UNVERIFIED,,,,,,19.18,LOW,NON_INDUSTRIAL_RURAL,ROUTINE_MONITORING_RECOMMENDED
1080,19.09927,82.16883,334.9,300.62,2026-09-27,0803,4.18,nominal,0.6,D,N,VIIRS,near_real_time,Central India,ALL_INDIA,False,193172.8,HPCL Visakhapatnam Refinery,oil_refinery,national_hpcl_visakhapatnam_r,NON_INDUSTRIAL_RURAL,0.1,CLUSTER_555,0.034,2,58,False,34.27999999999997,,UNLABELED,UNVERIFIED,,,,,,20.04,LOW,NON_INDUSTRIAL_RURAL,ROUTINE_MONITORING_RECOMMENDED
1081,19.10271,82.1683,332.41,301.78,2026-09-27,0803,3.63,nominal,0.6,D,N,VIIRS,near_real_time,Central India,ALL_INDIA,False,193514.4,HPCL Visakhapatnam Refinery,oil_refinery,national_hpcl_visakhapatnam_r,NON_INDUSTRIAL_RURAL,0.1,CLUSTER_555,0.034,2,58,False,30.630000000000052,,UNLABELED,UNVERIFIED,,,,,,20.04,LOW,NON_INDUSTRIAL_RURAL,ROUTINE_MONITORING_RECOMMENDED
1082,19.81966,75.22894,331.52,306.02,2026-09-27,0805,4.81,low,0.2,D,N,VIIRS,near_real_time,Central India,ALL_INDIA,False,135049.2,Unnamed Industrial Facility,general_industry,way/251333185,NON_INDUSTRIAL_RURAL,0.1,CLUSTER_556,0.017,1,58,False,25.5,,UNLABELED,UNVERIFIED,,,,,,19.75,LOW,NON_INDUSTRIAL_RURAL,ROUTINE_MONITORING_RECOMMENDED
1083,20.77355,75.49931,335.92,305.71,2026-09-27,0805,6.37,nominal,0.6,D,N,VIIRS,near_real_time,Central India,ALL_INDIA,False,167145.7,Unnamed Industrial Facility,general_industry,way/1486793039,NON_INDUSTRIAL_RURAL,0.1,CLUSTER_557,0.017,1,58,False,30.210000000000036,,UNLABELED,UNVERIFIED,,,,,,20.71,LOW,NON_INDUSTRIAL_RURAL,ROUTINE_MONITORING_RECOMMENDED
1084,20.78714,85.2606,330.62,301.79,2026-09-27,0805,6.31,low,0.2,D,N,VIIRS,near_real_time,Odisha,EAST_MINERAL_BELT,False,152299.4,IOCL Paradip Refinery Complex,oil_refinery,national_iocl_paradip_refiner,NON_INDUSTRIAL_RURAL,0.1,CLUSTER_558,0.052,3,58,False,28.829999999999984,,UNLABELED,UNVERIFIED,,,,,,22.76,LOW,NON_INDUSTRIAL_RURAL,ROUTINE_MONITORING_RECOMMENDED
1085,20.79492,85.25546,335.6,301.04,2026-09-27,0805,6.52,nominal,0.6,D,N,VIIRS,near_real_time,Odisha,EAST_MINERAL_BELT,False,153108.8,IOCL Paradip Refinery Complex,oil_refinery,national_iocl_paradip_refiner,NON_INDUSTRIAL_RURAL,0.1,CLUSTER_558,0.052,3,58,False,34.56,,UNLABELED,UNVERIFIED,,,,,,22.76,LOW,NON_INDUSTRIAL_RURAL,ROUTINE_MONITORING_RECOMMENDED
1086,20.86589,84.98924,334.04,301.87,2026-09-27,0805,3.97,nominal,0.6,D,N,VIIRS,near_real_time,Odisha,EAST_MINERAL_BELT,False,150407.7,SAIL Rourkela Steel Plant,steel_and_heavy_industry,national_sail_rourkela_steel_,NON_INDUSTRIAL_RURAL,0.1,CLUSTER_559,0.034,2,58,False,32.170000000000016,,UNLABELED,UNVERIFIED,,,,,,21.95,LOW,NON_INDUSTRIAL_RURAL,ROUTINE_MONITORING_RECOMMENDED
1087,20.87042,84.99252,330.99,301.25,2026-09-27,0805,3.97,low,0.2,D,N,VIIRS,near_real_time,Odisha,EAST_MINERAL_BELT,False,149933.8,SAIL Rourkela Steel Plant,steel_and_heavy_industry,national_sail_rourkela_steel_,NON_INDUSTRIAL_RURAL,0.1,CLUSTER_559,0.034,2,58,False,29.74000000000001,,UNLABELED,UNVERIFIED,,,,,,21.95,LOW,NON_INDUSTRIAL_RURAL,ROUTINE_MONITORING_RECOMMENDED
1088,20.88575,84.98274,335.81,301.97,2026-09-27,0805,5.28,nominal,0.6,D,N,VIIRS,near_real_time,Odisha,EAST_MINERAL_BELT,False,148152.6,SAIL Rourkela Steel Plant,steel_and_heavy_industry,national_sail_rourkela_steel_,NON_INDUSTRIAL_RURAL,0.1,CLUSTER_560,0.034,2,58,False,33.839999999999975,,UNLABELED,UNVERIFIED,,,,,,20.43,LOW,NON_INDUSTRIAL_RURAL,ROUTINE_MONITORING_RECOMMENDED
1089,20.95147,86.04564,334.05,299.83,2026-09-27,0805,5.38,nominal,0.6,D,N,VIIRS,near_real_time,Odisha,EAST_MINERAL_BELT,False,94786.9,IOCL Paradip Refinery Complex,oil_refinery,national_iocl_paradip_refiner,NON_INDUSTRIAL_RURAL,0.1,CLUSTER_561,0.034,2,58,False,34.22000000000003,,UNLABELED,UNVERIFIED,,,,,,20.23,LOW,NON_INDUSTRIAL_RURAL,ROUTINE_MONITORING_RECOMMENDED
1090,20.96484,86.00793,345.41,299.75,2026-09-27,0805,11.19,nominal,0.6,D,N,VIIRS,near_real_time,Odisha,EAST_MINERAL_BELT,False,98457.6,IOCL Paradip Refinery Complex,oil_refinery,national_iocl_paradip_refiner,NON_INDUSTRIAL_RURAL,0.1,CLUSTER_562,0.034,2,58,False,45.660000000000025,,UNLABELED,UNVERIFIED,,,,,,23.14,LOW,NON_INDUSTRIAL_RURAL,ROUTINE_MONITORING_RECOMMENDED
1091,20.96488,85.16537,331.05,300.83,2026-09-27,0805,6.53,nominal,0.6,D,N,VIIRS,near_real_time,Odisha,EAST_MINERAL_BELT,False,142200.0,SAIL Rourkela Steel Plant,steel_and_heavy_industry,national_sail_rourkela_steel_,NON_INDUSTRIAL_RURAL,0.1,CLUSTER_563,0.052,3,58,False,30.220000000000027,,UNLABELED,UNVERIFIED,,,,,,23.07,LOW,NON_INDUSTRIAL_RURAL,ROUTINE_MONITORING_RECOMMENDED
1092,20.96969,86.01184,343.34,299.01,2026-09-27,0805,6.85,nominal,0.6,D,N,VIIRS,near_real_time,Odisha,EAST_MINERAL_BELT,False,98601.9,IOCL Paradip Refinery Complex,oil_refinery,national_iocl_paradip_refiner,NON_INDUSTRIAL_RURAL,0.1,CLUSTER_562,0.034,2,58,False,44.329999999999984,,UNLABELED,UNVERIFIED,,,,,,23.14,LOW,NON_INDUSTRIAL_RURAL,ROUTINE_MONITORING_RECOMMENDED
1093,20.97807,85.13587,330.51,300.66,2026-09-27,0805,2.63,low,0.2,D,N,VIIRS,near_real_time,Odisha,EAST_MINERAL_BELT,False,140140.0,SAIL Rourkela Steel Plant,steel_and_heavy_industry,national_sail_rourkela_steel_,NON_INDUSTRIAL_RURAL,0.1,CLUSTER_564,0.034,2,58,False,29.849999999999966,,UNLABELED,UNVERIFIED,,,,,,19.3,LOW,NON_INDUSTRIAL_RURAL,ROUTINE_MONITORING_RECOMMENDED
1094,21.10106,72.63535,342.63,297.49,2026-09-27,0805,7.08,nominal,0.6,D,N,VIIRS,near_real_time,Gujarat,WEST_GUJARAT,False,36.3,ArcelorMittal Nippon Steel India,works,way/104647203,NEARBY_INDUSTRIAL_BUFFER,0.8,CLUSTER_009,0.345,20,58,True,45.139999999999986,,UNLABELED,UNVERIFIED,,,,,,79.34,HIGH,ELEVATED_THERMAL_ACTIVITY,ESCALATED_INVESTIGATION_RECOMMENDED
1095,21.10286,72.64456,341.86,293.72,2026-09-27,0805,11.04,nominal,0.6,D,N,VIIRS,near_real_time,Gujarat,WEST_GUJARAT,False,26.6,ArcelorMittal Nippon Steel India,works,way/104647203,NEARBY_INDUSTRIAL_BUFFER,0.8,CLUSTER_009,0.345,20,58,True,48.139999999999986,,UNLABELED,UNVERIFIED,,,,,,79.34,HIGH,ELEVATED_THERMAL_ACTIVITY,ESCALATED_INVESTIGATION_RECOMMENDED
1096,21.10815,72.64819,331.45,300.04,2026-09-27,0805,7.85,nominal,0.6,D,N,VIIRS,near_real_time,Gujarat,WEST_GUJARAT,True,0.0,ArcelorMittal Nippon Steel India,works,way/104647203,INSIDE_INDUSTRIAL_ZONE,1.0,CLUSTER_009,0.345,20,58,True,31.409999999999968,,UNLABELED,UNVERIFIED,,,,,,79.34,HIGH,ELEVATED_THERMAL_ACTIVITY,ESCALATED_INVESTIGATION_RECOMMENDED
1097,21.7473,83.84081,334.01,297.78,2026-09-27,0805,4.35,nominal,0.6,D,N,VIIRS,near_real_time,Odisha,EAST_MINERAL_BELT,False,117798.3,SAIL Rourkela Steel Plant,steel_and_heavy_industry,national_sail_rourkela_steel_,NON_INDUSTRIAL_RURAL,0.1,CLUSTER_145,0.069,4,58,False,36.23000000000002,,UNLABELED,UNVERIFIED,,,,,,20.45,LOW,NON_INDUSTRIAL_RURAL,ROUTINE_MONITORING_RECOMMENDED
1098,21.74979,83.84292,329.87,297.22,2026-09-27,0805,5.65,nominal,0.6,D,N,VIIRS,near_real_time,Odisha,EAST_MINERAL_BELT,False,117479.7,SAIL Rourkela Steel Plant,steel_and_heavy_industry,national_sail_rourkela_steel_,NON_INDUSTRIAL_RURAL,0.1,CLUSTER_145,0.069,4,58,False,32.64999999999998,,UNLABELED,UNVERIFIED,,,,,,20.45,LOW,NON_INDUSTRIAL_RURAL,ROUTINE_MONITORING_RECOMMENDED
1099,21.75286,83.97517,330.08,298.34,2026-09-27,0805,5.56,nominal,0.6,D,N,VIIRS,near_real_time,Odisha,EAST_MINERAL_BELT,False,105251.7,SAIL Rourkela Steel Plant,steel_and_heavy_industry,national_sail_rourkela_steel_,NON_INDUSTRIAL_RURAL,0.1,CLUSTER_565,0.034,2,58,False,31.74000000000001,,UNLABELED,UNVERIFIED,,,,,,20.64,LOW,NON_INDUSTRIAL_RURAL,ROUTINE_MONITORING_RECOMMENDED
1100,21.75564,83.84485,334.39,297.92,2026-09-27,0805,5.6,nominal,0.6,D,N,VIIRS,near_real_time,Odisha,EAST_MINERAL_BELT,False,117012.3,SAIL Rourkela Steel Plant,steel_and_heavy_industry,national_sail_rourkela_steel_,NON_INDUSTRIAL_RURAL,0.1,CLUSTER_145,0.069,4,58,False,36.46999999999997,,UNLABELED,UNVERIFIED,,,,,,20.45,LOW,NON_INDUSTRIAL_RURAL,ROUTINE_MONITORING_RECOMMENDED
1101,22.03977,83.72811,340.71,299.2,2026-09-27,0805,7.17,nominal,0.6,D,N,VIIRS,near_real_time,Odisha,EAST_MINERAL_BELT,False,118694.5,SAIL Rourkela Steel Plant,steel_and_heavy_industry,national_sail_rourkela_steel_,NON_INDUSTRIAL_RURAL,0.1,CLUSTER_150,0.086,5,58,False,41.50999999999999,,UNLABELED,UNVERIFIED,,,,,,21.54,LOW,NON_INDUSTRIAL_RURAL,ROUTINE_MONITORING_RECOMMENDED
1102,22.20943,84.86111,329.7,300.39,2026-09-27,0805,3.85,low,0.2,D,N,VIIRS,near_real_time,Jharkhand,EAST_MINERAL_BELT,False,842.0,SAIL Rourkela Steel Plant,steel_and_heavy_industry,national_sail_rourkela_steel_,NEARBY_INDUSTRIAL_BUFFER,0.8,CLUSTER_566,0.034,2,58,False,29.310000000000002,,UNLABELED,UNVERIFIED,,,,,,48.95,MODERATE,RECURRING_INTERMITTENT_HEAT,ANALYST_REVIEW_RECOMMENDED
1103,22.21492,84.87234,330.08,300.1,2026-09-27,0805,4.82,low,0.2,D,N,VIIRS,near_real_time,Jharkhand,EAST_MINERAL_BELT,True,0.0,SAIL Rourkela Steel Plant,steel_and_heavy_industry,national_sail_rourkela_steel_,INSIDE_INDUSTRIAL_ZONE,1.0,CLUSTER_566,0.034,2,58,False,29.97999999999996,,UNLABELED,UNVERIFIED,,,,,,48.95,MODERATE,RECURRING_INTERMITTENT_HEAT,ANALYST_REVIEW_RECOMMENDED
1104,22.3769,87.2827,330.59,297.39,2026-09-27,0805,9.15,nominal,0.6,D,N,VIIRS,near_real_time,West Bengal,EAST_MINERAL_BELT,False,89138.9,Haldia Petrochemicals Complex,chemical_petrochemical,national_haldia_petrochemical,NON_INDUSTRIAL_RURAL,0.1,CLUSTER_567,0.034,2,58,False,33.19999999999999,,UNLABELED,UNVERIFIED,,,,,,22.66,LOW,NON_INDUSTRIAL_RURAL,ROUTINE_MONITORING_RECOMMENDED
1105,22.37714,87.27924,335.52,297.12,2026-09-27,0805,6.29,nominal,0.6,D,N,VIIRS,near_real_time,West Bengal,EAST_MINERAL_BELT,False,89475.4,Haldia Petrochemicals Complex,chemical_petrochemical,national_haldia_petrochemical,NON_INDUSTRIAL_RURAL,0.1,CLUSTER_567,0.034,2,58,False,38.39999999999998,,UNLABELED,UNVERIFIED,,,,,,22.66,LOW,NON_INDUSTRIAL_RURAL,ROUTINE_MONITORING_RECOMMENDED
1106,22.55833,75.41496,330.08,304.14,2026-09-27,0805,1.44,low,0.2,D,N,VIIRS,near_real_time,Central India,ALL_INDIA,False,154796.4,Unnamed Industrial Facility,depot,way/1278600800,NON_INDUSTRIAL_RURAL,0.1,CLUSTER_568,0.017,1,58,False,25.939999999999998,,UNLABELED,UNVERIFIED,,,,,,18.74,LOW,NON_INDUSTRIAL_RURAL,ROUTINE_MONITORING_RECOMMENDED
1107,22.605,75.44363,333.18,304.47,2026-09-27,0805,2.73,nominal,0.6,D,N,VIIRS,near_real_time,Central India,ALL_INDIA,False,157261.4,Unnamed Industrial Facility,depot,way/1278600800,NON_INDUSTRIAL_RURAL,0.1,CLUSTER_569,0.017,1,58,False,28.70999999999998,,UNLABELED,UNVERIFIED,,,,,,19.46,LOW,NON_INDUSTRIAL_RURAL,ROUTINE_MONITORING_RECOMMENDED
1108,22.69785,75.73141,332.61,305.99,2026-09-27,0805,1.91,low,0.2,D,N,VIIRS,near_real_time,Central India,ALL_INDIA,False,185971.3,Unnamed Industrial Facility,general_industry,way/659900492,NON_INDUSTRIAL_RURAL,0.1,CLUSTER_570,0.017,1,58,False,26.620000000000005,,UNLABELED,UNVERIFIED,,,,,,19.18,LOW,NON_INDUSTRIAL_RURAL,ROUTINE_MONITORING_RECOMMENDED
1109,22.72412,75.75379,330.32,304.05,2026-09-27,0805,1.17,low,0.2,D,N,VIIRS,near_real_time,Central India,ALL_INDIA,False,188051.7,Unnamed Industrial Facility,general_industry,way/659900492,NON_INDUSTRIAL_RURAL,0.1,CLUSTER_571,0.017,1,58,False,26.269999999999982,,UNLABELED,UNVERIFIED,,,,,,18.7,LOW,NON_INDUSTRIAL_RURAL,ROUTINE_MONITORING_RECOMMENDED
1110,22.77263,77.65042,331.49,303.11,2026-09-27,0805,3.23,low,0.2,D,N,VIIRS,near_real_time,Central India,ALL_INDIA,False,382158.9,Unnamed Industrial Facility,general_industry,way/659900492,NON_INDUSTRIAL_RURAL,0.1,CLUSTER_572,0.017,1,58,False,28.379999999999995,,UNLABELED,UNVERIFIED,,,,,,19.36,LOW,NON_INDUSTRIAL_RURAL,ROUTINE_MONITORING_RECOMMENDED
1111,22.7859,86.20767,329.82,300.3,2026-09-27,0805,6.75,low,0.2,D,N,VIIRS,near_real_time,Jharkhand,EAST_MINERAL_BELT,False,389.2,Tata Steel Jamshedpur Works,steel_and_heavy_industry,national_tata_steel_jamshedpu,NEARBY_INDUSTRIAL_BUFFER,0.8,CLUSTER_047,0.121,7,58,True,29.519999999999982,,UNLABELED,UNVERIFIED,,,,,,82.57,CRITICAL,SEVERE_THERMAL_ANOMALY,HIGH_PRIORITY_INVESTIGATION_REQUIRED
1112,22.7868,75.43302,338.51,306.56,2026-09-27,0805,3.29,nominal,0.6,D,N,VIIRS,near_real_time,Central India,ALL_INDIA,False,154866.2,Unnamed Industrial Facility,general_industry,way/659900492,NON_INDUSTRIAL_RURAL,0.1,CLUSTER_573,0.017,1,58,False,31.94999999999999,,UNLABELED,UNVERIFIED,,,,,,20.3,LOW,NON_INDUSTRIAL_RURAL,ROUTINE_MONITORING_RECOMMENDED
1113,22.78688,86.20416,330.95,300.55,2026-09-27,0805,5.64,nominal,0.6,D,N,VIIRS,near_real_time,Jharkhand,EAST_MINERAL_BELT,False,223.1,Tata Steel Jamshedpur Works,steel_and_heavy_industry,national_tata_steel_jamshedpu,NEARBY_INDUSTRIAL_BUFFER,0.8,CLUSTER_047,0.121,7,58,True,30.399999999999977,,UNLABELED,UNVERIFIED,,,,,,82.57,CRITICAL,SEVERE_THERMAL_ANOMALY,HIGH_PRIORITY_INVESTIGATION_REQUIRED
1114,22.81587,76.42957,334.95,306.45,2026-09-27,0805,2.25,nominal,0.6,D,N,VIIRS,near_real_time,Central India,ALL_INDIA,False,256939.8,Unnamed Industrial Facility,general_industry,way/659900492,NON_INDUSTRIAL_RURAL,0.1,CLUSTER_574,0.017,1,58,False,28.5,,UNLABELED,UNVERIFIED,,,,,,19.57,LOW,NON_INDUSTRIAL_RURAL,ROUTINE_MONITORING_RECOMMENDED
1115,22.93936,75.78203,332.78,306.59,2026-09-27,0805,1.78,nominal,0.6,D,N,VIIRS,near_real_time,Central India,ALL_INDIA,False,190939.0,Unnamed Industrial Facility,general_industry,way/659900492,NON_INDUSTRIAL_RURAL,0.1,CLUSTER_575,0.017,1,58,False,26.189999999999998,,UNLABELED,UNVERIFIED,,,,,,19.18,LOW,NON_INDUSTRIAL_RURAL,ROUTINE_MONITORING_RECOMMENDED
1116,22.98733,75.6756,334.54,305.79,2026-09-27,0805,3.2,low,0.2,D,N,VIIRS,near_real_time,Central India,ALL_INDIA,False,180499.3,Unnamed Industrial Facility,general_industry,way/659900492,NON_INDUSTRIAL_RURAL,0.1,CLUSTER_576,0.017,1,58,False,28.75,,UNLABELED,UNVERIFIED,,,,,,19.75,LOW,NON_INDUSTRIAL_RURAL,ROUTINE_MONITORING_RECOMMENDED
1117,23.00664,75.57074,331.86,305.84,2026-09-27,0805,1.45,nominal,0.6,D,N,VIIRS,near_real_time,Central India,ALL_INDIA,False,170053.9,Unnamed Industrial Facility,general_industry,way/659900492,NON_INDUSTRIAL_RURAL,0.1,CLUSTER_577,0.017,1,58,False,26.02000000000004,,UNLABELED,UNVERIFIED,,,,,,18.98,LOW,NON_INDUSTRIAL_RURAL,ROUTINE_MONITORING_RECOMMENDED
1118,23.00841,76.45298,335.75,306.1,2026-09-27,0805,2.38,nominal,0.6,D,N,VIIRS,near_real_time,Central India,ALL_INDIA,False,259989.3,Unnamed Industrial Facility,general_industry,way/659900492,NON_INDUSTRIAL_RURAL,0.1,CLUSTER_578,0.017,1,58,False,29.649999999999977,,UNLABELED,UNVERIFIED,,,,,,19.72,LOW,NON_INDUSTRIAL_RURAL,ROUTINE_MONITORING_RECOMMENDED
1119,23.01086,76.04304,331.38,305.32,2026-09-27,0805,1.77,low,0.2,D,N,VIIRS,near_real_time,Central India,ALL_INDIA,False,218189.5,Unnamed Industrial Facility,general_industry,way/659900492,NON_INDUSTRIAL_RURAL,0.1,CLUSTER_579,0.017,1,58,False,26.060000000000002,,UNLABELED,UNVERIFIED,,,,,,18.99,LOW,NON_INDUSTRIAL_RURAL,ROUTINE_MONITORING_RECOMMENDED
1120,23.10897,76.65594,330.69,305.17,2026-09-27,0805,1.96,low,0.2,D,N,VIIRS,near_real_time,Central India,ALL_INDIA,False,281660.3,Unnamed Industrial Facility,general_industry,way/659900492,NON_INDUSTRIAL_RURAL,0.1,CLUSTER_580,0.017,1,58,False,25.519999999999982,,UNLABELED,UNVERIFIED,,,,,,18.95,LOW,NON_INDUSTRIAL_RURAL,ROUTINE_MONITORING_RECOMMENDED
1121,23.15359,69.6377,353.4,300.26,2026-09-27,0805,5.26,nominal,0.6,D,N,VIIRS,near_real_time,Gujarat,WEST_GUJARAT,False,2765.1,Unnamed Industrial Facility,general_industry,way/1220582834,VICINITY_ZONE,0.4,CLUSTER_581,0.017,1,58,False,53.139999999999986,,UNLABELED,UNVERIFIED,,,,,,24.59,LOW,NON_INDUSTRIAL_RURAL,ROUTINE_MONITORING_RECOMMENDED
1122,23.20102,76.7266,332.06,305.75,2026-09-27,0805,1.92,low,0.2,D,N,VIIRS,near_real_time,Central India,ALL_INDIA,False,290063.8,Unnamed Industrial Facility,general_industry,way/659900492,NON_INDUSTRIAL_RURAL,0.1,CLUSTER_582,0.017,1,58,False,26.310000000000002,,UNLABELED,UNVERIFIED,,,,,,19.12,LOW,NON_INDUSTRIAL_RURAL,ROUTINE_MONITORING_RECOMMENDED
1123,23.21029,76.81641,338.88,307.15,2026-09-27,0805,4.71,nominal,0.6,D,N,VIIRS,near_real_time,Central India,ALL_INDIA,False,299297.3,Unnamed Industrial Facility,general_industry,way/659900492,NON_INDUSTRIAL_RURAL,0.1,CLUSTER_583,0.017,1,58,False,31.730000000000018,,UNLABELED,UNVERIFIED,,,,,,20.7,LOW,NON_INDUSTRIAL_RURAL,ROUTINE_MONITORING_RECOMMENDED
1124,23.27954,75.95929,336.63,305.3,2026-09-27,0805,2.35,nominal,0.6,D,N,VIIRS,near_real_time,Central India,ALL_INDIA,False,214524.7,Unnamed Industrial Facility,general_industry,way/659900492,NON_INDUSTRIAL_RURAL,0.1,CLUSTER_584,0.017,1,58,False,31.329999999999984,,UNLABELED,UNVERIFIED,,,,,,19.82,LOW,NON_INDUSTRIAL_RURAL,ROUTINE_MONITORING_RECOMMENDED
1125,23.28298,76.14919,330.14,303.82,2026-09-27,0805,1.0,low,0.2,D,N,VIIRS,near_real_time,Central India,ALL_INDIA,False,233524.4,Unnamed Industrial Facility,general_industry,way/659900492,NON_INDUSTRIAL_RURAL,0.1,CLUSTER_585,0.017,1,58,False,26.319999999999993,,UNLABELED,UNVERIFIED,,,,,,18.63,LOW,NON_INDUSTRIAL_RURAL,ROUTINE_MONITORING_RECOMMENDED
1126,23.42699,77.06773,330.45,305.37,2026-09-27,0805,2.41,low,0.2,D,N,VIIRS,near_real_time,Central India,ALL_INDIA,False,328591.3,Unnamed Industrial Facility,general_industry,way/659900492,NON_INDUSTRIAL_RURAL,0.1,CLUSTER_586,0.017,1,58,False,25.079999999999984,,UNLABELED,UNVERIFIED,,,,,,19.02,LOW,NON_INDUSTRIAL_RURAL,ROUTINE_MONITORING_RECOMMENDED
1127,23.68263,86.09346,334.09,296.54,2026-09-27,0805,6.1,nominal,0.6,D,N,VIIRS,near_real_time,Jharkhand,EAST_MINERAL_BELT,False,100289.9,Tata Steel Jamshedpur Works,steel_and_heavy_industry,national_tata_steel_jamshedpu,NON_INDUSTRIAL_RURAL,0.1,CLUSTER_162,0.069,4,58,False,37.549999999999955,,UNLABELED,UNVERIFIED,,,,,,22.79,LOW,NON_INDUSTRIAL_RURAL,ROUTINE_MONITORING_RECOMMENDED
1128,23.68662,86.08797,345.76,295.89,2026-09-27,0805,6.1,nominal,0.6,D,N,VIIRS,near_real_time,Jharkhand,EAST_MINERAL_BELT,False,100792.8,Tata Steel Jamshedpur Works,steel_and_heavy_industry,national_tata_steel_jamshedpu,NON_INDUSTRIAL_RURAL,0.1,CLUSTER_162,0.069,4,58,False,49.870000000000005,,UNLABELED,UNVERIFIED,,,,,,22.79,LOW,NON_INDUSTRIAL_RURAL,ROUTINE_MONITORING_RECOMMENDED
1129,23.75791,86.40195,330.43,294.37,2026-09-27,0805,5.66,nominal,0.6,D,N,VIIRS,near_real_time,Jharkhand,EAST_MINERAL_BELT,False,110012.8,Tata Steel Jamshedpur Works,steel_and_heavy_industry,national_tata_steel_jamshedpu,NON_INDUSTRIAL_RURAL,0.1,CLUSTER_170,0.069,4,58,False,36.06,,UNLABELED,UNVERIFIED,,,,,,20.81,LOW,NON_INDUSTRIAL_RURAL,ROUTINE_MONITORING_RECOMMENDED
1130,26.25638,68.88525,334.47,308.02,2026-09-27,0807,1.66,low,0.2,D,N,VIIRS,near_real_time,Western India,ALL_INDIA,False,235497.8,NTPC Khavda,general_industry,way/1336628395,NON_INDUSTRIAL_RURAL,0.1,CLUSTER_587,0.017,1,58,False,26.450000000000045,,UNLABELED,UNVERIFIED,,,,,,19.37,LOW,NON_INDUSTRIAL_RURAL,ROUTINE_MONITORING_RECOMMENDED
1131,28.06608,76.73059,336.43,305.01,2026-09-27,0807,2.96,nominal,0.6,D,N,VIIRS,near_real_time,Rajasthan,NORTH_NCR,False,18630.3,Bhiwadi RIICO Industrial Cluster,general_industry,national_bhiwadi_riico_indust,NON_INDUSTRIAL_RURAL,0.1,CLUSTER_588,0.017,1,58,False,31.420000000000016,,UNLABELED,UNVERIFIED,,,,,,19.94,LOW,NON_INDUSTRIAL_RURAL,ROUTINE_MONITORING_RECOMMENDED
1132,29.77544,74.83496,351.17,304.52,2026-09-27,0807,3.16,nominal,0.6,D,N,VIIRS,near_real_time,Northern India,ALL_INDIA,False,205069.9,IOCL Panipat Petrochemical Complex,oil_refinery,national_iocl_panipat_petroch,NON_INDUSTRIAL_RURAL,0.1,CLUSTER_589,0.017,1,58,False,46.650000000000034,,UNLABELED,UNVERIFIED,,,,,,23.89,LOW,NON_INDUSTRIAL_RURAL,ROUTINE_MONITORING_RECOMMENDED
1133,29.77887,74.83418,356.3,305.51,2026-09-27,0807,8.23,nominal,0.6,D,N,VIIRS,near_real_time,Northern India,ALL_INDIA,False,205216.1,IOCL Panipat Petrochemical Complex,oil_refinery,national_iocl_panipat_petroch,NON_INDUSTRIAL_RURAL,0.1,CLUSTER_589,0.017,1,58,False,50.79000000000002,,UNLABELED,UNVERIFIED,,,,,,23.89,LOW,NON_INDUSTRIAL_RURAL,ROUTINE_MONITORING_RECOMMENDED
1134,29.77961,74.83848,349.36,304.81,2026-09-27,0807,6.34,nominal,0.6,D,N,VIIRS,near_real_time,Northern India,ALL_INDIA,False,204824.4,IOCL Panipat Petrochemical Complex,oil_refinery,national_iocl_panipat_petroch,NON_INDUSTRIAL_RURAL,0.1,CLUSTER_589,0.017,1,58,False,44.55000000000001,,UNLABELED,UNVERIFIED,,,,,,23.89,LOW,NON_INDUSTRIAL_RURAL,ROUTINE_MONITORING_RECOMMENDED
1135,29.78035,74.84277,353.96,306.21,2026-09-27,0807,6.34,nominal,0.6,D,N,VIIRS,near_real_time,Northern India,ALL_INDIA,False,204433.8,IOCL Panipat Petrochemical Complex,oil_refinery,national_iocl_panipat_petroch,NON_INDUSTRIAL_RURAL,0.1,CLUSTER_589,0.017,1,58,False,47.75,,UNLABELED,UNVERIFIED,,,,,,23.89,LOW,NON_INDUSTRIAL_RURAL,ROUTINE_MONITORING_RECOMMENDED
1136,29.78109,74.84706,335.77,303.15,2026-09-27,0807,3.83,nominal,0.6,D,N,VIIRS,near_real_time,Northern India,ALL_INDIA,False,204043.3,IOCL Panipat Petrochemical Complex,oil_refinery,national_iocl_panipat_petroch,NON_INDUSTRIAL_RURAL,0.1,CLUSTER_589,0.017,1,58,False,32.620000000000005,,UNLABELED,UNVERIFIED,,,,,,23.89,LOW,NON_INDUSTRIAL_RURAL,ROUTINE_MONITORING_RECOMMENDED
1137,29.78303,74.83771,356.66,306.25,2026-09-27,0807,6.34,low,0.2,D,N,VIIRS,near_real_time,Northern India,ALL_INDIA,False,204970.4,IOCL Panipat Petrochemical Complex,oil_refinery,national_iocl_panipat_petroch,NON_INDUSTRIAL_RURAL,0.1,CLUSTER_589,0.017,1,58,False,50.410000000000025,,UNLABELED,UNVERIFIED,,,,,,23.89,LOW,NON_INDUSTRIAL_RURAL,ROUTINE_MONITORING_RECOMMENDED
1138,29.78377,74.842,356.7,305.58,2026-09-27,0807,6.34,low,0.2,D,N,VIIRS,near_real_time,Northern India,ALL_INDIA,False,204580.1,IOCL Panipat Petrochemical Complex,oil_refinery,national_iocl_panipat_petroch,NON_INDUSTRIAL_RURAL,0.1,CLUSTER_589,0.017,1,58,False,51.120000000000005,,UNLABELED,UNVERIFIED,,,,,,23.89,LOW,NON_INDUSTRIAL_RURAL,ROUTINE_MONITORING_RECOMMENDED
1139,29.78645,74.83694,348.31,305.18,2026-09-27,0807,3.56,nominal,0.6,D,N,VIIRS,near_real_time,Northern India,ALL_INDIA,False,205117.0,IOCL Panipat Petrochemical Complex,oil_refinery,national_iocl_panipat_petroch,NON_INDUSTRIAL_RURAL,0.1,CLUSTER_589,0.017,1,58,False,43.129999999999995,,UNLABELED,UNVERIFIED,,,,,,23.89,LOW,NON_INDUSTRIAL_RURAL,ROUTINE_MONITORING_RECOMMENDED
1140,29.78719,74.84122,342.34,303.43,2026-09-27,0807,3.56,nominal,0.6,D,N,VIIRS,near_real_time,Northern India,ALL_INDIA,False,204727.9,IOCL Panipat Petrochemical Complex,oil_refinery,national_iocl_panipat_petroch,NON_INDUSTRIAL_RURAL,0.1,CLUSTER_589,0.017,1,58,False,38.90999999999997,,UNLABELED,UNVERIFIED,,,,,,23.89,LOW,NON_INDUSTRIAL_RURAL,ROUTINE_MONITORING_RECOMMENDED
1141,29.96526,72.55949,333.77,300.67,2026-09-27,0807,3.84,nominal,0.6,D,N,VIIRS,near_real_time,Northern India,ALL_INDIA,False,425114.0,IOCL Panipat Petrochemical Complex,oil_refinery,national_iocl_panipat_petroch,NON_INDUSTRIAL_RURAL,0.1,CLUSTER_590,0.017,1,58,False,33.099999999999966,,UNLABELED,UNVERIFIED,,,,,,19.81,LOW,NON_INDUSTRIAL_RURAL,ROUTINE_MONITORING_RECOMMENDED
1142,30.04702,74.77593,347.32,305.06,2026-09-27,0807,4.57,nominal,0.6,D,N,VIIRS,near_real_time,Northern India,ALL_INDIA,False,218219.8,IOCL Panipat Petrochemical Complex,oil_refinery,national_iocl_panipat_petroch,NON_INDUSTRIAL_RURAL,0.1,CLUSTER_591,0.017,1,58,False,42.25999999999999,,UNLABELED,UNVERIFIED,,,,,,21.88,LOW,NON_INDUSTRIAL_RURAL,ROUTINE_MONITORING_RECOMMENDED
1143,30.04775,74.78024,343.54,305.03,2026-09-27,0807,4.89,nominal,0.6,D,N,VIIRS,near_real_time,Northern India,ALL_INDIA,False,217851.7,IOCL Panipat Petrochemical Complex,oil_refinery,national_iocl_panipat_petroch,NON_INDUSTRIAL_RURAL,0.1,CLUSTER_591,0.017,1,58,False,38.51000000000005,,UNLABELED,UNVERIFIED,,,,,,21.88,LOW,NON_INDUSTRIAL_RURAL,ROUTINE_MONITORING_RECOMMENDED
1144,30.04916,74.77635,338.94,304.29,2026-09-27,0807,5.03,nominal,0.6,D,N,VIIRS,near_real_time,Northern India,ALL_INDIA,False,218256.5,IOCL Panipat Petrochemical Complex,oil_refinery,national_iocl_panipat_petroch,NON_INDUSTRIAL_RURAL,0.1,CLUSTER_591,0.017,1,58,False,34.64999999999998,,UNLABELED,UNVERIFIED,,,,,,21.88,LOW,NON_INDUSTRIAL_RURAL,ROUTINE_MONITORING_RECOMMENDED
1145,30.12818,74.46119,349.25,303.21,2026-09-27,0807,16.15,nominal,0.6,D,N,VIIRS,near_real_time,Northern India,ALL_INDIA,False,249806.0,IOCL Panipat Petrochemical Complex,oil_refinery,national_iocl_panipat_petroch,NON_INDUSTRIAL_RURAL,0.1,CLUSTER_592,0.017,1,58,False,46.04000000000002,,UNLABELED,UNVERIFIED,,,,,,25.6,LOW,NON_INDUSTRIAL_RURAL,ROUTINE_MONITORING_RECOMMENDED
1146,30.13164,74.46039,354.94,306.11,2026-09-27,0807,16.15,nominal,0.6,D,N,VIIRS,near_real_time,Northern India,ALL_INDIA,False,249998.2,IOCL Panipat Petrochemical Complex,oil_refinery,national_iocl_panipat_petroch,NON_INDUSTRIAL_RURAL,0.1,CLUSTER_592,0.017,1,58,False,48.829999999999984,,UNLABELED,UNVERIFIED,,,,,,25.6,LOW,NON_INDUSTRIAL_RURAL,ROUTINE_MONITORING_RECOMMENDED
1147,30.13241,74.46478,347.38,303.0,2026-09-27,0807,16.1,nominal,0.6,D,N,VIIRS,near_real_time,Northern India,ALL_INDIA,False,249623.5,IOCL Panipat Petrochemical Complex,oil_refinery,national_iocl_panipat_petroch,NON_INDUSTRIAL_RURAL,0.1,CLUSTER_592,0.017,1,58,False,44.379999999999995,,UNLABELED,UNVERIFIED,,,,,,25.6,LOW,NON_INDUSTRIAL_RURAL,ROUTINE_MONITORING_RECOMMENDED
1148,30.25016,74.24969,340.94,303.44,2026-09-27,0807,4.33,nominal,0.6,D,N,VIIRS,near_real_time,Northern India,ALL_INDIA,False,273403.2,IOCL Panipat Petrochemical Complex,oil_refinery,national_iocl_panipat_petroch,NON_INDUSTRIAL_RURAL,0.1,CLUSTER_593,0.017,1,58,False,37.5,,UNLABELED,UNVERIFIED,,,,,,20.87,LOW,NON_INDUSTRIAL_RURAL,ROUTINE_MONITORING_RECOMMENDED
1149,30.25094,74.25415,336.75,303.16,2026-09-27,0807,2.92,nominal,0.6,D,N,VIIRS,near_real_time,Northern India,ALL_INDIA,False,273027.6,IOCL Panipat Petrochemical Complex,oil_refinery,national_iocl_panipat_petroch,NON_INDUSTRIAL_RURAL,0.1,CLUSTER_593,0.017,1,58,False,33.589999999999975,,UNLABELED,UNVERIFIED,,,,,,20.87,LOW,NON_INDUSTRIAL_RURAL,ROUTINE_MONITORING_RECOMMENDED
1150,30.25441,74.25333,337.82,303.91,2026-09-27,0807,2.92,nominal,0.6,D,N,VIIRS,near_real_time,Northern India,ALL_INDIA,False,273229.7,IOCL Panipat Petrochemical Complex,oil_refinery,national_iocl_panipat_petroch,NON_INDUSTRIAL_RURAL,0.1,CLUSTER_593,0.017,1,58,False,33.90999999999997,,UNLABELED,UNVERIFIED,,,,,,20.87,LOW,NON_INDUSTRIAL_RURAL,ROUTINE_MONITORING_RECOMMENDED
1151,30.60497,76.82863,339.04,298.85,2026-09-27,0807,2.64,nominal,0.6,D,N,VIIRS,near_real_time,Northern India,ALL_INDIA,False,132499.3,IOCL Panipat Petrochemical Complex,oil_refinery,national_iocl_panipat_petroch,NON_INDUSTRIAL_RURAL,0.1,CLUSTER_269,0.034,2,58,False,40.19,,UNLABELED,UNVERIFIED,,,,,,20.2,LOW,NON_INDUSTRIAL_RURAL,ROUTINE_MONITORING_RECOMMENDED
1152,30.62322,73.87171,342.62,304.27,2026-09-27,0807,9.77,nominal,0.6,D,N,VIIRS,near_real_time,Northern India,ALL_INDIA,False,322401.2,IOCL Panipat Petrochemical Complex,oil_refinery,national_iocl_panipat_petroch,NON_INDUSTRIAL_RURAL,0.1,CLUSTER_594,0.017,1,58,False,38.35000000000002,,UNLABELED,UNVERIFIED,,,,,,22.42,LOW,NON_INDUSTRIAL_RURAL,ROUTINE_MONITORING_RECOMMENDED
1153,30.62672,73.87088,335.86,298.43,2026-09-27,0807,3.98,nominal,0.6,D,N,VIIRS,near_real_time,Northern India,ALL_INDIA,False,322631.7,IOCL Panipat Petrochemical Complex,oil_refinery,national_iocl_panipat_petroch,NON_INDUSTRIAL_RURAL,0.1,CLUSTER_594,0.017,1,58,False,37.43000000000001,,UNLABELED,UNVERIFIED,,,,,,22.42,LOW,NON_INDUSTRIAL_RURAL,ROUTINE_MONITORING_RECOMMENDED
1154,30.64162,73.56973,337.05,299.58,2026-09-27,0807,6.44,nominal,0.6,D,N,VIIRS,near_real_time,Northern India,ALL_INDIA,False,349793.1,IOCL Panipat Petrochemical Complex,oil_refinery,national_iocl_panipat_petroch,NON_INDUSTRIAL_RURAL,0.1,CLUSTER_595,0.017,1,58,False,37.47000000000003,,UNLABELED,UNVERIFIED,,,,,,20.88,LOW,NON_INDUSTRIAL_RURAL,ROUTINE_MONITORING_RECOMMENDED
1155,30.78201,74.00761,332.41,303.25,2026-09-27,0807,3.17,nominal,0.6,D,N,VIIRS,near_real_time,Northern India,ALL_INDIA,False,318415.1,IOCL Panipat Petrochemical Complex,oil_refinery,national_iocl_panipat_petroch,NON_INDUSTRIAL_RURAL,0.1,CLUSTER_596,0.017,1,58,False,29.160000000000025,,UNLABELED,UNVERIFIED,,,,,,19.47,LOW,NON_INDUSTRIAL_RURAL,ROUTINE_MONITORING_RECOMMENDED
1156,30.7825,74.01012,330.3,303.2,2026-09-27,0807,3.06,nominal,0.6,D,N,VIIRS,near_real_time,Northern India,ALL_INDIA,False,318228.6,IOCL Panipat Petrochemical Complex,oil_refinery,national_iocl_panipat_petroch,NON_INDUSTRIAL_RURAL,0.1,CLUSTER_596,0.017,1,58,False,27.100000000000023,,UNLABELED,UNVERIFIED,,,,,,19.47,LOW,NON_INDUSTRIAL_RURAL,ROUTINE_MONITORING_RECOMMENDED
1157,30.80599,73.89816,331.03,303.25,2026-09-27,0807,4.32,low,0.2,D,N,VIIRS,near_real_time,Northern India,ALL_INDIA,False,328915.7,IOCL Panipat Petrochemical Complex,oil_refinery,national_iocl_panipat_petroch,NON_INDUSTRIAL_RURAL,0.1,CLUSTER_597,0.017,1,58,False,27.779999999999973,,UNLABELED,UNVERIFIED,,,,,,19.56,LOW,NON_INDUSTRIAL_RURAL,ROUTINE_MONITORING_RECOMMENDED
1158,30.87313,74.33802,331.54,299.19,2026-09-27,0807,1.44,nominal,0.6,D,N,VIIRS,near_real_time,Northern India,ALL_INDIA,False,296222.4,IOCL Panipat Petrochemical Complex,oil_refinery,national_iocl_panipat_petroch,NON_INDUSTRIAL_RURAL,0.1,CLUSTER_598,0.017,1,58,False,32.35000000000002,,UNLABELED,UNVERIFIED,,,,,,18.92,LOW,NON_INDUSTRIAL_RURAL,ROUTINE_MONITORING_RECOMMENDED
1159,30.87846,70.81114,330.58,300.65,2026-09-27,0807,2.41,nominal,0.6,D,N,VIIRS,near_real_time,Northern India,ALL_INDIA,False,609002.3,IOCL Panipat Petrochemical Complex,oil_refinery,national_iocl_panipat_petroch,NON_INDUSTRIAL_RURAL,0.1,CLUSTER_599,0.017,1,58,False,29.930000000000007,,UNLABELED,UNVERIFIED,,,,,,19.04,LOW,NON_INDUSTRIAL_RURAL,ROUTINE_MONITORING_RECOMMENDED
1160,30.91703,74.28192,337.15,301.31,2026-09-27,0807,6.69,nominal,0.6,D,N,VIIRS,near_real_time,Northern India,ALL_INDIA,False,303363.8,IOCL Panipat Petrochemical Complex,oil_refinery,national_iocl_panipat_petroch,NON_INDUSTRIAL_RURAL,0.1,CLUSTER_600,0.017,1,58,False,35.839999999999975,,UNLABELED,UNVERIFIED,,,,,,20.95,LOW,NON_INDUSTRIAL_RURAL,ROUTINE_MONITORING_RECOMMENDED
1161,30.99724,74.21844,334.74,302.73,2026-09-27,0807,5.68,nominal,0.6,D,N,VIIRS,near_real_time,Northern India,ALL_INDIA,False,313309.9,IOCL Panipat Petrochemical Complex,oil_refinery,national_iocl_panipat_petroch,NON_INDUSTRIAL_RURAL,0.1,CLUSTER_271,0.052,3,58,False,32.00999999999999,,UNLABELED,UNVERIFIED,,,,,,21.4,LOW,NON_INDUSTRIAL_RURAL,ROUTINE_MONITORING_RECOMMENDED
1162,31.00397,73.56095,335.04,302.77,2026-09-27,0807,2.81,nominal,0.6,D,N,VIIRS,near_real_time,Northern India,ALL_INDIA,False,367621.7,IOCL Panipat Petrochemical Complex,oil_refinery,national_iocl_panipat_petroch,NON_INDUSTRIAL_RURAL,0.1,CLUSTER_601,0.017,1,58,False,32.27000000000004,,UNLABELED,UNVERIFIED,,,,,,19.72,LOW,NON_INDUSTRIAL_RURAL,ROUTINE_MONITORING_RECOMMENDED
1163,31.04115,74.40924,341.78,301.02,2026-09-27,0807,5.66,nominal,0.6,D,N,VIIRS,near_real_time,Northern India,ALL_INDIA,False,301182.5,IOCL Panipat Petrochemical Complex,oil_refinery,national_iocl_panipat_petroch,NON_INDUSTRIAL_RURAL,0.1,CLUSTER_602,0.017,1,58,False,40.75999999999999,,UNLABELED,UNVERIFIED,,,,,,21.31,LOW,NON_INDUSTRIAL_RURAL,ROUTINE_MONITORING_RECOMMENDED
1164,31.09857,74.31943,335.18,300.46,2026-09-27,0807,3.49,nominal,0.6,D,N,VIIRS,near_real_time,Northern India,ALL_INDIA,False,311856.1,IOCL Panipat Petrochemical Complex,oil_refinery,national_iocl_panipat_petroch,NON_INDUSTRIAL_RURAL,0.1,CLUSTER_603,0.017,1,58,False,34.72000000000003,,UNLABELED,UNVERIFIED,,,,,,19.91,LOW,NON_INDUSTRIAL_RURAL,ROUTINE_MONITORING_RECOMMENDED
1165,31.10029,74.62962,333.72,302.08,2026-09-27,0807,2.73,nominal,0.6,D,N,VIIRS,near_real_time,Northern India,ALL_INDIA,False,288722.8,IOCL Panipat Petrochemical Complex,oil_refinery,national_iocl_panipat_petroch,NON_INDUSTRIAL_RURAL,0.1,CLUSTER_322,0.034,2,58,False,31.640000000000043,,UNLABELED,UNVERIFIED,,,,,,19.7,LOW,NON_INDUSTRIAL_RURAL,ROUTINE_MONITORING_RECOMMENDED
1166,31.11993,74.62592,331.94,301.47,2026-09-27,0807,1.97,nominal,0.6,D,N,VIIRS,near_real_time,Northern India,ALL_INDIA,False,290389.1,IOCL Panipat Petrochemical Complex,oil_refinery,national_iocl_panipat_petroch,NON_INDUSTRIAL_RURAL,0.1,CLUSTER_604,0.017,1,58,False,30.46999999999997,,UNLABELED,UNVERIFIED,,,,,,19.11,LOW,NON_INDUSTRIAL_RURAL,ROUTINE_MONITORING_RECOMMENDED
1167,31.13096,74.36194,347.46,302.14,2026-09-27,0807,3.74,nominal,0.6,D,N,VIIRS,near_real_time,Northern India,ALL_INDIA,False,310770.3,IOCL Panipat Petrochemical Complex,oil_refinery,national_iocl_panipat_petroch,NON_INDUSTRIAL_RURAL,0.1,CLUSTER_605,0.017,1,58,False,45.31999999999999,,UNLABELED,UNVERIFIED,,,,,,21.59,LOW,NON_INDUSTRIAL_RURAL,ROUTINE_MONITORING_RECOMMENDED
1168,31.22647,74.18039,345.75,304.31,2026-09-27,0807,1.87,nominal,0.6,D,N,VIIRS,near_real_time,Northern India,ALL_INDIA,False,330953.8,IOCL Panipat Petrochemical Complex,oil_refinery,national_iocl_panipat_petroch,NON_INDUSTRIAL_RURAL,0.1,CLUSTER_606,0.017,1,58,False,41.44,,UNLABELED,UNVERIFIED,,,,,,20.91,LOW,NON_INDUSTRIAL_RURAL,ROUTINE_MONITORING_RECOMMENDED
1169,31.22915,74.17514,330.89,303.82,2026-09-27,0807,1.87,low,0.2,D,N,VIIRS,near_real_time,Northern India,ALL_INDIA,False,331532.0,IOCL Panipat Petrochemical Complex,oil_refinery,national_iocl_panipat_petroch,NON_INDUSTRIAL_RURAL,0.1,CLUSTER_606,0.017,1,58,False,27.069999999999993,,UNLABELED,UNVERIFIED,,,,,,20.91,LOW,NON_INDUSTRIAL_RURAL,ROUTINE_MONITORING_RECOMMENDED
1170,31.22992,74.17957,330.72,303.76,2026-09-27,0807,1.87,low,0.2,D,N,VIIRS,near_real_time,Northern India,ALL_INDIA,False,331246.2,IOCL Panipat Petrochemical Complex,oil_refinery,national_iocl_panipat_petroch,NON_INDUSTRIAL_RURAL,0.1,CLUSTER_606,0.017,1,58,False,26.960000000000036,,UNLABELED,UNVERIFIED,,,,,,20.91,LOW,NON_INDUSTRIAL_RURAL,ROUTINE_MONITORING_RECOMMENDED
1171,31.264,74.18257,347.21,305.15,2026-09-27,0807,5.27,nominal,0.6,D,N,VIIRS,near_real_time,Northern India,ALL_INDIA,False,333307.5,IOCL Panipat Petrochemical Complex,oil_refinery,national_iocl_panipat_petroch,NON_INDUSTRIAL_RURAL,0.1,CLUSTER_607,0.017,1,58,False,42.06,,UNLABELED,UNVERIFIED,,,,,,21.92,LOW,NON_INDUSTRIAL_RURAL,ROUTINE_MONITORING_RECOMMENDED
1172,31.269,74.19059,347.08,305.88,2026-09-27,0807,4.16,nominal,0.6,D,N,VIIRS,near_real_time,Northern India,ALL_INDIA,False,333041.3,IOCL Panipat Petrochemical Complex,oil_refinery,national_iocl_panipat_petroch,NON_INDUSTRIAL_RURAL,0.1,CLUSTER_608,0.017,1,58,False,41.19999999999999,,UNLABELED,UNVERIFIED,,,,,,21.64,LOW,NON_INDUSTRIAL_RURAL,ROUTINE_MONITORING_RECOMMENDED
1173,31.26978,74.195,340.15,305.83,2026-09-27,0807,3.88,nominal,0.6,D,N,VIIRS,near_real_time,Northern India,ALL_INDIA,False,332762.3,IOCL Panipat Petrochemical Complex,oil_refinery,national_iocl_panipat_petroch,NON_INDUSTRIAL_RURAL,0.1,CLUSTER_608,0.017,1,58,False,34.31999999999999,,UNLABELED,UNVERIFIED,,,,,,21.64,LOW,NON_INDUSTRIAL_RURAL,ROUTINE_MONITORING_RECOMMENDED
1174,31.27243,74.18977,331.9,301.28,2026-09-27,0807,2.47,nominal,0.6,D,N,VIIRS,near_real_time,Northern India,ALL_INDIA,False,333335.8,IOCL Panipat Petrochemical Complex,oil_refinery,national_iocl_panipat_petroch,NON_INDUSTRIAL_RURAL,0.1,CLUSTER_608,0.017,1,58,False,30.620000000000005,,UNLABELED,UNVERIFIED,,,,,,21.64,LOW,NON_INDUSTRIAL_RURAL,ROUTINE_MONITORING_RECOMMENDED
1175,31.27432,74.18011,332.41,302.83,2026-09-27,0807,2.8,low,0.2,D,N,VIIRS,near_real_time,Northern India,ALL_INDIA,False,334191.5,IOCL Panipat Petrochemical Complex,oil_refinery,national_iocl_panipat_petroch,NON_INDUSTRIAL_RURAL,0.1,CLUSTER_609,0.017,1,58,False,29.58000000000004,,UNLABELED,UNVERIFIED,,,,,,19.38,LOW,NON_INDUSTRIAL_RURAL,ROUTINE_MONITORING_RECOMMENDED
1176,31.28087,74.19696,338.79,299.97,2026-09-27,0807,1.75,nominal,0.6,D,N,VIIRS,near_real_time,Northern India,ALL_INDIA,False,333369.7,IOCL Panipat Petrochemical Complex,oil_refinery,national_iocl_panipat_petroch,NON_INDUSTRIAL_RURAL,0.1,CLUSTER_610,0.017,1,58,False,38.81999999999999,,UNLABELED,UNVERIFIED,,,,,,19.96,LOW,NON_INDUSTRIAL_RURAL,ROUTINE_MONITORING_RECOMMENDED
1177,31.32368,74.48249,331.71,302.01,2026-09-27,0807,2.54,nominal,0.6,D,N,VIIRS,near_real_time,Northern India,ALL_INDIA,False,315540.1,IOCL Panipat Petrochemical Complex,oil_refinery,national_iocl_panipat_petroch,NON_INDUSTRIAL_RURAL,0.1,CLUSTER_611,0.017,1,58,False,29.69999999999999,,UNLABELED,UNVERIFIED,,,,,,19.22,LOW,NON_INDUSTRIAL_RURAL,ROUTINE_MONITORING_RECOMMENDED
1178,31.38722,74.33634,332.83,302.46,2026-09-27,0807,3.1,nominal,0.6,D,N,VIIRS,near_real_time,Northern India,ALL_INDIA,False,330629.5,IOCL Panipat Petrochemical Complex,oil_refinery,national_iocl_panipat_petroch,NON_INDUSTRIAL_RURAL,0.1,CLUSTER_612,0.017,1,58,False,30.370000000000005,,UNLABELED,UNVERIFIED,,,,,,19.5,LOW,NON_INDUSTRIAL_RURAL,ROUTINE_MONITORING_RECOMMENDED
1179,31.39623,74.59557,335.41,299.79,2026-09-27,0807,3.33,nominal,0.6,D,N,VIIRS,near_real_time,Northern India,ALL_INDIA,False,313168.2,IOCL Panipat Petrochemical Complex,oil_refinery,national_iocl_panipat_petroch,NON_INDUSTRIAL_RURAL,0.1,CLUSTER_613,0.017,1,58,False,35.620000000000005,,UNLABELED,UNVERIFIED,,,,,,19.9,LOW,NON_INDUSTRIAL_RURAL,ROUTINE_MONITORING_RECOMMENDED
1180,31.4065,74.43256,334.23,301.8,2026-09-27,0807,6.94,nominal,0.6,D,N,VIIRS,near_real_time,Northern India,ALL_INDIA,False,325224.9,IOCL Panipat Petrochemical Complex,oil_refinery,national_iocl_panipat_petroch,NON_INDUSTRIAL_RURAL,0.1,CLUSTER_614,0.017,1,58,False,32.43000000000001,,UNLABELED,UNVERIFIED,,,,,,20.63,LOW,NON_INDUSTRIAL_RURAL,ROUTINE_MONITORING_RECOMMENDED
1181,31.52245,74.57156,344.31,300.74,2026-09-27,0807,4.43,nominal,0.6,D,N,VIIRS,near_real_time,Northern India,ALL_INDIA,False,324687.2,IOCL Panipat Petrochemical Complex,oil_refinery,national_iocl_panipat_petroch,NON_INDUSTRIAL_RURAL,0.1,CLUSTER_615,0.017,1,58,False,43.56999999999999,,UNLABELED,UNVERIFIED,,,,,,21.34,LOW,NON_INDUSTRIAL_RURAL,ROUTINE_MONITORING_RECOMMENDED
1182,31.54414,74.82371,335.69,301.24,2026-09-27,0807,3.27,nominal,0.6,D,N,VIIRS,near_real_time,Northern India,ALL_INDIA,False,310276.7,IOCL Panipat Petrochemical Complex,oil_refinery,national_iocl_panipat_petroch,NON_INDUSTRIAL_RURAL,0.1,CLUSTER_616,0.017,1,58,False,34.44999999999999,,UNLABELED,UNVERIFIED,,,,,,19.93,LOW,NON_INDUSTRIAL_RURAL,ROUTINE_MONITORING_RECOMMENDED
1183,31.58999,74.99272,330.94,300.22,2026-09-27,0807,2.74,nominal,0.6,D,N,VIIRS,near_real_time,Northern India,ALL_INDIA,False,304072.9,IOCL Panipat Petrochemical Complex,oil_refinery,national_iocl_panipat_petroch,NON_INDUSTRIAL_RURAL,0.1,CLUSTER_617,0.017,1,58,False,30.71999999999997,,UNLABELED,UNVERIFIED,,,,,,19.17,LOW,NON_INDUSTRIAL_RURAL,ROUTINE_MONITORING_RECOMMENDED
1184,31.59047,74.6636,330.62,297.44,2026-09-27,0807,2.4,nominal,0.6,D,N,VIIRS,near_real_time,Northern India,ALL_INDIA,False,324193.2,IOCL Panipat Petrochemical Complex,oil_refinery,national_iocl_panipat_petroch,NON_INDUSTRIAL_RURAL,0.1,CLUSTER_618,0.017,1,58,False,33.18000000000001,,UNLABELED,UNVERIFIED,,,,,,19.04,LOW,NON_INDUSTRIAL_RURAL,ROUTINE_MONITORING_RECOMMENDED
1185,31.5908,74.87094,330.72,298.79,2026-09-27,0807,1.95,nominal,0.6,D,N,VIIRS,near_real_time,Northern India,ALL_INDIA,False,311357.6,IOCL Panipat Petrochemical Complex,oil_refinery,national_iocl_panipat_petroch,NON_INDUSTRIAL_RURAL,0.1,CLUSTER_619,0.017,1,58,False,31.930000000000007,,UNLABELED,UNVERIFIED,,,,,,18.95,LOW,NON_INDUSTRIAL_RURAL,ROUTINE_MONITORING_RECOMMENDED
1186,31.6383,74.18455,331.18,304.43,2026-09-27,0807,4.03,low,0.2,D,N,VIIRS,near_real_time,Northern India,ALL_INDIA,False,359970.7,IOCL Panipat Petrochemical Complex,oil_refinery,national_iocl_panipat_petroch,NON_INDUSTRIAL_RURAL,0.1,CLUSTER_620,0.017,1,58,False,26.75,,UNLABELED,UNVERIFIED,,,,,,19.52,LOW,NON_INDUSTRIAL_RURAL,ROUTINE_MONITORING_RECOMMENDED
1187,31.66441,73.39329,337.54,306.32,2026-09-27,0807,4.53,nominal,0.6,D,N,VIIRS,near_real_time,Northern India,ALL_INDIA,False,419965.2,IOCL Panipat Petrochemical Complex,oil_refinery,national_iocl_panipat_petroch,NON_INDUSTRIAL_RURAL,0.1,CLUSTER_621,0.017,1,58,False,31.220000000000027,,UNLABELED,UNVERIFIED,,,,,,20.47,LOW,NON_INDUSTRIAL_RURAL,ROUTINE_MONITORING_RECOMMENDED
1188,31.68575,74.05923,348.1,304.57,2026-09-27,0807,4.45,nominal,0.6,D,N,VIIRS,near_real_time,Northern India,ALL_INDIA,False,372291.2,IOCL Panipat Petrochemical Complex,oil_refinery,national_iocl_panipat_petroch,NON_INDUSTRIAL_RURAL,0.1,CLUSTER_622,0.017,1,58,False,43.53000000000003,,UNLABELED,UNVERIFIED,,,,,,21.84,LOW,NON_INDUSTRIAL_RURAL,ROUTINE_MONITORING_RECOMMENDED
1189,31.68701,74.08662,342.87,302.06,2026-09-27,0807,3.05,nominal,0.6,D,N,VIIRS,near_real_time,Northern India,ALL_INDIA,False,370463.6,IOCL Panipat Petrochemical Complex,oil_refinery,national_iocl_panipat_petroch,NON_INDUSTRIAL_RURAL,0.1,CLUSTER_623,0.017,1,58,False,40.81,,UNLABELED,UNVERIFIED,,,,,,20.81,LOW,NON_INDUSTRIAL_RURAL,ROUTINE_MONITORING_RECOMMENDED
1190,31.68793,74.03097,350.06,303.87,2026-09-27,0807,4.95,nominal,0.6,D,N,VIIRS,near_real_time,Northern India,ALL_INDIA,False,374444.3,IOCL Panipat Petrochemical Complex,oil_refinery,national_iocl_panipat_petroch,NON_INDUSTRIAL_RURAL,0.1,CLUSTER_624,0.017,1,58,False,46.19,,UNLABELED,UNVERIFIED,,,,,,22.23,LOW,NON_INDUSTRIAL_RURAL,ROUTINE_MONITORING_RECOMMENDED
1191,31.69263,74.05759,330.07,303.2,2026-09-27,0807,2.82,low,0.2,D,N,VIIRS,near_real_time,Northern India,ALL_INDIA,False,372918.6,IOCL Panipat Petrochemical Complex,oil_refinery,national_iocl_panipat_petroch,NON_INDUSTRIAL_RURAL,0.1,CLUSTER_625,0.017,1,58,False,26.870000000000005,,UNLABELED,UNVERIFIED,,,,,,19.08,LOW,NON_INDUSTRIAL_RURAL,ROUTINE_MONITORING_RECOMMENDED
1192,31.69903,74.03294,338.33,304.99,2026-09-27,0807,2.48,nominal,0.6,D,N,VIIRS,near_real_time,Northern India,ALL_INDIA,False,375128.3,IOCL Panipat Petrochemical Complex,oil_refinery,national_iocl_panipat_petroch,NON_INDUSTRIAL_RURAL,0.1,CLUSTER_626,0.017,1,58,False,33.339999999999975,,UNLABELED,UNVERIFIED,,,,,,20.33,LOW,NON_INDUSTRIAL_RURAL,ROUTINE_MONITORING_RECOMMENDED
1193,31.69982,74.03737,339.29,304.86,2026-09-27,0807,2.48,nominal,0.6,D,N,VIIRS,near_real_time,Northern India,ALL_INDIA,False,374875.2,IOCL Panipat Petrochemical Complex,oil_refinery,national_iocl_panipat_petroch,NON_INDUSTRIAL_RURAL,0.1,CLUSTER_626,0.017,1,58,False,34.43000000000001,,UNLABELED,UNVERIFIED,,,,,,20.33,LOW,NON_INDUSTRIAL_RURAL,ROUTINE_MONITORING_RECOMMENDED
1194,31.70169,74.02767,337.68,304.67,2026-09-27,0807,2.33,nominal,0.6,D,N,VIIRS,near_real_time,Northern India,ALL_INDIA,False,375697.0,IOCL Panipat Petrochemical Complex,oil_refinery,national_iocl_panipat_petroch,NON_INDUSTRIAL_RURAL,0.1,CLUSTER_626,0.017,1,58,False,33.00999999999999,,UNLABELED,UNVERIFIED,,,,,,20.33,LOW,NON_INDUSTRIAL_RURAL,ROUTINE_MONITORING_RECOMMENDED
1195,31.70248,74.0321,339.44,303.56,2026-09-27,0807,2.93,nominal,0.6,D,N,VIIRS,near_real_time,Northern India,ALL_INDIA,False,375443.7,IOCL Panipat Petrochemical Complex,oil_refinery,national_iocl_panipat_petroch,NON_INDUSTRIAL_RURAL,0.1,CLUSTER_626,0.017,1,58,False,35.879999999999995,,UNLABELED,UNVERIFIED,,,,,,20.33,LOW,NON_INDUSTRIAL_RURAL,ROUTINE_MONITORING_RECOMMENDED
1196,31.73122,74.05296,339.92,303.9,2026-09-27,0807,2.86,nominal,0.6,D,N,VIIRS,near_real_time,Northern India,ALL_INDIA,False,376129.7,IOCL Panipat Petrochemical Complex,oil_refinery,national_iocl_panipat_petroch,NON_INDUSTRIAL_RURAL,0.1,CLUSTER_627,0.017,1,58,False,36.02000000000004,,UNLABELED,UNVERIFIED,,,,,,20.37,LOW,NON_INDUSTRIAL_RURAL,ROUTINE_MONITORING_RECOMMENDED
1197,31.75845,75.54463,352.29,301.61,2026-09-27,0807,6.43,nominal,0.6,D,N,VIIRS,near_real_time,Northern India,ALL_INDIA,False,291790.2,IOCL Panipat Petrochemical Complex,oil_refinery,national_iocl_panipat_petroch,NON_INDUSTRIAL_RURAL,0.1,CLUSTER_628,0.017,1,58,False,50.68000000000001,,UNLABELED,UNVERIFIED,,,,,,22.88,LOW,NON_INDUSTRIAL_RURAL,ROUTINE_MONITORING_RECOMMENDED
1198,31.77363,74.93475,332.28,299.88,2026-09-27,0807,2.91,nominal,0.6,D,N,VIIRS,near_real_time,Northern India,ALL_INDIA,False,323671.8,IOCL Panipat Petrochemical Complex,oil_refinery,national_iocl_panipat_petroch,NON_INDUSTRIAL_RURAL,0.1,CLUSTER_629,0.017,1,58,False,32.39999999999998,,UNLABELED,UNVERIFIED,,,,,,19.39,LOW,NON_INDUSTRIAL_RURAL,ROUTINE_MONITORING_RECOMMENDED
1199,31.80434,74.45453,346.95,300.61,2026-09-27,0807,8.66,nominal,0.6,D,N,VIIRS,near_real_time,Northern India,ALL_INDIA,False,355096.0,IOCL Panipat Petrochemical Complex,oil_refinery,national_iocl_panipat_petroch,NON_INDUSTRIAL_RURAL,0.1,CLUSTER_630,0.017,1,58,False,46.339999999999975,,UNLABELED,UNVERIFIED,,,,,,22.71,LOW,NON_INDUSTRIAL_RURAL,ROUTINE_MONITORING_RECOMMENDED
1200,31.82057,74.00126,333.54,302.88,2026-09-27,0807,4.2,nominal,0.6,D,N,VIIRS,near_real_time,Northern India,ALL_INDIA,False,386465.1,IOCL Panipat Petrochemical Complex,oil_refinery,national_iocl_panipat_petroch,NON_INDUSTRIAL_RURAL,0.1,CLUSTER_631,0.017,1,58,False,30.660000000000025,,UNLABELED,UNVERIFIED,,,,,,19.86,LOW,NON_INDUSTRIAL_RURAL,ROUTINE_MONITORING_RECOMMENDED
1201,31.8319,73.41193,334.22,301.36,2026-09-27,0807,2.73,nominal,0.6,D,N,VIIRS,near_real_time,Northern India,ALL_INDIA,False,429699.6,IOCL Panipat Petrochemical Complex,oil_refinery,national_iocl_panipat_petroch,NON_INDUSTRIAL_RURAL,0.1,CLUSTER_632,0.017,1,58,False,32.860000000000014,,UNLABELED,UNVERIFIED,,,,,,19.6,LOW,NON_INDUSTRIAL_RURAL,ROUTINE_MONITORING_RECOMMENDED
1202,31.83206,74.16888,346.83,303.27,2026-09-27,0807,7.65,nominal,0.6,D,N,VIIRS,near_real_time,Northern India,ALL_INDIA,False,375961.9,IOCL Panipat Petrochemical Complex,oil_refinery,national_iocl_panipat_petroch,NON_INDUSTRIAL_RURAL,0.1,CLUSTER_633,0.017,1,58,False,43.56,,UNLABELED,UNVERIFIED,,,,,,22.46,LOW,NON_INDUSTRIAL_RURAL,ROUTINE_MONITORING_RECOMMENDED
1203,31.85201,74.63092,332.15,297.42,2026-09-27,0807,1.46,nominal,0.6,D,N,VIIRS,near_real_time,Northern India,ALL_INDIA,False,348210.0,IOCL Panipat Petrochemical Complex,oil_refinery,national_iocl_panipat_petroch,NON_INDUSTRIAL_RURAL,0.1,CLUSTER_634,0.017,1,58,False,34.72999999999996,,UNLABELED,UNVERIFIED,,,,,,19.01,LOW,NON_INDUSTRIAL_RURAL,ROUTINE_MONITORING_RECOMMENDED
1204,31.85697,74.78452,334.6,300.7,2026-09-27,0807,4.65,nominal,0.6,D,N,VIIRS,near_real_time,Northern India,ALL_INDIA,False,339607.6,IOCL Panipat Petrochemical Complex,oil_refinery,national_iocl_panipat_petroch,NON_INDUSTRIAL_RURAL,0.1,CLUSTER_635,0.017,1,58,False,33.900000000000034,,UNLABELED,UNVERIFIED,,,,,,20.15,LOW,NON_INDUSTRIAL_RURAL,ROUTINE_MONITORING_RECOMMENDED
1205,31.85962,74.77951,334.81,300.33,2026-09-27,0807,3.28,nominal,0.6,D,N,VIIRS,near_real_time,Northern India,ALL_INDIA,False,340129.3,IOCL Panipat Petrochemical Complex,oil_refinery,national_iocl_panipat_petroch,NON_INDUSTRIAL_RURAL,0.1,CLUSTER_635,0.017,1,58,False,34.48000000000002,,UNLABELED,UNVERIFIED,,,,,,20.15,LOW,NON_INDUSTRIAL_RURAL,ROUTINE_MONITORING_RECOMMENDED
1206,31.87725,74.71807,337.1,298.89,2026-09-27,0807,3.67,nominal,0.6,D,N,VIIRS,near_real_time,Northern India,ALL_INDIA,False,345233.8,IOCL Panipat Petrochemical Complex,oil_refinery,national_iocl_panipat_petroch,NON_INDUSTRIAL_RURAL,0.1,CLUSTER_636,0.017,1,58,False,38.210000000000036,,UNLABELED,UNVERIFIED,,,,,,20.21,LOW,NON_INDUSTRIAL_RURAL,ROUTINE_MONITORING_RECOMMENDED
1207,31.88348,73.57766,338.15,301.81,2026-09-27,0807,3.68,nominal,0.6,D,N,VIIRS,near_real_time,Northern India,ALL_INDIA,False,421104.0,IOCL Panipat Petrochemical Complex,oil_refinery,national_iocl_panipat_petroch,NON_INDUSTRIAL_RURAL,0.1,CLUSTER_637,0.017,1,58,False,36.339999999999975,,UNLABELED,UNVERIFIED,,,,,,20.34,LOW,NON_INDUSTRIAL_RURAL,ROUTINE_MONITORING_RECOMMENDED
1208,31.89309,73.83583,340.29,306.52,2026-09-27,0807,4.63,nominal,0.6,D,N,VIIRS,near_real_time,Northern India,ALL_INDIA,False,403417.3,IOCL Panipat Petrochemical Complex,oil_refinery,national_iocl_panipat_petroch,NON_INDUSTRIAL_RURAL,0.1,CLUSTER_638,0.017,1,58,False,33.77000000000004,,UNLABELED,UNVERIFIED,,,,,,20.86,LOW,NON_INDUSTRIAL_RURAL,ROUTINE_MONITORING_RECOMMENDED
1209,31.9002,73.63087,346.89,306.04,2026-09-27,0807,13.03,nominal,0.6,D,N,VIIRS,near_real_time,Northern India,ALL_INDIA,False,418455.0,IOCL Panipat Petrochemical Complex,oil_refinery,national_iocl_panipat_petroch,NON_INDUSTRIAL_RURAL,0.1,CLUSTER_124,0.034,2,58,False,40.849999999999966,,UNLABELED,UNVERIFIED,,,,,,23.79,LOW,NON_INDUSTRIAL_RURAL,ROUTINE_MONITORING_RECOMMENDED
1210,31.90101,73.63544,330.09,300.78,2026-09-27,0807,13.03,nominal,0.6,D,N,VIIRS,near_real_time,Northern India,ALL_INDIA,False,418185.6,IOCL Panipat Petrochemical Complex,oil_refinery,national_iocl_panipat_petroch,NON_INDUSTRIAL_RURAL,0.1,CLUSTER_124,0.034,2,58,False,29.310000000000002,,UNLABELED,UNVERIFIED,,,,,,23.79,LOW,NON_INDUSTRIAL_RURAL,ROUTINE_MONITORING_RECOMMENDED
1211,31.9045,74.18465,330.98,303.65,2026-09-27,0807,2.64,nominal,0.6,D,N,VIIRS,near_real_time,Northern India,ALL_INDIA,False,380649.1,IOCL Panipat Petrochemical Complex,oil_refinery,national_iocl_panipat_petroch,NON_INDUSTRIAL_RURAL,0.1,CLUSTER_639,0.017,1,58,False,27.33000000000004,,UNLABELED,UNVERIFIED,,,,,,19.15,LOW,NON_INDUSTRIAL_RURAL,ROUTINE_MONITORING_RECOMMENDED
1212,31.93016,72.33318,333.46,301.9,2026-09-27,0807,3.15,nominal,0.6,D,N,VIIRS,near_real_time,Northern India,ALL_INDIA,False,519864.6,IOCL Panipat Petrochemical Complex,oil_refinery,national_iocl_panipat_petroch,NON_INDUSTRIAL_RURAL,0.1,CLUSTER_640,0.017,1,58,False,31.560000000000002,,UNLABELED,UNVERIFIED,,,,,,19.61,LOW,NON_INDUSTRIAL_RURAL,ROUTINE_MONITORING_RECOMMENDED
1213,32.17377,75.19283,343.16,299.58,2026-09-27,0807,6.85,nominal,0.6,D,N,VIIRS,near_real_time,Northern India,ALL_INDIA,False,348143.2,IOCL Panipat Petrochemical Complex,oil_refinery,national_iocl_panipat_petroch,NON_INDUSTRIAL_RURAL,0.1,CLUSTER_641,0.017,1,58,False,43.58000000000004,,UNLABELED,UNVERIFIED,,,,,,21.78,LOW,NON_INDUSTRIAL_RURAL,ROUTINE_MONITORING_RECOMMENDED
1214,32.20202,73.9333,333.31,301.75,2026-09-27,0807,2.15,nominal,0.6,D,N,VIIRS,near_real_time,Northern India,ALL_INDIA,False,420934.2,IOCL Panipat Petrochemical Complex,oil_refinery,national_iocl_panipat_petroch,NON_INDUSTRIAL_RURAL,0.1,CLUSTER_642,0.017,1,58,False,31.560000000000002,,UNLABELED,UNVERIFIED,,,,,,19.33,LOW,NON_INDUSTRIAL_RURAL,ROUTINE_MONITORING_RECOMMENDED
1215,32.20926,74.01475,331.73,302.46,2026-09-27,0807,2.05,nominal,0.6,D,N,VIIRS,near_real_time,Northern India,ALL_INDIA,False,416306.2,IOCL Panipat Petrochemical Complex,oil_refinery,national_iocl_panipat_petroch,NON_INDUSTRIAL_RURAL,0.1,CLUSTER_643,0.017,1,58,False,29.27000000000004,,UNLABELED,UNVERIFIED,,,,,,19.1,LOW,NON_INDUSTRIAL_RURAL,ROUTINE_MONITORING_RECOMMENDED
1216,32.56469,73.60503,334.06,300.41,2026-09-27,0809,2.24,nominal,0.6,D,N,VIIRS,near_real_time,Northern India,ALL_INDIA,False,471441.0,IOCL Panipat Petrochemical Complex,oil_refinery,national_iocl_panipat_petroch,NON_INDUSTRIAL_RURAL,0.1,CLUSTER_644,0.017,1,58,False,33.64999999999998,,UNLABELED,UNVERIFIED,,,,,,19.46,LOW,NON_INDUSTRIAL_RURAL,ROUTINE_MONITORING_RECOMMENDED
1217,33.1033,73.72868,339.73,300.23,2026-09-27,0809,4.05,nominal,0.6,D,N,VIIRS,near_real_time,Northern India,ALL_INDIA,False,509859.5,IOCL Panipat Petrochemical Complex,oil_refinery,national_iocl_panipat_petroch,NON_INDUSTRIAL_RURAL,0.1,CLUSTER_645,0.017,1,58,False,39.5,,UNLABELED,UNVERIFIED,,,,,,20.64,LOW,NON_INDUSTRIAL_RURAL,ROUTINE_MONITORING_RECOMMENDED
1218,33.21419,73.28416,337.15,300.24,2026-09-27,0809,3.43,nominal,0.6,D,N,VIIRS,near_real_time,Northern India,ALL_INDIA,False,545391.5,IOCL Panipat Petrochemical Complex,oil_refinery,national_iocl_panipat_petroch,NON_INDUSTRIAL_RURAL,0.1,CLUSTER_646,0.017,1,58,False,36.90999999999997,,UNLABELED,UNVERIFIED,,,,,,21.54,LOW,NON_INDUSTRIAL_RURAL,ROUTINE_MONITORING_RECOMMENDED
1219,33.21766,73.28327,347.68,303.37,2026-09-27,0809,3.43,nominal,0.6,D,N,VIIRS,near_real_time,Northern India,ALL_INDIA,False,545739.7,IOCL Panipat Petrochemical Complex,oil_refinery,national_iocl_panipat_petroch,NON_INDUSTRIAL_RURAL,0.1,CLUSTER_646,0.017,1,58,False,44.31,,UNLABELED,UNVERIFIED,,,,,,21.54,LOW,NON_INDUSTRIAL_RURAL,ROUTINE_MONITORING_RECOMMENDED
1220,33.61412,72.97609,331.37,303.14,2026-09-27,0809,0.47,low,0.2,D,N,VIIRS,near_real_time,Northern India,ALL_INDIA,False,597844.8,IOCL Panipat Petrochemical Complex,oil_refinery,national_iocl_panipat_petroch,NON_INDUSTRIAL_RURAL,0.1,CLUSTER_647,0.017,1,58,False,28.230000000000018,,UNLABELED,UNVERIFIED,,,,,,18.67,LOW,NON_INDUSTRIAL_RURAL,ROUTINE_MONITORING_RECOMMENDED
1221,33.85392,72.87521,337.69,304.85,2026-09-27,0809,3.01,nominal,0.6,D,N,VIIRS,near_real_time,Northern India,ALL_INDIA,False,624392.7,IOCL Panipat Petrochemical Complex,oil_refinery,national_iocl_panipat_petroch,NON_INDUSTRIAL_RURAL,0.1,CLUSTER_648,0.017,1,58,False,32.839999999999975,,UNLABELED,UNVERIFIED,,,,,,20.12,LOW,NON_INDUSTRIAL_RURAL,ROUTINE_MONITORING_RECOMMENDED
1222,23.10931,94.7502,304.48,291.72,2026-09-27,1851,0.33,nominal,0.6,N,N,VIIRS,near_real_time,Eastern India,ALL_INDIA,False,694204.0,Haldia Petrochemicals Complex,chemical_petrochemical,national_haldia_petrochemical,NON_INDUSTRIAL_RURAL,0.1,CLUSTER_649,0.017,1,58,False,12.759999999999991,,UNLABELED,UNVERIFIED,,,,,,15.83,LOW,NON_INDUSTRIAL_RURAL,ROUTINE_MONITORING_RECOMMENDED
1223,27.22342,95.34621,303.87,288.57,2026-09-27,1851,0.68,nominal,0.6,N,N,VIIRS,near_real_time,Eastern India,ALL_INDIA,False,931872.1,Haldia Petrochemicals Complex,chemical_petrochemical,national_haldia_petrochemical,NON_INDUSTRIAL_RURAL,0.1,CLUSTER_650,0.017,1,58,False,15.300000000000011,,UNLABELED,UNVERIFIED,,,,,,17.22,LOW,NON_INDUSTRIAL_RURAL,ROUTINE_MONITORING_RECOMMENDED
1224,27.37975,95.33595,302.86,285.79,2026-09-27,1851,1.27,nominal,0.6,N,N,VIIRS,near_real_time,Eastern India,ALL_INDIA,False,941512.0,Haldia Petrochemicals Complex,chemical_petrochemical,national_haldia_petrochemical,NON_INDUSTRIAL_RURAL,0.1,CLUSTER_651,0.034,2,58,False,17.069999999999993,,UNLABELED,UNVERIFIED,,,,,,16.4,LOW,NON_INDUSTRIAL_RURAL,ROUTINE_MONITORING_RECOMMENDED
1225,29.26313,91.92555,299.75,281.01,2026-09-27,1851,2.27,nominal,0.6,N,N,VIIRS,near_real_time,Northern India,ALL_INDIA,False,889024.3,Haldia Petrochemicals Complex,chemical_petrochemical,national_haldia_petrochemical,NON_INDUSTRIAL_RURAL,0.1,CLUSTER_287,0.052,3,58,False,18.74000000000001,,UNLABELED,UNVERIFIED,,,,,,16.31,LOW,NON_INDUSTRIAL_RURAL,ROUTINE_MONITORING_RECOMMENDED
1226,29.37383,91.15298,295.95,279.46,2026-09-27,1851,2.92,nominal,0.6,N,N,VIIRS,near_real_time,Northern India,ALL_INDIA,False,869835.0,Haldia Petrochemicals Complex,chemical_petrochemical,national_haldia_petrochemical,NON_INDUSTRIAL_RURAL,0.1,CLUSTER_288,0.052,3,58,False,16.49000000000001,,UNLABELED,UNVERIFIED,,,,,,16.46,LOW,NON_INDUSTRIAL_RURAL,ROUTINE_MONITORING_RECOMMENDED
1227,30.06926,96.97892,297.49,273.22,2026-09-27,1851,0.85,nominal,0.6,N,N,VIIRS,near_real_time,Northern India,ALL_INDIA,False,1257450.5,Haldia Petrochemicals Complex,chemical_petrochemical,national_haldia_petrochemical,NON_INDUSTRIAL_RURAL,0.1,CLUSTER_652,0.034,2,58,False,24.269999999999982,,UNLABELED,UNVERIFIED,,,,,,16.19,LOW,NON_INDUSTRIAL_RURAL,ROUTINE_MONITORING_RECOMMENDED
1228,22.21657,91.8252,310.25,289.55,2026-09-27,1853,2.12,nominal,0.6,N,N,VIIRS,near_real_time,Eastern India,ALL_INDIA,False,385576.4,Haldia Petrochemicals Complex,chemical_petrochemical,national_haldia_petrochemical,NON_INDUSTRIAL_RURAL,0.1,CLUSTER_653,0.017,1,58,False,20.69999999999999,,UNLABELED,UNVERIFIED,,,,,,16.41,LOW,NON_INDUSTRIAL_RURAL,ROUTINE_MONITORING_RECOMMENDED
1229,22.21689,91.82489,311.1,289.48,2026-09-27,1853,2.08,nominal,0.6,N,N,VIIRS,near_real_time,Eastern India,ALL_INDIA,False,385545.8,Haldia Petrochemicals Complex,chemical_petrochemical,national_haldia_petrochemical,NON_INDUSTRIAL_RURAL,0.1,CLUSTER_653,0.017,1,58,False,21.620000000000005,,UNLABELED,UNVERIFIED,,,,,,16.41,LOW,NON_INDUSTRIAL_RURAL,ROUTINE_MONITORING_RECOMMENDED
1230,27.22062,95.34622,317.06,285.76,2026-09-27,2032,2.18,nominal,0.6,N,N,VIIRS,near_real_time,Eastern India,ALL_INDIA,False,931687.7,Haldia Petrochemicals Complex,chemical_petrochemical,national_haldia_petrochemical,NON_INDUSTRIAL_RURAL,0.1,CLUSTER_650,0.017,1,58,False,31.30000000000001,,UNLABELED,UNVERIFIED,,,,,,17.22,LOW,NON_INDUSTRIAL_RURAL,ROUTINE_MONITORING_RECOMMENDED
1231,27.2254,95.34499,305.43,286.02,2026-09-27,2032,1.74,nominal,0.6,N,N,VIIRS,near_real_time,Eastern India,ALL_INDIA,False,931906.1,Haldia Petrochemicals Complex,chemical_petrochemical,national_haldia_petrochemical,NON_INDUSTRIAL_RURAL,0.1,CLUSTER_650,0.017,1,58,False,19.410000000000025,,UNLABELED,UNVERIFIED,,,,,,17.22,LOW,NON_INDUSTRIAL_RURAL,ROUTINE_MONITORING_RECOMMENDED
1232,28.27727,77.27364,302.85,292.19,2026-09-27,2032,0.54,nominal,0.6,N,N,VIIRS,near_real_time,Delhi NCR,NORTH_NCR,False,43404.1,NTPC Dadri Thermal Power Station,power_plant,national_ntpc_dadri_thermal_p,NON_INDUSTRIAL_RURAL,0.1,CLUSTER_199,0.034,2,58,False,10.660000000000025,,UNLABELED,UNVERIFIED,,,,,,15.9,LOW,NON_INDUSTRIAL_RURAL,ROUTINE_MONITORING_RECOMMENDED
1233,28.37264,77.22334,302.53,292.02,2026-09-27,2032,0.36,nominal,0.6,N,N,VIIRS,near_real_time,Delhi NCR,NORTH_NCR,False,39431.4,NTPC Dadri Thermal Power Station,power_plant,national_ntpc_dadri_thermal_p,NON_INDUSTRIAL_RURAL,0.1,CLUSTER_201,0.034,2,58,False,10.509999999999991,,UNLABELED,UNVERIFIED,,,,,,17.32,LOW,NON_INDUSTRIAL_RURAL,ROUTINE_MONITORING_RECOMMENDED
1234,28.71123,76.83309,314.65,292.01,2026-09-27,2032,1.46,nominal,0.6,N,N,VIIRS,near_real_time,Delhi NCR,NORTH_NCR,False,55071.2,Bhiwadi RIICO Industrial Cluster,general_industry,national_bhiwadi_riico_indust,NON_INDUSTRIAL_RURAL,0.1,CLUSTER_338,0.034,2,58,False,22.639999999999986,,UNLABELED,UNVERIFIED,,,,,,16.71,LOW,NON_INDUSTRIAL_RURAL,ROUTINE_MONITORING_RECOMMENDED
1235,28.7451,76.92608,307.92,292.32,2026-09-27,2032,0.82,nominal,0.6,N,N,VIIRS,near_real_time,Delhi NCR,NORTH_NCR,False,59428.4,Bhiwadi RIICO Industrial Cluster,general_industry,national_bhiwadi_riico_indust,NON_INDUSTRIAL_RURAL,0.1,CLUSTER_283,0.052,3,58,False,15.600000000000023,,UNLABELED,UNVERIFIED,,,,,,15.96,LOW,NON_INDUSTRIAL_RURAL,ROUTINE_MONITORING_RECOMMENDED
1236,28.85024,77.14781,311.92,291.14,2026-09-27,2032,1.24,nominal,0.6,N,N,VIIRS,near_real_time,Delhi NCR,NORTH_NCR,False,48127.6,NTPC Dadri Thermal Power Station,power_plant,national_ntpc_dadri_thermal_p,NON_INDUSTRIAL_RURAL,0.1,CLUSTER_654,0.017,1,58,False,20.78000000000003,,UNLABELED,UNVERIFIED,,,,,,16.3,LOW,NON_INDUSTRIAL_RURAL,ROUTINE_MONITORING_RECOMMENDED
1237,29.08506,88.01047,299.65,274.9,2026-09-27,2032,1.19,nominal,0.6,N,N,VIIRS,near_real_time,Northern India,ALL_INDIA,False,723387.2,Tata Steel Jamshedpur Works,steel_and_heavy_industry,national_tata_steel_jamshedpu,NON_INDUSTRIAL_RURAL,0.1,CLUSTER_655,0.034,2,58,False,24.75,,UNLABELED,UNVERIFIED,,,,,,16.61,LOW,NON_INDUSTRIAL_RURAL,ROUTINE_MONITORING_RECOMMENDED
1238,29.22368,88.35166,297.41,277.22,2026-09-27,2032,0.71,nominal,0.6,N,N,VIIRS,near_real_time,Northern India,ALL_INDIA,False,747357.7,Tata Steel Jamshedpur Works,steel_and_heavy_industry,national_tata_steel_jamshedpu,NON_INDUSTRIAL_RURAL,0.1,CLUSTER_286,0.052,3,58,False,20.189999999999998,,UNLABELED,UNVERIFIED,,,,,,16.02,LOW,NON_INDUSTRIAL_RURAL,ROUTINE_MONITORING_RECOMMENDED
1239,29.26211,91.92595,296.97,281.37,2026-09-27,2032,1.18,nominal,0.6,N,N,VIIRS,near_real_time,Northern India,ALL_INDIA,False,888940.1,Haldia Petrochemicals Complex,chemical_petrochemical,national_haldia_petrochemical,NON_INDUSTRIAL_RURAL,0.1,CLUSTER_287,0.052,3,58,False,15.600000000000023,,UNLABELED,UNVERIFIED,,,,,,16.31,LOW,NON_INDUSTRIAL_RURAL,ROUTINE_MONITORING_RECOMMENDED
1240,29.37486,91.14978,307.65,281.89,2026-09-27,2032,1.45,nominal,0.6,N,N,VIIRS,near_real_time,Northern India,ALL_INDIA,False,869828.6,Haldia Petrochemicals Complex,chemical_petrochemical,national_haldia_petrochemical,NON_INDUSTRIAL_RURAL,0.1,CLUSTER_288,0.052,3,58,False,25.75999999999999,,UNLABELED,UNVERIFIED,,,,,,16.46,LOW,NON_INDUSTRIAL_RURAL,ROUTINE_MONITORING_RECOMMENDED
1241,29.37746,91.15022,306.49,281.33,2026-09-27,2032,1.01,nominal,0.6,N,N,VIIRS,near_real_time,Northern India,ALL_INDIA,False,870113.3,Haldia Petrochemicals Complex,chemical_petrochemical,national_haldia_petrochemical,NON_INDUSTRIAL_RURAL,0.1,CLUSTER_288,0.052,3,58,False,25.160000000000025,,UNLABELED,UNVERIFIED,,,,,,16.46,LOW,NON_INDUSTRIAL_RURAL,ROUTINE_MONITORING_RECOMMENDED
1242,31.64489,74.23907,304.08,292.73,2026-09-27,2032,0.76,nominal,0.6,N,N,VIIRS,near_real_time,Northern India,ALL_INDIA,False,356698.5,IOCL Panipat Petrochemical Complex,oil_refinery,national_iocl_panipat_petroch,NON_INDUSTRIAL_RURAL,0.1,CLUSTER_656,0.017,1,58,False,11.349999999999966,,UNLABELED,UNVERIFIED,,,,,,15.94,LOW,NON_INDUSTRIAL_RURAL,ROUTINE_MONITORING_RECOMMENDED
1243,19.96234,79.33363,317.52,295.78,2026-09-27,2034,1.67,nominal,0.6,N,N,VIIRS,near_real_time,Central India,ALL_INDIA,False,251784.8,SAIL Bhilai Steel Plant,steel_and_heavy_industry,national_sail_bhilai_steel_pl,NON_INDUSTRIAL_RURAL,0.1,CLUSTER_657,0.034,2,58,False,21.74000000000001,,UNLABELED,UNVERIFIED,,,,,,17.24,LOW,NON_INDUSTRIAL_RURAL,ROUTINE_MONITORING_RECOMMENDED
1244,20.65798,78.49347,305.33,295.14,2026-09-27,2034,0.95,nominal,0.6,N,N,VIIRS,near_real_time,Central India,ALL_INDIA,False,304749.6,SAIL Bhilai Steel Plant,steel_and_heavy_industry,national_sail_bhilai_steel_pl,NON_INDUSTRIAL_RURAL,0.1,CLUSTER_658,0.017,1,58,False,10.189999999999998,,UNLABELED,UNVERIFIED,,,,,,15.98,LOW,NON_INDUSTRIAL_RURAL,ROUTINE_MONITORING_RECOMMENDED
1245,20.70213,78.62254,309.93,295.98,2026-09-27,2034,1.02,nominal,0.6,N,N,VIIRS,near_real_time,Central India,ALL_INDIA,False,290623.3,SAIL Bhilai Steel Plant,steel_and_heavy_industry,national_sail_bhilai_steel_pl,NON_INDUSTRIAL_RURAL,0.1,CLUSTER_212,0.052,3,58,False,13.949999999999989,,UNLABELED,UNVERIFIED,,,,,,19.82,LOW,NON_INDUSTRIAL_RURAL,ROUTINE_MONITORING_RECOMMENDED
1246,20.70271,78.61887,313.54,296.57,2026-09-27,2034,1.02,nominal,0.6,N,N,VIIRS,near_real_time,Central India,ALL_INDIA,False,290985.7,SAIL Bhilai Steel Plant,steel_and_heavy_industry,national_sail_bhilai_steel_pl,NON_INDUSTRIAL_RURAL,0.1,CLUSTER_212,0.052,3,58,False,16.970000000000027,,UNLABELED,UNVERIFIED,,,,,,19.82,LOW,NON_INDUSTRIAL_RURAL,ROUTINE_MONITORING_RECOMMENDED
1247,20.7613,85.298,315.54,294.13,2026-09-27,2034,2.23,nominal,0.6,N,N,VIIRS,near_real_time,Odisha,EAST_MINERAL_BELT,False,147649.2,IOCL Paradip Refinery Complex,oil_refinery,national_iocl_paradip_refiner,NON_INDUSTRIAL_RURAL,0.1,CLUSTER_659,0.052,3,58,False,21.410000000000025,,UNLABELED,UNVERIFIED,,,,,,19.7,LOW,NON_INDUSTRIAL_RURAL,ROUTINE_MONITORING_RECOMMENDED
1248,20.76211,85.29386,316.1,293.98,2026-09-27,2034,2.47,nominal,0.6,N,N,VIIRS,near_real_time,Odisha,EAST_MINERAL_BELT,False,148084.0,IOCL Paradip Refinery Complex,oil_refinery,national_iocl_paradip_refiner,NON_INDUSTRIAL_RURAL,0.1,CLUSTER_659,0.052,3,58,False,22.120000000000005,,UNLABELED,UNVERIFIED,,,,,,19.7,LOW,NON_INDUSTRIAL_RURAL,ROUTINE_MONITORING_RECOMMENDED
1249,20.77509,85.34119,305.49,293.04,2026-09-27,2034,1.04,nominal,0.6,N,N,VIIRS,near_real_time,Odisha,EAST_MINERAL_BELT,False,144006.6,IOCL Paradip Refinery Complex,oil_refinery,national_iocl_paradip_refiner,NON_INDUSTRIAL_RURAL,0.1,CLUSTER_660,0.034,2,58,False,12.449999999999989,,UNLABELED,UNVERIFIED,,,,,,16.01,LOW,NON_INDUSTRIAL_RURAL,ROUTINE_MONITORING_RECOMMENDED
1250,20.78479,85.2681,306.77,293.31,2026-09-27,2034,0.99,nominal,0.6,N,N,VIIRS,near_real_time,Odisha,EAST_MINERAL_BELT,False,151477.8,IOCL Paradip Refinery Complex,oil_refinery,national_iocl_paradip_refiner,NON_INDUSTRIAL_RURAL,0.1,CLUSTER_558,0.052,3,58,False,13.45999999999998,,UNLABELED,UNVERIFIED,,,,,,22.76,LOW,NON_INDUSTRIAL_RURAL,ROUTINE_MONITORING_RECOMMENDED
1251,20.78561,85.26384,315.98,293.68,2026-09-27,2034,1.64,nominal,0.6,N,N,VIIRS,near_real_time,Odisha,EAST_MINERAL_BELT,False,151924.0,IOCL Paradip Refinery Complex,oil_refinery,national_iocl_paradip_refiner,NON_INDUSTRIAL_RURAL,0.1,CLUSTER_558,0.052,3,58,False,22.30000000000001,,UNLABELED,UNVERIFIED,,,,,,22.76,LOW,NON_INDUSTRIAL_RURAL,ROUTINE_MONITORING_RECOMMENDED
1252,20.78643,85.25958,307.18,293.63,2026-09-27,2034,1.64,nominal,0.6,N,N,VIIRS,near_real_time,Odisha,EAST_MINERAL_BELT,False,152370.3,IOCL Paradip Refinery Complex,oil_refinery,national_iocl_paradip_refiner,NON_INDUSTRIAL_RURAL,0.1,CLUSTER_558,0.052,3,58,False,13.550000000000011,,UNLABELED,UNVERIFIED,,,,,,22.76,LOW,NON_INDUSTRIAL_RURAL,ROUTINE_MONITORING_RECOMMENDED
1253,20.78903,85.269,308.73,292.99,2026-09-27,2034,1.01,nominal,0.6,N,N,VIIRS,near_real_time,Odisha,EAST_MINERAL_BELT,False,151559.8,IOCL Paradip Refinery Complex,oil_refinery,national_iocl_paradip_refiner,NON_INDUSTRIAL_RURAL,0.1,CLUSTER_558,0.052,3,58,False,15.740000000000009,,UNLABELED,UNVERIFIED,,,,,,22.76,LOW,NON_INDUSTRIAL_RURAL,ROUTINE_MONITORING_RECOMMENDED
1254,20.79149,85.25625,310.87,293.44,2026-09-27,2034,2.96,nominal,0.6,N,N,VIIRS,near_real_time,Odisha,EAST_MINERAL_BELT,False,152894.9,IOCL Paradip Refinery Complex,oil_refinery,national_iocl_paradip_refiner,NON_INDUSTRIAL_RURAL,0.1,CLUSTER_558,0.052,3,58,False,17.430000000000007,,UNLABELED,UNVERIFIED,,,,,,22.76,LOW,NON_INDUSTRIAL_RURAL,ROUTINE_MONITORING_RECOMMENDED
1255,20.7923,85.25203,318.7,292.99,2026-09-27,2034,2.96,nominal,0.6,N,N,VIIRS,near_real_time,Odisha,EAST_MINERAL_BELT,False,153336.6,IOCL Paradip Refinery Complex,oil_refinery,national_iocl_paradip_refiner,NON_INDUSTRIAL_RURAL,0.1,CLUSTER_558,0.052,3,58,False,25.70999999999998,,UNLABELED,UNVERIFIED,,,,,,22.76,LOW,NON_INDUSTRIAL_RURAL,ROUTINE_MONITORING_RECOMMENDED
1256,20.79499,85.25515,339.31,294.06,2026-09-27,2034,7.07,nominal,0.6,N,N,VIIRS,near_real_time,Odisha,EAST_MINERAL_BELT,False,153141.7,IOCL Paradip Refinery Complex,oil_refinery,national_iocl_paradip_refiner,NON_INDUSTRIAL_RURAL,0.1,CLUSTER_558,0.052,3,58,False,45.25,,UNLABELED,UNVERIFIED,,,,,,22.76,LOW,NON_INDUSTRIAL_RURAL,ROUTINE_MONITORING_RECOMMENDED
1257,20.79654,85.25294,334.57,293.67,2026-09-27,2034,2.96,nominal,0.6,N,N,VIIRS,near_real_time,Odisha,EAST_MINERAL_BELT,False,153418.2,IOCL Paradip Refinery Complex,oil_refinery,national_iocl_paradip_refiner,NON_INDUSTRIAL_RURAL,0.1,CLUSTER_558,0.052,3,58,False,40.89999999999998,,UNLABELED,UNVERIFIED,,,,,,22.76,LOW,NON_INDUSTRIAL_RURAL,ROUTINE_MONITORING_RECOMMENDED
1258,20.79837,85.26033,306.31,293.33,2026-09-27,2034,1.35,nominal,0.6,N,N,VIIRS,near_real_time,Odisha,EAST_MINERAL_BELT,False,152776.2,IOCL Paradip Refinery Complex,oil_refinery,national_iocl_paradip_refiner,NON_INDUSTRIAL_RURAL,0.1,CLUSTER_558,0.052,3,58,False,12.980000000000018,,UNLABELED,UNVERIFIED,,,,,,22.76,LOW,NON_INDUSTRIAL_RURAL,ROUTINE_MONITORING_RECOMMENDED
1259,20.80344,85.2571,307.82,292.85,2026-09-27,2034,1.87,nominal,0.6,N,N,VIIRS,near_real_time,Odisha,EAST_MINERAL_BELT,False,153294.9,IOCL Paradip Refinery Complex,oil_refinery,national_iocl_paradip_refiner,NON_INDUSTRIAL_RURAL,0.1,CLUSTER_558,0.052,3,58,False,14.96999999999997,,UNLABELED,UNVERIFIED,,,,,,22.76,LOW,NON_INDUSTRIAL_RURAL,ROUTINE_MONITORING_RECOMMENDED
1260,20.80417,85.25914,311.92,293.32,2026-09-27,2034,2.75,nominal,0.6,N,N,VIIRS,near_real_time,Odisha,EAST_MINERAL_BELT,False,153127.5,IOCL Paradip Refinery Complex,oil_refinery,national_iocl_paradip_refiner,NON_INDUSTRIAL_RURAL,0.1,CLUSTER_558,0.052,3,58,False,18.600000000000023,,UNLABELED,UNVERIFIED,,,,,,22.76,LOW,NON_INDUSTRIAL_RURAL,ROUTINE_MONITORING_RECOMMENDED
1261,20.80765,85.25809,316.21,293.65,2026-09-27,2034,1.87,nominal,0.6,N,N,VIIRS,near_real_time,Odisha,EAST_MINERAL_BELT,False,161433.2,SAIL Rourkela Steel Plant,steel_and_heavy_industry,national_sail_rourkela_steel_,NON_INDUSTRIAL_RURAL,0.1,CLUSTER_558,0.052,3,58,False,22.560000000000002,,UNLABELED,UNVERIFIED,,,,,,22.76,LOW,NON_INDUSTRIAL_RURAL,ROUTINE_MONITORING_RECOMMENDED
1262,20.86102,84.98888,310.19,292.25,2026-09-27,2034,0.73,nominal,0.6,N,N,VIIRS,near_real_time,Odisha,EAST_MINERAL_BELT,False,150944.4,SAIL Rourkela Steel Plant,steel_and_heavy_industry,national_sail_rourkela_steel_,NON_INDUSTRIAL_RURAL,0.1,CLUSTER_559,0.034,2,58,False,17.939999999999998,,UNLABELED,UNVERIFIED,,,,,,21.95,LOW,NON_INDUSTRIAL_RURAL,ROUTINE_MONITORING_RECOMMENDED
1263,20.86436,84.9939,321.65,293.38,2026-09-27,2034,1.6,nominal,0.6,N,N,VIIRS,near_real_time,Odisha,EAST_MINERAL_BELT,False,150617.3,SAIL Rourkela Steel Plant,steel_and_heavy_industry,national_sail_rourkela_steel_,NON_INDUSTRIAL_RURAL,0.1,CLUSTER_559,0.034,2,58,False,28.269999999999982,,UNLABELED,UNVERIFIED,,,,,,21.95,LOW,NON_INDUSTRIAL_RURAL,ROUTINE_MONITORING_RECOMMENDED
1264,20.86518,84.98975,320.84,293.61,2026-09-27,2034,1.6,nominal,0.6,N,N,VIIRS,near_real_time,Odisha,EAST_MINERAL_BELT,False,150490.7,SAIL Rourkela Steel Plant,steel_and_heavy_industry,national_sail_rourkela_steel_,NON_INDUSTRIAL_RURAL,0.1,CLUSTER_559,0.034,2,58,False,27.22999999999996,,UNLABELED,UNVERIFIED,,,,,,21.95,LOW,NON_INDUSTRIAL_RURAL,ROUTINE_MONITORING_RECOMMENDED
1265,20.866,84.98563,304.8,292.41,2026-09-27,2034,1.51,nominal,0.6,N,N,VIIRS,near_real_time,Odisha,EAST_MINERAL_BELT,False,150365.5,SAIL Rourkela Steel Plant,steel_and_heavy_industry,national_sail_rourkela_steel_,NON_INDUSTRIAL_RURAL,0.1,CLUSTER_559,0.034,2,58,False,12.389999999999986,,UNLABELED,UNVERIFIED,,,,,,21.95,LOW,NON_INDUSTRIAL_RURAL,ROUTINE_MONITORING_RECOMMENDED
1266,20.86853,84.99478,307.48,293.91,2026-09-27,2034,1.6,nominal,0.6,N,N,VIIRS,near_real_time,Odisha,EAST_MINERAL_BELT,False,150163.0,SAIL Rourkela Steel Plant,steel_and_heavy_industry,national_sail_rourkela_steel_,NON_INDUSTRIAL_RURAL,0.1,CLUSTER_559,0.034,2,58,False,13.569999999999993,,UNLABELED,UNVERIFIED,,,,,,21.95,LOW,NON_INDUSTRIAL_RURAL,ROUTINE_MONITORING_RECOMMENDED
1267,20.86935,84.99059,309.21,293.42,2026-09-27,2034,1.6,nominal,0.6,N,N,VIIRS,near_real_time,Odisha,EAST_MINERAL_BELT,False,150035.7,SAIL Rourkela Steel Plant,steel_and_heavy_industry,national_sail_rourkela_steel_,NON_INDUSTRIAL_RURAL,0.1,CLUSTER_559,0.034,2,58,False,15.789999999999964,,UNLABELED,UNVERIFIED,,,,,,21.95,LOW,NON_INDUSTRIAL_RURAL,ROUTINE_MONITORING_RECOMMENDED
1268,20.88418,84.98132,309.83,292.84,2026-09-27,2034,2.14,nominal,0.6,N,N,VIIRS,near_real_time,Odisha,EAST_MINERAL_BELT,False,148315.2,SAIL Rourkela Steel Plant,steel_and_heavy_industry,national_sail_rourkela_steel_,NON_INDUSTRIAL_RURAL,0.1,CLUSTER_560,0.034,2,58,False,16.99000000000001,,UNLABELED,UNVERIFIED,,,,,,20.43,LOW,NON_INDUSTRIAL_RURAL,ROUTINE_MONITORING_RECOMMENDED
1269,20.88593,84.99451,305.5,292.81,2026-09-27,2034,0.92,nominal,0.6,N,N,VIIRS,near_real_time,Odisha,EAST_MINERAL_BELT,False,148232.9,SAIL Rourkela Steel Plant,steel_and_heavy_industry,national_sail_rourkela_steel_,NON_INDUSTRIAL_RURAL,0.1,CLUSTER_661,0.017,1,58,False,12.689999999999998,,UNLABELED,UNVERIFIED,,,,,,15.97,LOW,NON_INDUSTRIAL_RURAL,ROUTINE_MONITORING_RECOMMENDED
1270,20.88832,84.98227,331.36,293.58,2026-09-27,2034,2.14,nominal,0.6,N,N,VIIRS,near_real_time,Odisha,EAST_MINERAL_BELT,False,147863.9,SAIL Rourkela Steel Plant,steel_and_heavy_industry,national_sail_rourkela_steel_,NON_INDUSTRIAL_RURAL,0.1,CLUSTER_560,0.034,2,58,False,37.78000000000003,,UNLABELED,UNVERIFIED,,,,,,20.43,LOW,NON_INDUSTRIAL_RURAL,ROUTINE_MONITORING_RECOMMENDED
1271,20.95083,86.04321,323.14,293.53,2026-09-27,2034,4.76,nominal,0.6,N,N,VIIRS,near_real_time,Odisha,EAST_MINERAL_BELT,False,94893.7,IOCL Paradip Refinery Complex,oil_refinery,national_iocl_paradip_refiner,NON_INDUSTRIAL_RURAL,0.1,CLUSTER_561,0.034,2,58,False,29.610000000000014,,UNLABELED,UNVERIFIED,,,,,,20.23,LOW,NON_INDUSTRIAL_RURAL,ROUTINE_MONITORING_RECOMMENDED
1272,20.95434,86.04887,309.7,293.99,2026-09-27,2034,2.37,nominal,0.6,N,N,VIIRS,near_real_time,Odisha,EAST_MINERAL_BELT,False,94819.4,IOCL Paradip Refinery Complex,oil_refinery,national_iocl_paradip_refiner,NON_INDUSTRIAL_RURAL,0.1,CLUSTER_561,0.034,2,58,False,15.70999999999998,,UNLABELED,UNVERIFIED,,,,,,20.23,LOW,NON_INDUSTRIAL_RURAL,ROUTINE_MONITORING_RECOMMENDED
1273,20.95574,85.01447,305.1,292.26,2026-09-27,2034,1.18,nominal,0.6,N,N,VIIRS,near_real_time,Odisha,EAST_MINERAL_BELT,False,140704.0,SAIL Rourkela Steel Plant,steel_and_heavy_industry,national_sail_rourkela_steel_,NON_INDUSTRIAL_RURAL,0.1,CLUSTER_662,0.034,2,58,False,12.840000000000032,,UNLABELED,UNVERIFIED,,,,,,16.21,LOW,NON_INDUSTRIAL_RURAL,ROUTINE_MONITORING_RECOMMENDED
1274,20.95608,85.01405,306.73,292.45,2026-09-27,2034,1.12,nominal,0.6,N,N,VIIRS,near_real_time,Odisha,EAST_MINERAL_BELT,False,140661.8,SAIL Rourkela Steel Plant,steel_and_heavy_industry,national_sail_rourkela_steel_,NON_INDUSTRIAL_RURAL,0.1,CLUSTER_662,0.034,2,58,False,14.28000000000003,,UNLABELED,UNVERIFIED,,,,,,16.21,LOW,NON_INDUSTRIAL_RURAL,ROUTINE_MONITORING_RECOMMENDED
1275,20.95651,85.01042,308.34,292.46,2026-09-27,2034,1.18,nominal,0.6,N,N,VIIRS,near_real_time,Odisha,EAST_MINERAL_BELT,False,140575.2,SAIL Rourkela Steel Plant,steel_and_heavy_industry,national_sail_rourkela_steel_,NON_INDUSTRIAL_RURAL,0.1,CLUSTER_662,0.034,2,58,False,15.879999999999995,,UNLABELED,UNVERIFIED,,,,,,16.21,LOW,NON_INDUSTRIAL_RURAL,ROUTINE_MONITORING_RECOMMENDED
1276,20.95688,85.01003,307.17,292.89,2026-09-27,2034,1.12,nominal,0.6,N,N,VIIRS,near_real_time,Odisha,EAST_MINERAL_BELT,False,140530.1,SAIL Rourkela Steel Plant,steel_and_heavy_industry,national_sail_rourkela_steel_,NON_INDUSTRIAL_RURAL,0.1,CLUSTER_662,0.034,2,58,False,14.28000000000003,,UNLABELED,UNVERIFIED,,,,,,16.21,LOW,NON_INDUSTRIAL_RURAL,ROUTINE_MONITORING_RECOMMENDED
1277,20.96128,85.18655,323.58,292.79,2026-09-27,2034,1.74,nominal,0.6,N,N,VIIRS,near_real_time,Odisha,EAST_MINERAL_BELT,False,143076.3,SAIL Rourkela Steel Plant,steel_and_heavy_industry,national_sail_rourkela_steel_,NON_INDUSTRIAL_RURAL,0.1,CLUSTER_563,0.052,3,58,False,30.789999999999964,,UNLABELED,UNVERIFIED,,,,,,23.07,LOW,NON_INDUSTRIAL_RURAL,ROUTINE_MONITORING_RECOMMENDED
1278,20.9621,85.18237,310.27,292.6,2026-09-27,2034,1.74,nominal,0.6,N,N,VIIRS,near_real_time,Odisha,EAST_MINERAL_BELT,False,142887.5,SAIL Rourkela Steel Plant,steel_and_heavy_industry,national_sail_rourkela_steel_,NON_INDUSTRIAL_RURAL,0.1,CLUSTER_563,0.052,3,58,False,17.66999999999996,,UNLABELED,UNVERIFIED,,,,,,23.07,LOW,NON_INDUSTRIAL_RURAL,ROUTINE_MONITORING_RECOMMENDED
1279,20.96268,86.00673,305.88,293.29,2026-09-27,2034,3.18,nominal,0.6,N,N,VIIRS,near_real_time,Odisha,EAST_MINERAL_BELT,False,98357.9,IOCL Paradip Refinery Complex,oil_refinery,national_iocl_paradip_refiner,NON_INDUSTRIAL_RURAL,0.1,CLUSTER_562,0.034,2,58,False,12.589999999999975,,UNLABELED,UNVERIFIED,,,,,,23.14,LOW,NON_INDUSTRIAL_RURAL,ROUTINE_MONITORING_RECOMMENDED
1280,20.96373,85.17409,315.22,293.17,2026-09-27,2034,2.19,nominal,0.6,N,N,VIIRS,near_real_time,Odisha,EAST_MINERAL_BELT,False,142520.3,SAIL Rourkela Steel Plant,steel_and_heavy_industry,national_sail_rourkela_steel_,NON_INDUSTRIAL_RURAL,0.1,CLUSTER_563,0.052,3,58,False,22.05000000000001,,UNLABELED,UNVERIFIED,,,,,,23.07,LOW,NON_INDUSTRIAL_RURAL,ROUTINE_MONITORING_RECOMMENDED
1281,20.96454,85.16995,308.16,292.98,2026-09-27,2034,2.35,nominal,0.6,N,N,VIIRS,near_real_time,Odisha,EAST_MINERAL_BELT,False,142338.9,SAIL Rourkela Steel Plant,steel_and_heavy_industry,national_sail_rourkela_steel_,NON_INDUSTRIAL_RURAL,0.1,CLUSTER_563,0.052,3,58,False,15.180000000000007,,UNLABELED,UNVERIFIED,,,,,,23.07,LOW,NON_INDUSTRIAL_RURAL,ROUTINE_MONITORING_RECOMMENDED
1282,20.96535,85.16584,320.55,293.27,2026-09-27,2034,2.35,nominal,0.6,N,N,VIIRS,near_real_time,Odisha,EAST_MINERAL_BELT,False,142159.3,SAIL Rourkela Steel Plant,steel_and_heavy_industry,national_sail_rourkela_steel_,NON_INDUSTRIAL_RURAL,0.1,CLUSTER_563,0.052,3,58,False,27.28000000000003,,UNLABELED,UNVERIFIED,,,,,,23.07,LOW,NON_INDUSTRIAL_RURAL,ROUTINE_MONITORING_RECOMMENDED
1283,20.96547,85.1875,321.78,292.92,2026-09-27,2034,1.74,nominal,0.6,N,N,VIIRS,near_real_time,Odisha,EAST_MINERAL_BELT,False,142645.0,SAIL Rourkela Steel Plant,steel_and_heavy_industry,national_sail_rourkela_steel_,NON_INDUSTRIAL_RURAL,0.1,CLUSTER_563,0.052,3,58,False,28.859999999999957,,UNLABELED,UNVERIFIED,,,,,,23.07,LOW,NON_INDUSTRIAL_RURAL,ROUTINE_MONITORING_RECOMMENDED
1284,20.96617,86.01247,331.02,294.04,2026-09-27,2034,3.18,nominal,0.6,N,N,VIIRS,near_real_time,Odisha,EAST_MINERAL_BELT,False,98262.0,IOCL Paradip Refinery Complex,oil_refinery,national_iocl_paradip_refiner,NON_INDUSTRIAL_RURAL,0.1,CLUSTER_562,0.034,2,58,False,36.97999999999996,,UNLABELED,UNVERIFIED,,,,,,23.14,LOW,NON_INDUSTRIAL_RURAL,ROUTINE_MONITORING_RECOMMENDED
1285,20.9663,85.18331,306.59,292.14,2026-09-27,2034,1.74,nominal,0.6,N,N,VIIRS,near_real_time,Odisha,EAST_MINERAL_BELT,False,142454.4,SAIL Rourkela Steel Plant,steel_and_heavy_industry,national_sail_rourkela_steel_,NON_INDUSTRIAL_RURAL,0.1,CLUSTER_563,0.052,3,58,False,14.449999999999989,,UNLABELED,UNVERIFIED,,,,,,23.07,LOW,NON_INDUSTRIAL_RURAL,ROUTINE_MONITORING_RECOMMENDED
1286,20.96711,85.17918,307.54,292.45,2026-09-27,2034,2.19,nominal,0.6,N,N,VIIRS,near_real_time,Odisha,EAST_MINERAL_BELT,False,142270.5,SAIL Rourkela Steel Plant,steel_and_heavy_industry,national_sail_rourkela_steel_,NON_INDUSTRIAL_RURAL,0.1,CLUSTER_563,0.052,3,58,False,15.090000000000032,,UNLABELED,UNVERIFIED,,,,,,23.07,LOW,NON_INDUSTRIAL_RURAL,ROUTINE_MONITORING_RECOMMENDED
1287,20.96777,85.15349,316.1,292.5,2026-09-27,2034,2.55,nominal,0.6,N,N,VIIRS,near_real_time,Odisha,EAST_MINERAL_BELT,False,141627.8,SAIL Rourkela Steel Plant,steel_and_heavy_industry,national_sail_rourkela_steel_,NON_INDUSTRIAL_RURAL,0.1,CLUSTER_291,0.052,3,58,False,23.600000000000023,,UNLABELED,UNVERIFIED,,,,,,17.17,LOW,NON_INDUSTRIAL_RURAL,ROUTINE_MONITORING_RECOMMENDED
1288,20.96792,85.17504,336.4,293.39,2026-09-27,2034,2.19,nominal,0.6,N,N,VIIRS,near_real_time,Odisha,EAST_MINERAL_BELT,False,142087.4,SAIL Rourkela Steel Plant,steel_and_heavy_industry,national_sail_rourkela_steel_,NON_INDUSTRIAL_RURAL,0.1,CLUSTER_563,0.052,3,58,False,43.00999999999999,,UNLABELED,UNVERIFIED,,,,,,23.07,LOW,NON_INDUSTRIAL_RURAL,ROUTINE_MONITORING_RECOMMENDED
1289,20.96793,86.01491,333.46,294.83,2026-09-27,2034,2.47,nominal,0.6,N,N,VIIRS,near_real_time,Odisha,EAST_MINERAL_BELT,False,98246.2,IOCL Paradip Refinery Complex,oil_refinery,national_iocl_paradip_refiner,NON_INDUSTRIAL_RURAL,0.1,CLUSTER_562,0.034,2,58,False,38.629999999999995,,UNLABELED,UNVERIFIED,,,,,,23.14,LOW,NON_INDUSTRIAL_RURAL,ROUTINE_MONITORING_RECOMMENDED
1290,20.96802,86.00309,306.74,294.2,2026-09-27,2034,2.06,nominal,0.6,N,N,VIIRS,near_real_time,Odisha,EAST_MINERAL_BELT,False,99054.0,IOCL Paradip Refinery Complex,oil_refinery,national_iocl_paradip_refiner,NON_INDUSTRIAL_RURAL,0.1,CLUSTER_562,0.034,2,58,False,12.54000000000002,,UNLABELED,UNVERIFIED,,,,,,23.14,LOW,NON_INDUSTRIAL_RURAL,ROUTINE_MONITORING_RECOMMENDED
1291,20.96873,85.17093,314.1,292.56,2026-09-27,2034,2.35,nominal,0.6,N,N,VIIRS,near_real_time,Odisha,EAST_MINERAL_BELT,False,141906.2,SAIL Rourkela Steel Plant,steel_and_heavy_industry,national_sail_rourkela_steel_,NON_INDUSTRIAL_RURAL,0.1,CLUSTER_563,0.052,3,58,False,21.54000000000002,,UNLABELED,UNVERIFIED,,,,,,23.07,LOW,NON_INDUSTRIAL_RURAL,ROUTINE_MONITORING_RECOMMENDED
1292,20.96874,86.02287,308.51,293.5,2026-09-27,2034,2.32,nominal,0.6,N,N,VIIRS,near_real_time,Odisha,EAST_MINERAL_BELT,False,97776.6,IOCL Paradip Refinery Complex,oil_refinery,national_iocl_paradip_refiner,NON_INDUSTRIAL_RURAL,0.1,CLUSTER_562,0.034,2,58,False,15.009999999999991,,UNLABELED,UNVERIFIED,,,,,,23.14,LOW,NON_INDUSTRIAL_RURAL,ROUTINE_MONITORING_RECOMMENDED
1293,20.96889,86.01025,311.51,294.47,2026-09-27,2034,5.0,nominal,0.6,N,N,VIIRS,near_real_time,Odisha,EAST_MINERAL_BELT,False,98641.6,IOCL Paradip Refinery Complex,oil_refinery,national_iocl_paradip_refiner,NON_INDUSTRIAL_RURAL,0.1,CLUSTER_562,0.034,2,58,False,17.039999999999964,,UNLABELED,UNVERIFIED,,,,,,23.14,LOW,NON_INDUSTRIAL_RURAL,ROUTINE_MONITORING_RECOMMENDED
1294,20.97058,86.01352,308.45,294.14,2026-09-27,2034,2.61,nominal,0.6,N,N,VIIRS,near_real_time,Odisha,EAST_MINERAL_BELT,False,98560.0,IOCL Paradip Refinery Complex,oil_refinery,national_iocl_paradip_refiner,NON_INDUSTRIAL_RURAL,0.1,CLUSTER_562,0.034,2,58,False,14.310000000000002,,UNLABELED,UNVERIFIED,,,,,,23.14,LOW,NON_INDUSTRIAL_RURAL,ROUTINE_MONITORING_RECOMMENDED
1295,20.97139,86.02061,305.5,293.46,2026-09-27,2034,2.47,nominal,0.6,N,N,VIIRS,near_real_time,Odisha,EAST_MINERAL_BELT,False,98153.1,IOCL Paradip Refinery Complex,oil_refinery,national_iocl_paradip_refiner,NON_INDUSTRIAL_RURAL,0.1,CLUSTER_562,0.034,2,58,False,12.04000000000002,,UNLABELED,UNVERIFIED,,,,,,23.14,LOW,NON_INDUSTRIAL_RURAL,ROUTINE_MONITORING_RECOMMENDED
1296,20.97211,85.17599,316.21,292.99,2026-09-27,2034,1.75,nominal,0.6,N,N,VIIRS,near_real_time,Odisha,EAST_MINERAL_BELT,False,141654.8,SAIL Rourkela Steel Plant,steel_and_heavy_industry,national_sail_rourkela_steel_,NON_INDUSTRIAL_RURAL,0.1,CLUSTER_563,0.052,3,58,False,23.21999999999997,,UNLABELED,UNVERIFIED,,,,,,23.07,LOW,NON_INDUSTRIAL_RURAL,ROUTINE_MONITORING_RECOMMENDED
1297,20.97243,86.00416,306.59,294.14,2026-09-27,2034,1.93,nominal,0.6,N,N,VIIRS,near_real_time,Odisha,EAST_MINERAL_BELT,False,99352.3,IOCL Paradip Refinery Complex,oil_refinery,national_iocl_paradip_refiner,NON_INDUSTRIAL_RURAL,0.1,CLUSTER_562,0.034,2,58,False,12.449999999999989,,UNLABELED,UNVERIFIED,,,,,,23.14,LOW,NON_INDUSTRIAL_RURAL,ROUTINE_MONITORING_RECOMMENDED
1298,20.97601,85.13378,305.45,292.5,2026-09-27,2034,1.4,nominal,0.6,N,N,VIIRS,near_real_time,Odisha,EAST_MINERAL_BELT,False,140322.7,SAIL Rourkela Steel Plant,steel_and_heavy_industry,national_sail_rourkela_steel_,NON_INDUSTRIAL_RURAL,0.1,CLUSTER_564,0.034,2,58,False,12.949999999999989,,UNLABELED,UNVERIFIED,,,,,,19.3,LOW,NON_INDUSTRIAL_RURAL,ROUTINE_MONITORING_RECOMMENDED
1299,20.9771,85.17285,319.18,292.83,2026-09-27,2034,2.23,nominal,0.6,N,N,VIIRS,near_real_time,Odisha,EAST_MINERAL_BELT,False,141041.6,SAIL Rourkela Steel Plant,steel_and_heavy_industry,national_sail_rourkela_steel_,NON_INDUSTRIAL_RURAL,0.1,CLUSTER_563,0.052,3,58,False,26.350000000000023,,UNLABELED,UNVERIFIED,,,,,,23.07,LOW,NON_INDUSTRIAL_RURAL,ROUTINE_MONITORING_RECOMMENDED
1300,20.97791,85.16874,311.34,292.57,2026-09-27,2034,2.23,nominal,0.6,N,N,VIIRS,near_real_time,Odisha,EAST_MINERAL_BELT,False,140860.4,SAIL Rourkela Steel Plant,steel_and_heavy_industry,national_sail_rourkela_steel_,NON_INDUSTRIAL_RURAL,0.1,CLUSTER_563,0.052,3,58,False,18.769999999999982,,UNLABELED,UNVERIFIED,,,,,,23.07,LOW,NON_INDUSTRIAL_RURAL,ROUTINE_MONITORING_RECOMMENDED
1301,20.98018,85.13476,322.92,293.28,2026-09-27,2034,3.44,nominal,0.6,N,N,VIIRS,near_real_time,Odisha,EAST_MINERAL_BELT,False,139887.4,SAIL Rourkela Steel Plant,steel_and_heavy_industry,national_sail_rourkela_steel_,NON_INDUSTRIAL_RURAL,0.1,CLUSTER_564,0.034,2,58,False,29.640000000000043,,UNLABELED,UNVERIFIED,,,,,,19.3,LOW,NON_INDUSTRIAL_RURAL,ROUTINE_MONITORING_RECOMMENDED
1302,21.07684,85.04385,305.94,292.42,2026-09-27,2034,2.02,nominal,0.6,N,N,VIIRS,near_real_time,Odisha,EAST_MINERAL_BELT,False,127712.3,SAIL Rourkela Steel Plant,steel_and_heavy_industry,national_sail_rourkela_steel_,NON_INDUSTRIAL_RURAL,0.1,CLUSTER_663,0.052,3,58,False,13.519999999999982,,UNLABELED,UNVERIFIED,,,,,,22.17,LOW,NON_INDUSTRIAL_RURAL,ROUTINE_MONITORING_RECOMMENDED
1303,21.07764,85.03981,308.06,292.42,2026-09-27,2034,2.54,nominal,0.6,N,N,VIIRS,near_real_time,Odisha,EAST_MINERAL_BELT,False,127566.5,SAIL Rourkela Steel Plant,steel_and_heavy_industry,national_sail_rourkela_steel_,NON_INDUSTRIAL_RURAL,0.1,CLUSTER_663,0.052,3,58,False,15.639999999999986,,UNLABELED,UNVERIFIED,,,,,,22.17,LOW,NON_INDUSTRIAL_RURAL,ROUTINE_MONITORING_RECOMMENDED
1304,21.07843,85.03578,321.51,293.2,2026-09-27,2034,2.54,nominal,0.6,N,N,VIIRS,near_real_time,Odisha,EAST_MINERAL_BELT,False,127421.8,SAIL Rourkela Steel Plant,steel_and_heavy_industry,national_sail_rourkela_steel_,NON_INDUSTRIAL_RURAL,0.1,CLUSTER_663,0.052,3,58,False,28.310000000000002,,UNLABELED,UNVERIFIED,,,,,,22.17,LOW,NON_INDUSTRIAL_RURAL,ROUTINE_MONITORING_RECOMMENDED
1305,21.07923,85.03172,306.91,292.18,2026-09-27,2034,1.47,nominal,0.6,N,N,VIIRS,near_real_time,Odisha,EAST_MINERAL_BELT,False,127278.0,SAIL Rourkela Steel Plant,steel_and_heavy_industry,national_sail_rourkela_steel_,NON_INDUSTRIAL_RURAL,0.1,CLUSTER_663,0.052,3,58,False,14.730000000000018,,UNLABELED,UNVERIFIED,,,,,,22.17,LOW,NON_INDUSTRIAL_RURAL,ROUTINE_MONITORING_RECOMMENDED
1306,21.10118,72.64366,306.23,294.55,2026-09-27,2034,4.21,nominal,0.6,N,N,VIIRS,near_real_time,Gujarat,WEST_GUJARAT,False,230.3,ArcelorMittal Nippon Steel India,works,way/104647203,NEARBY_INDUSTRIAL_BUFFER,0.8,CLUSTER_009,0.345,20,58,True,11.680000000000007,,UNLABELED,UNVERIFIED,,,,,,79.34,HIGH,ELEVATED_THERMAL_ACTIVITY,ESCALATED_INVESTIGATION_RECOMMENDED
1307,21.10223,72.63485,341.28,296.95,2026-09-27,2034,8.02,nominal,0.6,N,N,VIIRS,near_real_time,Gujarat,WEST_GUJARAT,True,0.0,ArcelorMittal Nippon Steel India,works,way/104647203,INSIDE_INDUSTRIAL_ZONE,1.0,CLUSTER_009,0.345,20,58,True,44.329999999999984,,UNLABELED,UNVERIFIED,,,,,,79.34,HIGH,ELEVATED_THERMAL_ACTIVITY,ESCALATED_INVESTIGATION_RECOMMENDED
1308,21.10447,72.65305,306.01,295.73,2026-09-27,2034,4.57,nominal,0.6,N,N,VIIRS,near_real_time,Gujarat,WEST_GUJARAT,True,0.0,ArcelorMittal Nippon Steel India,works,way/104647203,INSIDE_INDUSTRIAL_ZONE,1.0,CLUSTER_009,0.345,20,58,True,10.279999999999973,,UNLABELED,UNVERIFIED,,,,,,79.34,HIGH,ELEVATED_THERMAL_ACTIVITY,ESCALATED_INVESTIGATION_RECOMMENDED
1309,21.10499,72.64865,313.0,295.88,2026-09-27,2034,4.57,nominal,0.6,N,N,VIIRS,near_real_time,Gujarat,WEST_GUJARAT,True,0.0,ArcelorMittal Nippon Steel India,works,way/104647203,INSIDE_INDUSTRIAL_ZONE,1.0,CLUSTER_009,0.345,20,58,True,17.120000000000005,,UNLABELED,UNVERIFIED,,,,,,79.34,HIGH,ELEVATED_THERMAL_ACTIVITY,ESCALATED_INVESTIGATION_RECOMMENDED
1310,21.10552,72.64426,343.97,298.53,2026-09-27,2034,13.19,nominal,0.6,N,N,VIIRS,near_real_time,Gujarat,WEST_GUJARAT,True,0.0,ArcelorMittal Nippon Steel India,works,way/104647203,INSIDE_INDUSTRIAL_ZONE,1.0,CLUSTER_009,0.345,20,58,True,45.440000000000055,,UNLABELED,UNVERIFIED,,,,,,79.34,HIGH,ELEVATED_THERMAL_ACTIVITY,ESCALATED_INVESTIGATION_RECOMMENDED
1311,21.10604,72.63985,315.19,294.18,2026-09-27,2034,13.19,nominal,0.6,N,N,VIIRS,near_real_time,Gujarat,WEST_GUJARAT,True,0.0,ArcelorMittal Nippon Steel India,works,way/104647203,INSIDE_INDUSTRIAL_ZONE,1.0,CLUSTER_009,0.345,20,58,True,21.00999999999999,,UNLABELED,UNVERIFIED,,,,,,79.34,HIGH,ELEVATED_THERMAL_ACTIVITY,ESCALATED_INVESTIGATION_RECOMMENDED
1312,21.10657,72.63545,306.17,294.73,2026-09-27,2034,1.97,nominal,0.6,N,N,VIIRS,near_real_time,Gujarat,WEST_GUJARAT,True,0.0,ArcelorMittal Nippon Steel India,works,way/104647203,INSIDE_INDUSTRIAL_ZONE,1.0,CLUSTER_009,0.345,20,58,True,11.439999999999998,,UNLABELED,UNVERIFIED,,,,,,79.34,HIGH,ELEVATED_THERMAL_ACTIVITY,ESCALATED_INVESTIGATION_RECOMMENDED
1313,21.11091,72.63604,310.83,296.07,2026-09-27,2034,1.97,nominal,0.6,N,N,VIIRS,near_real_time,Gujarat,WEST_GUJARAT,True,0.0,ArcelorMittal Nippon Steel India,works,way/104647203,INSIDE_INDUSTRIAL_ZONE,1.0,CLUSTER_009,0.345,20,58,True,14.759999999999991,,UNLABELED,UNVERIFIED,,,,,,79.34,HIGH,ELEVATED_THERMAL_ACTIVITY,ESCALATED_INVESTIGATION_RECOMMENDED
1314,21.18033,81.38165,310.08,294.67,2026-09-27,2034,1.43,nominal,0.6,N,N,VIIRS,near_real_time,Chhattisgarh,EAST_MINERAL_BELT,True,0.0,SAIL Bhilai Steel Plant,steel_and_heavy_industry,national_sail_bhilai_steel_pl,INSIDE_INDUSTRIAL_ZONE,1.0,CLUSTER_048,0.052,3,58,True,15.409999999999968,,UNLABELED,UNVERIFIED,,,,,,90.68,CRITICAL,SEVERE_THERMAL_ANOMALY,HIGH_PRIORITY_INVESTIGATION_REQUIRED
1315,21.18377,81.38232,307.92,294.94,2026-09-27,2034,1.21,nominal,0.6,N,N,VIIRS,near_real_time,Chhattisgarh,EAST_MINERAL_BELT,True,0.0,SAIL Bhilai Steel Plant,steel_and_heavy_industry,national_sail_bhilai_steel_pl,INSIDE_INDUSTRIAL_ZONE,1.0,CLUSTER_048,0.052,3,58,True,12.980000000000018,,UNLABELED,UNVERIFIED,,,,,,90.68,CRITICAL,SEVERE_THERMAL_ANOMALY,HIGH_PRIORITY_INVESTIGATION_REQUIRED
1316,21.18769,81.39007,313.1,295.71,2026-09-27,2034,2.88,nominal,0.6,N,N,VIIRS,near_real_time,Chhattisgarh,EAST_MINERAL_BELT,False,710.4,SAIL Bhilai Steel Plant,steel_and_heavy_industry,national_sail_bhilai_steel_pl,NEARBY_INDUSTRIAL_BUFFER,0.8,CLUSTER_048,0.052,3,58,True,17.390000000000043,,UNLABELED,UNVERIFIED,,,,,,90.68,CRITICAL,SEVERE_THERMAL_ANOMALY,HIGH_PRIORITY_INVESTIGATION_REQUIRED
1317,21.18836,81.20966,306.44,294.46,2026-09-27,2034,0.99,nominal,0.6,N,N,VIIRS,near_real_time,Chhattisgarh,EAST_MINERAL_BELT,False,17064.0,SAIL Bhilai Steel Plant,steel_and_heavy_industry,national_sail_bhilai_steel_pl,NON_INDUSTRIAL_RURAL,0.1,CLUSTER_664,0.017,1,58,False,11.980000000000018,,UNLABELED,UNVERIFIED,,,,,,15.99,LOW,NON_INDUSTRIAL_RURAL,ROUTINE_MONITORING_RECOMMENDED
1318,21.23289,79.63208,307.02,296.1,2026-09-27,2034,0.8,nominal,0.6,N,N,VIIRS,near_real_time,Central India,ALL_INDIA,False,180671.2,SAIL Bhilai Steel Plant,steel_and_heavy_industry,national_sail_bhilai_steel_pl,NON_INDUSTRIAL_RURAL,0.1,CLUSTER_665,0.034,2,58,False,10.919999999999959,,UNLABELED,UNVERIFIED,,,,,,16.16,LOW,NON_INDUSTRIAL_RURAL,ROUTINE_MONITORING_RECOMMENDED
1319,21.23348,79.62838,306.18,295.52,2026-09-27,2034,0.8,nominal,0.6,N,N,VIIRS,near_real_time,Central India,ALL_INDIA,False,181056.4,SAIL Bhilai Steel Plant,steel_and_heavy_industry,national_sail_bhilai_steel_pl,NON_INDUSTRIAL_RURAL,0.1,CLUSTER_665,0.034,2,58,False,10.660000000000025,,UNLABELED,UNVERIFIED,,,,,,16.16,LOW,NON_INDUSTRIAL_RURAL,ROUTINE_MONITORING_RECOMMENDED
1320,21.23939,79.23052,307.7,295.66,2026-09-27,2034,1.28,nominal,0.6,N,N,VIIRS,near_real_time,Central India,ALL_INDIA,False,222295.7,SAIL Bhilai Steel Plant,steel_and_heavy_industry,national_sail_bhilai_steel_pl,NON_INDUSTRIAL_RURAL,0.1,CLUSTER_214,0.052,3,58,False,12.039999999999964,,UNLABELED,UNVERIFIED,,,,,,16.84,LOW,NON_INDUSTRIAL_RURAL,ROUTINE_MONITORING_RECOMMENDED
1321,21.24388,79.22375,314.59,296.42,2026-09-27,2034,1.59,nominal,0.6,N,N,VIIRS,near_real_time,Central India,ALL_INDIA,False,223009.1,SAIL Bhilai Steel Plant,steel_and_heavy_industry,national_sail_bhilai_steel_pl,NON_INDUSTRIAL_RURAL,0.1,CLUSTER_214,0.052,3,58,False,18.16999999999996,,UNLABELED,UNVERIFIED,,,,,,16.84,LOW,NON_INDUSTRIAL_RURAL,ROUTINE_MONITORING_RECOMMENDED
1322,21.24953,79.2096,316.1,295.89,2026-09-27,2034,1.45,nominal,0.6,N,N,VIIRS,near_real_time,Central India,ALL_INDIA,False,224491.6,SAIL Bhilai Steel Plant,steel_and_heavy_industry,national_sail_bhilai_steel_pl,NON_INDUSTRIAL_RURAL,0.1,CLUSTER_215,0.034,2,58,False,20.210000000000036,,UNLABELED,UNVERIFIED,,,,,,16.91,LOW,NON_INDUSTRIAL_RURAL,ROUTINE_MONITORING_RECOMMENDED
1323,21.29804,81.60773,311.67,293.83,2026-09-27,2034,1.3,nominal,0.6,N,N,VIIRS,near_real_time,Chhattisgarh,EAST_MINERAL_BELT,False,26374.2,SAIL Bhilai Steel Plant,steel_and_heavy_industry,national_sail_bhilai_steel_pl,NON_INDUSTRIAL_RURAL,0.1,CLUSTER_666,0.034,2,58,False,17.840000000000032,,UNLABELED,UNVERIFIED,,,,,,16.29,LOW,NON_INDUSTRIAL_RURAL,ROUTINE_MONITORING_RECOMMENDED
1324,21.31127,81.59348,306.65,294.66,2026-09-27,2034,1.09,nominal,0.6,N,N,VIIRS,near_real_time,Chhattisgarh,EAST_MINERAL_BELT,False,25869.9,SAIL Bhilai Steel Plant,steel_and_heavy_industry,national_sail_bhilai_steel_pl,NON_INDUSTRIAL_RURAL,0.1,CLUSTER_667,0.034,2,58,False,11.989999999999952,,UNLABELED,UNVERIFIED,,,,,,16.2,LOW,NON_INDUSTRIAL_RURAL,ROUTINE_MONITORING_RECOMMENDED
1325,21.33496,78.97099,305.25,294.59,2026-09-27,2034,1.03,nominal,0.6,N,N,VIIRS,near_real_time,Central India,ALL_INDIA,False,249613.1,SAIL Bhilai Steel Plant,steel_and_heavy_industry,national_sail_bhilai_steel_pl,NON_INDUSTRIAL_RURAL,0.1,CLUSTER_216,0.052,3,58,False,10.660000000000025,,UNLABELED,UNVERIFIED,,,,,,17.49,LOW,NON_INDUSTRIAL_RURAL,ROUTINE_MONITORING_RECOMMENDED
1326,21.33554,78.96729,313.01,295.31,2026-09-27,2034,1.91,nominal,0.6,N,N,VIIRS,near_real_time,Central India,ALL_INDIA,False,249999.6,SAIL Bhilai Steel Plant,steel_and_heavy_industry,national_sail_bhilai_steel_pl,NON_INDUSTRIAL_RURAL,0.1,CLUSTER_216,0.052,3,58,False,17.69999999999999,,UNLABELED,UNVERIFIED,,,,,,17.49,LOW,NON_INDUSTRIAL_RURAL,ROUTINE_MONITORING_RECOMMENDED
1327,21.37536,81.6427,312.09,295.3,2026-09-27,2034,1.15,nominal,0.6,N,N,VIIRS,near_real_time,Chhattisgarh,EAST_MINERAL_BELT,False,34185.4,SAIL Bhilai Steel Plant,steel_and_heavy_industry,national_sail_bhilai_steel_pl,NON_INDUSTRIAL_RURAL,0.1,CLUSTER_668,0.034,2,58,False,16.789999999999964,,UNLABELED,UNVERIFIED,,,,,,16.37,LOW,NON_INDUSTRIAL_RURAL,ROUTINE_MONITORING_RECOMMENDED
1328,21.37584,81.68092,313.73,295.55,2026-09-27,2034,1.74,nominal,0.6,N,N,VIIRS,near_real_time,Chhattisgarh,EAST_MINERAL_BELT,False,37395.1,SAIL Bhilai Steel Plant,steel_and_heavy_industry,national_sail_bhilai_steel_pl,NON_INDUSTRIAL_RURAL,0.1,CLUSTER_669,0.034,2,58,False,18.180000000000007,,UNLABELED,UNVERIFIED,,,,,,16.68,LOW,NON_INDUSTRIAL_RURAL,ROUTINE_MONITORING_RECOMMENDED
1329,21.38923,81.64545,310.1,295.11,2026-09-27,2034,0.66,nominal,0.6,N,N,VIIRS,near_real_time,Chhattisgarh,EAST_MINERAL_BELT,False,35383.2,SAIL Bhilai Steel Plant,steel_and_heavy_industry,national_sail_bhilai_steel_pl,NON_INDUSTRIAL_RURAL,0.1,CLUSTER_670,0.017,1,58,False,14.990000000000009,,UNLABELED,UNVERIFIED,,,,,,15.93,LOW,NON_INDUSTRIAL_RURAL,ROUTINE_MONITORING_RECOMMENDED
1330,21.43384,72.97796,311.31,294.62,2026-09-27,2034,1.11,nominal,0.6,N,N,VIIRS,near_real_time,Gujarat,WEST_GUJARAT,False,1494.9,Unnamed Industrial Facility,general_industry,way/678612994,VICINITY_ZONE,0.4,CLUSTER_036,0.034,2,58,False,16.689999999999998,,UNLABELED,UNVERIFIED,,,,,,21.77,LOW,NON_INDUSTRIAL_RURAL,ROUTINE_MONITORING_RECOMMENDED
1331,21.45751,81.83662,308.44,294.02,2026-09-27,2034,1.04,nominal,0.6,N,N,VIIRS,near_real_time,Chhattisgarh,EAST_MINERAL_BELT,False,55839.3,SAIL Bhilai Steel Plant,steel_and_heavy_industry,national_sail_bhilai_steel_pl,NON_INDUSTRIAL_RURAL,0.1,CLUSTER_671,0.017,1,58,False,14.420000000000016,,UNLABELED,UNVERIFIED,,,,,,16.01,LOW,NON_INDUSTRIAL_RURAL,ROUTINE_MONITORING_RECOMMENDED
1332,21.48727,81.76977,307.08,294.86,2026-09-27,2034,0.56,nominal,0.6,N,N,VIIRS,near_real_time,Chhattisgarh,EAST_MINERAL_BELT,False,52247.7,SAIL Bhilai Steel Plant,steel_and_heavy_industry,national_sail_bhilai_steel_pl,NON_INDUSTRIAL_RURAL,0.1,CLUSTER_672,0.034,2,58,False,12.21999999999997,,UNLABELED,UNVERIFIED,,,,,,15.9,LOW,NON_INDUSTRIAL_RURAL,ROUTINE_MONITORING_RECOMMENDED
1333,21.50168,81.81111,305.83,294.52,2026-09-27,2034,0.72,nominal,0.6,N,N,VIIRS,near_real_time,Chhattisgarh,EAST_MINERAL_BELT,False,56570.8,SAIL Bhilai Steel Plant,steel_and_heavy_industry,national_sail_bhilai_steel_pl,NON_INDUSTRIAL_RURAL,0.1,CLUSTER_673,0.017,1,58,False,11.310000000000002,,UNLABELED,UNVERIFIED,,,,,,15.93,LOW,NON_INDUSTRIAL_RURAL,ROUTINE_MONITORING_RECOMMENDED
1334,21.57656,82.0242,306.6,295.37,2026-09-27,2034,0.9,nominal,0.6,N,N,VIIRS,near_real_time,Chhattisgarh,EAST_MINERAL_BELT,False,79324.5,SAIL Bhilai Steel Plant,steel_and_heavy_industry,national_sail_bhilai_steel_pl,NON_INDUSTRIAL_RURAL,0.1,CLUSTER_674,0.017,1,58,False,11.230000000000018,,UNLABELED,UNVERIFIED,,,,,,15.97,LOW,NON_INDUSTRIAL_RURAL,ROUTINE_MONITORING_RECOMMENDED
1335,21.6201,81.79542,305.1,294.02,2026-09-27,2034,0.81,nominal,0.6,N,N,VIIRS,near_real_time,Chhattisgarh,EAST_MINERAL_BELT,False,64505.0,SAIL Bhilai Steel Plant,steel_and_heavy_industry,national_sail_bhilai_steel_pl,NON_INDUSTRIAL_RURAL,0.1,CLUSTER_675,0.017,1,58,False,11.080000000000041,,UNLABELED,UNVERIFIED,,,,,,15.95,LOW,NON_INDUSTRIAL_RURAL,ROUTINE_MONITORING_RECOMMENDED
1336,21.67192,82.08113,309.68,294.91,2026-09-27,2034,1.53,nominal,0.6,N,N,VIIRS,near_real_time,Chhattisgarh,EAST_MINERAL_BELT,False,90242.6,SAIL Bhilai Steel Plant,steel_and_heavy_industry,national_sail_bhilai_steel_pl,NON_INDUSTRIAL_RURAL,0.1,CLUSTER_676,0.017,1,58,False,14.769999999999982,,UNLABELED,UNVERIFIED,,,,,,16.12,LOW,NON_INDUSTRIAL_RURAL,ROUTINE_MONITORING_RECOMMENDED
1337,21.67409,84.04257,307.2,294.41,2026-09-27,2034,1.41,nominal,0.6,N,N,VIIRS,near_real_time,Odisha,EAST_MINERAL_BELT,False,104091.6,SAIL Rourkela Steel Plant,steel_and_heavy_industry,national_sail_rourkela_steel_,NON_INDUSTRIAL_RURAL,0.1,CLUSTER_312,0.052,3,58,False,12.789999999999964,,UNLABELED,UNVERIFIED,,,,,,20.08,LOW,NON_INDUSTRIAL_RURAL,ROUTINE_MONITORING_RECOMMENDED
1338,21.67892,84.03992,315.62,294.91,2026-09-27,2034,2.46,nominal,0.6,N,N,VIIRS,near_real_time,Odisha,EAST_MINERAL_BELT,False,104003.6,SAIL Rourkela Steel Plant,steel_and_heavy_industry,national_sail_rourkela_steel_,NON_INDUSTRIAL_RURAL,0.1,CLUSTER_312,0.052,3,58,False,20.70999999999998,,UNLABELED,UNVERIFIED,,,,,,20.08,LOW,NON_INDUSTRIAL_RURAL,ROUTINE_MONITORING_RECOMMENDED
1339,21.67893,84.03822,314.96,294.45,2026-09-27,2034,2.63,nominal,0.6,N,N,VIIRS,near_real_time,Odisha,EAST_MINERAL_BELT,False,104146.5,SAIL Rourkela Steel Plant,steel_and_heavy_industry,national_sail_rourkela_steel_,NON_INDUSTRIAL_RURAL,0.1,CLUSTER_312,0.052,3,58,False,20.50999999999999,,UNLABELED,UNVERIFIED,,,,,,20.08,LOW,NON_INDUSTRIAL_RURAL,ROUTINE_MONITORING_RECOMMENDED
1340,21.73124,82.21469,309.13,295.54,2026-09-27,2034,1.18,nominal,0.6,N,N,VIIRS,near_real_time,Chhattisgarh,EAST_MINERAL_BELT,False,105282.2,SAIL Bhilai Steel Plant,steel_and_heavy_industry,national_sail_bhilai_steel_pl,NON_INDUSTRIAL_RURAL,0.1,CLUSTER_677,0.034,2,58,False,13.589999999999975,,UNLABELED,UNVERIFIED,,,,,,16.04,LOW,NON_INDUSTRIAL_RURAL,ROUTINE_MONITORING_RECOMMENDED
1341,21.7404,83.84351,307.75,294.79,2026-09-27,2034,1.72,nominal,0.6,N,N,VIIRS,near_real_time,Odisha,EAST_MINERAL_BELT,False,117894.6,SAIL Rourkela Steel Plant,steel_and_heavy_industry,national_sail_rourkela_steel_,NON_INDUSTRIAL_RURAL,0.1,CLUSTER_145,0.069,4,58,False,12.95999999999998,,UNLABELED,UNVERIFIED,,,,,,20.45,LOW,NON_INDUSTRIAL_RURAL,ROUTINE_MONITORING_RECOMMENDED
1342,21.74422,83.84438,311.51,294.6,2026-09-27,2034,1.72,nominal,0.6,N,N,VIIRS,near_real_time,Odisha,EAST_MINERAL_BELT,False,117622.5,SAIL Rourkela Steel Plant,steel_and_heavy_industry,national_sail_rourkela_steel_,NON_INDUSTRIAL_RURAL,0.1,CLUSTER_145,0.069,4,58,False,16.909999999999968,,UNLABELED,UNVERIFIED,,,,,,20.45,LOW,NON_INDUSTRIAL_RURAL,ROUTINE_MONITORING_RECOMMENDED
1343,21.74805,83.84522,318.78,295.14,2026-09-27,2034,2.16,nominal,0.6,N,N,VIIRS,near_real_time,Odisha,EAST_MINERAL_BELT,False,117353.7,SAIL Rourkela Steel Plant,steel_and_heavy_industry,national_sail_rourkela_steel_,NON_INDUSTRIAL_RURAL,0.1,CLUSTER_145,0.069,4,58,False,23.639999999999986,,UNLABELED,UNVERIFIED,,,,,,20.45,LOW,NON_INDUSTRIAL_RURAL,ROUTINE_MONITORING_RECOMMENDED
1344,21.74902,83.8401,319.4,294.74,2026-09-27,2034,2.16,nominal,0.6,N,N,VIIRS,near_real_time,Odisha,EAST_MINERAL_BELT,False,117778.6,SAIL Rourkela Steel Plant,steel_and_heavy_industry,national_sail_rourkela_steel_,NON_INDUSTRIAL_RURAL,0.1,CLUSTER_145,0.069,4,58,False,24.659999999999968,,UNLABELED,UNVERIFIED,,,,,,20.45,LOW,NON_INDUSTRIAL_RURAL,ROUTINE_MONITORING_RECOMMENDED
1345,21.75173,83.97424,327.62,295.15,2026-09-27,2034,4.15,nominal,0.6,N,N,VIIRS,near_real_time,Odisha,EAST_MINERAL_BELT,False,105397.3,SAIL Rourkela Steel Plant,steel_and_heavy_industry,national_sail_rourkela_steel_,NON_INDUSTRIAL_RURAL,0.1,CLUSTER_565,0.034,2,58,False,32.47000000000003,,UNLABELED,UNVERIFIED,,,,,,20.64,LOW,NON_INDUSTRIAL_RURAL,ROUTINE_MONITORING_RECOMMENDED
1346,21.75284,83.84095,309.84,294.55,2026-09-27,2034,2.16,nominal,0.6,N,N,VIIRS,near_real_time,Odisha,EAST_MINERAL_BELT,False,117511.3,SAIL Rourkela Steel Plant,steel_and_heavy_industry,national_sail_rourkela_steel_,NON_INDUSTRIAL_RURAL,0.1,CLUSTER_145,0.069,4,58,False,15.289999999999964,,UNLABELED,UNVERIFIED,,,,,,20.45,LOW,NON_INDUSTRIAL_RURAL,ROUTINE_MONITORING_RECOMMENDED
1347,21.75453,84.02354,308.73,295.05,2026-09-27,2034,2.41,nominal,0.6,N,N,VIIRS,near_real_time,Odisha,EAST_MINERAL_BELT,False,100840.0,SAIL Rourkela Steel Plant,steel_and_heavy_industry,national_sail_rourkela_steel_,NON_INDUSTRIAL_RURAL,0.1,CLUSTER_678,0.034,2,58,False,13.680000000000007,,UNLABELED,UNVERIFIED,,,,,,17.54,LOW,NON_INDUSTRIAL_RURAL,ROUTINE_MONITORING_RECOMMENDED
1348,21.75666,83.84179,324.59,295.92,2026-09-27,2034,2.26,nominal,0.6,N,N,VIIRS,near_real_time,Odisha,EAST_MINERAL_BELT,False,117245.9,SAIL Rourkela Steel Plant,steel_and_heavy_industry,national_sail_rourkela_steel_,NON_INDUSTRIAL_RURAL,0.1,CLUSTER_145,0.069,4,58,False,28.66999999999996,,UNLABELED,UNVERIFIED,,,,,,20.45,LOW,NON_INDUSTRIAL_RURAL,ROUTINE_MONITORING_RECOMMENDED
1349,21.75952,83.84772,313.07,294.28,2026-09-27,2034,2.26,nominal,0.6,N,N,VIIRS,near_real_time,Odisha,EAST_MINERAL_BELT,False,116556.0,SAIL Rourkela Steel Plant,steel_and_heavy_industry,national_sail_rourkela_steel_,NON_INDUSTRIAL_RURAL,0.1,CLUSTER_145,0.069,4,58,False,18.79000000000002,,UNLABELED,UNVERIFIED,,,,,,20.45,LOW,NON_INDUSTRIAL_RURAL,ROUTINE_MONITORING_RECOMMENDED
1350,21.76048,83.84262,307.85,294.2,2026-09-27,2034,2.26,nominal,0.6,N,N,VIIRS,near_real_time,Odisha,EAST_MINERAL_BELT,False,116982.4,SAIL Rourkela Steel Plant,steel_and_heavy_industry,national_sail_rourkela_steel_,NON_INDUSTRIAL_RURAL,0.1,CLUSTER_145,0.069,4,58,False,13.650000000000034,,UNLABELED,UNVERIFIED,,,,,,20.45,LOW,NON_INDUSTRIAL_RURAL,ROUTINE_MONITORING_RECOMMENDED
1351,21.76323,84.02,311.91,295.11,2026-09-27,2034,2.3,nominal,0.6,N,N,VIIRS,near_real_time,Odisha,EAST_MINERAL_BELT,False,100663.3,SAIL Rourkela Steel Plant,steel_and_heavy_industry,national_sail_rourkela_steel_,NON_INDUSTRIAL_RURAL,0.1,CLUSTER_679,0.034,2,58,False,16.80000000000001,,UNLABELED,UNVERIFIED,,,,,,19.67,LOW,NON_INDUSTRIAL_RURAL,ROUTINE_MONITORING_RECOMMENDED
1352,21.76335,83.84856,320.79,295.87,2026-09-27,2034,2.82,nominal,0.6,N,N,VIIRS,near_real_time,Odisha,EAST_MINERAL_BELT,False,116291.2,SAIL Rourkela Steel Plant,steel_and_heavy_industry,national_sail_rourkela_steel_,NON_INDUSTRIAL_RURAL,0.1,CLUSTER_145,0.069,4,58,False,24.920000000000016,,UNLABELED,UNVERIFIED,,,,,,20.45,LOW,NON_INDUSTRIAL_RURAL,ROUTINE_MONITORING_RECOMMENDED
1353,21.7671,84.02085,316.66,295.57,2026-09-27,2034,2.3,nominal,0.6,N,N,VIIRS,near_real_time,Odisha,EAST_MINERAL_BELT,False,100371.2,SAIL Rourkela Steel Plant,steel_and_heavy_industry,national_sail_rourkela_steel_,NON_INDUSTRIAL_RURAL,0.1,CLUSTER_679,0.034,2,58,False,21.090000000000032,,UNLABELED,UNVERIFIED,,,,,,19.67,LOW,NON_INDUSTRIAL_RURAL,ROUTINE_MONITORING_RECOMMENDED
1354,21.79087,80.01557,307.53,293.82,2026-09-27,2034,0.41,nominal,0.6,N,N,VIIRS,near_real_time,Central India,ALL_INDIA,False,156036.3,SAIL Bhilai Steel Plant,steel_and_heavy_industry,national_sail_bhilai_steel_pl,NON_INDUSTRIAL_RURAL,0.1,CLUSTER_680,0.017,1,58,False,13.70999999999998,,UNLABELED,UNVERIFIED,,,,,,15.85,LOW,NON_INDUSTRIAL_RURAL,ROUTINE_MONITORING_RECOMMENDED
1355,21.79689,83.88231,306.84,293.98,2026-09-27,2034,1.75,nominal,0.6,N,N,VIIRS,near_real_time,Odisha,EAST_MINERAL_BELT,False,111541.2,SAIL Rourkela Steel Plant,steel_and_heavy_industry,national_sail_rourkela_steel_,NON_INDUSTRIAL_RURAL,0.1,CLUSTER_681,0.034,2,58,False,12.859999999999957,,UNLABELED,UNVERIFIED,,,,,,16.39,LOW,NON_INDUSTRIAL_RURAL,ROUTINE_MONITORING_RECOMMENDED
1356,21.80208,82.04013,312.65,295.48,2026-09-27,2034,1.24,nominal,0.6,N,N,VIIRS,near_real_time,Chhattisgarh,EAST_MINERAL_BELT,False,96564.1,SAIL Bhilai Steel Plant,steel_and_heavy_industry,national_sail_bhilai_steel_pl,NON_INDUSTRIAL_RURAL,0.1,CLUSTER_682,0.034,2,58,False,17.16999999999996,,UNLABELED,UNVERIFIED,,,,,,16.39,LOW,NON_INDUSTRIAL_RURAL,ROUTINE_MONITORING_RECOMMENDED
1357,21.8023,85.56567,304.4,290.68,2026-09-27,2034,1.07,nominal,0.6,N,N,VIIRS,near_real_time,Odisha,EAST_MINERAL_BELT,False,84810.4,SAIL Rourkela Steel Plant,steel_and_heavy_industry,national_sail_rourkela_steel_,NON_INDUSTRIAL_RURAL,0.1,CLUSTER_683,0.034,2,58,False,13.71999999999997,,UNLABELED,UNVERIFIED,,,,,,16.01,LOW,NON_INDUSTRIAL_RURAL,ROUTINE_MONITORING_RECOMMENDED
1358,21.82629,83.90073,305.29,294.64,2026-09-27,2034,1.58,nominal,0.6,N,N,VIIRS,near_real_time,Odisha,EAST_MINERAL_BELT,False,108458.4,SAIL Rourkela Steel Plant,steel_and_heavy_industry,national_sail_rourkela_steel_,NON_INDUSTRIAL_RURAL,0.1,CLUSTER_684,0.034,2,58,False,10.650000000000034,,UNLABELED,UNVERIFIED,,,,,,16.14,LOW,NON_INDUSTRIAL_RURAL,ROUTINE_MONITORING_RECOMMENDED
1359,21.85783,83.96645,305.13,294.23,2026-09-27,2034,1.21,nominal,0.6,N,N,VIIRS,near_real_time,Odisha,EAST_MINERAL_BELT,False,100837.7,SAIL Rourkela Steel Plant,steel_and_heavy_industry,national_sail_rourkela_steel_,NON_INDUSTRIAL_RURAL,0.1,CLUSTER_685,0.034,2,58,False,10.899999999999977,,UNLABELED,UNVERIFIED,,,,,,16.28,LOW,NON_INDUSTRIAL_RURAL,ROUTINE_MONITORING_RECOMMENDED
1360,21.87623,83.49428,309.29,294.11,2026-09-27,2034,1.76,nominal,0.6,N,N,VIIRS,near_real_time,Odisha,EAST_MINERAL_BELT,False,146228.8,SAIL Rourkela Steel Plant,steel_and_heavy_industry,national_sail_rourkela_steel_,NON_INDUSTRIAL_RURAL,0.1,CLUSTER_341,0.052,3,58,False,15.180000000000007,,UNLABELED,UNVERIFIED,,,,,,16.93,LOW,NON_INDUSTRIAL_RURAL,ROUTINE_MONITORING_RECOMMENDED
1361,21.87678,83.55539,309.54,293.92,2026-09-27,2034,1.33,nominal,0.6,N,N,VIIRS,near_real_time,Odisha,EAST_MINERAL_BELT,False,140138.1,SAIL Rourkela Steel Plant,steel_and_heavy_industry,national_sail_rourkela_steel_,NON_INDUSTRIAL_RURAL,0.1,CLUSTER_686,0.034,2,58,False,15.620000000000005,,UNLABELED,UNVERIFIED,,,,,,16.89,LOW,NON_INDUSTRIAL_RURAL,ROUTINE_MONITORING_RECOMMENDED
1362,21.91756,83.35237,306.0,294.13,2026-09-27,2034,1.7,nominal,0.6,N,N,VIIRS,near_real_time,Odisha,EAST_MINERAL_BELT,False,159343.4,SAIL Rourkela Steel Plant,steel_and_heavy_industry,national_sail_rourkela_steel_,NON_INDUSTRIAL_RURAL,0.1,CLUSTER_146,0.086,5,58,False,11.870000000000005,,UNLABELED,UNVERIFIED,,,,,,20.16,LOW,NON_INDUSTRIAL_RURAL,ROUTINE_MONITORING_RECOMMENDED
1363,21.91855,83.34946,309.16,294.41,2026-09-27,2034,2.97,nominal,0.6,N,N,VIIRS,near_real_time,Odisha,EAST_MINERAL_BELT,False,159612.9,SAIL Rourkela Steel Plant,steel_and_heavy_industry,national_sail_rourkela_steel_,NON_INDUSTRIAL_RURAL,0.1,CLUSTER_146,0.086,5,58,False,14.75,,UNLABELED,UNVERIFIED,,,,,,20.16,LOW,NON_INDUSTRIAL_RURAL,ROUTINE_MONITORING_RECOMMENDED
1364,21.92128,83.35315,321.47,296.5,2026-09-27,2034,1.7,nominal,0.6,N,N,VIIRS,near_real_time,Odisha,EAST_MINERAL_BELT,False,159176.3,SAIL Rourkela Steel Plant,steel_and_heavy_industry,national_sail_rourkela_steel_,NON_INDUSTRIAL_RURAL,0.1,CLUSTER_146,0.086,5,58,False,24.970000000000027,,UNLABELED,UNVERIFIED,,,,,,20.16,LOW,NON_INDUSTRIAL_RURAL,ROUTINE_MONITORING_RECOMMENDED
1365,21.92215,83.34835,312.48,295.63,2026-09-27,2034,2.9,nominal,0.6,N,N,VIIRS,near_real_time,Odisha,EAST_MINERAL_BELT,False,159639.7,SAIL Rourkela Steel Plant,steel_and_heavy_industry,national_sail_rourkela_steel_,NON_INDUSTRIAL_RURAL,0.1,CLUSTER_146,0.086,5,58,False,16.850000000000023,,UNLABELED,UNVERIFIED,,,,,,20.16,LOW,NON_INDUSTRIAL_RURAL,ROUTINE_MONITORING_RECOMMENDED
1366,21.92227,83.35024,324.72,297.13,2026-09-27,2034,2.97,nominal,0.6,N,N,VIIRS,near_real_time,Odisha,EAST_MINERAL_BELT,False,159446.3,SAIL Rourkela Steel Plant,steel_and_heavy_industry,national_sail_rourkela_steel_,NON_INDUSTRIAL_RURAL,0.1,CLUSTER_146,0.086,5,58,False,27.590000000000032,,UNLABELED,UNVERIFIED,,,,,,20.16,LOW,NON_INDUSTRIAL_RURAL,ROUTINE_MONITORING_RECOMMENDED
1367,21.92405,83.34068,308.66,294.82,2026-09-27,2034,1.56,nominal,0.6,N,N,VIIRS,near_real_time,Odisha,EAST_MINERAL_BELT,False,160368.7,SAIL Rourkela Steel Plant,steel_and_heavy_industry,national_sail_rourkela_steel_,NON_INDUSTRIAL_RURAL,0.1,CLUSTER_687,0.034,2,58,False,13.840000000000032,,UNLABELED,UNVERIFIED,,,,,,16.99,LOW,NON_INDUSTRIAL_RURAL,ROUTINE_MONITORING_RECOMMENDED
1368,21.96364,83.77354,307.66,294.54,2026-09-27,2034,1.21,nominal,0.6,N,N,VIIRS,near_real_time,Odisha,EAST_MINERAL_BELT,False,115891.0,SAIL Rourkela Steel Plant,steel_and_heavy_industry,national_sail_rourkela_steel_,NON_INDUSTRIAL_RURAL,0.1,CLUSTER_147,0.069,4,58,False,13.120000000000005,,UNLABELED,UNVERIFIED,,,,,,16.16,LOW,NON_INDUSTRIAL_RURAL,ROUTINE_MONITORING_RECOMMENDED
1369,21.9692,85.31464,309.94,290.21,2026-09-27,2034,1.93,nominal,0.6,N,N,VIIRS,near_real_time,Odisha,EAST_MINERAL_BELT,False,53002.8,SAIL Rourkela Steel Plant,steel_and_heavy_industry,national_sail_rourkela_steel_,NON_INDUSTRIAL_RURAL,0.1,CLUSTER_688,0.034,2,58,False,19.730000000000018,,UNLABELED,UNVERIFIED,,,,,,16.22,LOW,NON_INDUSTRIAL_RURAL,ROUTINE_MONITORING_RECOMMENDED
1370,21.98591,83.23536,308.87,294.12,2026-09-27,2034,0.75,nominal,0.6,N,N,VIIRS,near_real_time,Odisha,EAST_MINERAL_BELT,False,169786.9,SAIL Rourkela Steel Plant,steel_and_heavy_industry,national_sail_rourkela_steel_,NON_INDUSTRIAL_RURAL,0.1,CLUSTER_293,0.086,5,58,False,14.75,,UNLABELED,UNVERIFIED,,,,,,20.43,LOW,NON_INDUSTRIAL_RURAL,ROUTINE_MONITORING_RECOMMENDED
1371,22.00305,82.66702,306.18,294.52,2026-09-27,2034,1.26,nominal,0.6,N,N,VIIRS,near_real_time,Chhattisgarh,EAST_MINERAL_BELT,False,160863.9,SAIL Bhilai Steel Plant,steel_and_heavy_industry,national_sail_bhilai_steel_pl,NON_INDUSTRIAL_RURAL,0.1,CLUSTER_148,0.052,3,58,False,11.660000000000025,,UNLABELED,UNVERIFIED,,,,,,16.87,LOW,NON_INDUSTRIAL_RURAL,ROUTINE_MONITORING_RECOMMENDED
1372,22.00585,82.67216,310.1,294.84,2026-09-27,2034,1.77,nominal,0.6,N,N,VIIRS,near_real_time,Chhattisgarh,EAST_MINERAL_BELT,False,161477.2,SAIL Bhilai Steel Plant,steel_and_heavy_industry,national_sail_bhilai_steel_pl,NON_INDUSTRIAL_RURAL,0.1,CLUSTER_148,0.052,3,58,False,15.260000000000048,,UNLABELED,UNVERIFIED,,,,,,16.87,LOW,NON_INDUSTRIAL_RURAL,ROUTINE_MONITORING_RECOMMENDED
1373,22.01484,83.7532,316.41,294.65,2026-09-27,2034,2.69,nominal,0.6,N,N,VIIRS,near_real_time,Odisha,EAST_MINERAL_BELT,False,116664.6,SAIL Rourkela Steel Plant,steel_and_heavy_industry,national_sail_rourkela_steel_,NON_INDUSTRIAL_RURAL,0.1,CLUSTER_149,0.069,4,58,False,21.760000000000048,,UNLABELED,UNVERIFIED,,,,,,17.81,LOW,NON_INDUSTRIAL_RURAL,ROUTINE_MONITORING_RECOMMENDED
1374,22.03247,83.36559,305.76,294.39,2026-09-27,2034,1.67,nominal,0.6,N,N,VIIRS,near_real_time,Odisha,EAST_MINERAL_BELT,False,155741.4,SAIL Rourkela Steel Plant,steel_and_heavy_industry,national_sail_rourkela_steel_,NON_INDUSTRIAL_RURAL,0.1,CLUSTER_689,0.034,2,58,False,11.370000000000005,,UNLABELED,UNVERIFIED,,,,,,16.16,LOW,NON_INDUSTRIAL_RURAL,ROUTINE_MONITORING_RECOMMENDED
1375,22.03727,83.35447,307.84,294.62,2026-09-27,2034,2.37,nominal,0.6,N,N,VIIRS,near_real_time,Odisha,EAST_MINERAL_BELT,False,156804.2,SAIL Rourkela Steel Plant,steel_and_heavy_industry,national_sail_rourkela_steel_,NON_INDUSTRIAL_RURAL,0.1,CLUSTER_690,0.034,2,58,False,13.21999999999997,,UNLABELED,UNVERIFIED,,,,,,17.97,LOW,NON_INDUSTRIAL_RURAL,ROUTINE_MONITORING_RECOMMENDED
1376,22.03814,83.34968,310.25,294.28,2026-09-27,2034,1.47,nominal,0.6,N,N,VIIRS,near_real_time,Odisha,EAST_MINERAL_BELT,False,157280.6,SAIL Rourkela Steel Plant,steel_and_heavy_industry,national_sail_rourkela_steel_,NON_INDUSTRIAL_RURAL,0.1,CLUSTER_690,0.034,2,58,False,15.970000000000027,,UNLABELED,UNVERIFIED,,,,,,17.97,LOW,NON_INDUSTRIAL_RURAL,ROUTINE_MONITORING_RECOMMENDED
1377,22.03842,83.73227,310.03,295.24,2026-09-27,2034,2.19,nominal,0.6,N,N,VIIRS,near_real_time,Odisha,EAST_MINERAL_BELT,False,118298.0,SAIL Rourkela Steel Plant,steel_and_heavy_industry,national_sail_rourkela_steel_,NON_INDUSTRIAL_RURAL,0.1,CLUSTER_150,0.086,5,58,False,14.789999999999964,,UNLABELED,UNVERIFIED,,,,,,21.54,LOW,NON_INDUSTRIAL_RURAL,ROUTINE_MONITORING_RECOMMENDED
1378,22.03887,83.35196,316.81,295.39,2026-09-27,2034,3.05,nominal,0.6,N,N,VIIRS,near_real_time,Odisha,EAST_MINERAL_BELT,False,157036.9,SAIL Rourkela Steel Plant,steel_and_heavy_industry,national_sail_rourkela_steel_,NON_INDUSTRIAL_RURAL,0.1,CLUSTER_690,0.034,2,58,False,21.420000000000016,,UNLABELED,UNVERIFIED,,,,,,17.97,LOW,NON_INDUSTRIAL_RURAL,ROUTINE_MONITORING_RECOMMENDED
1379,22.03934,83.72729,320.98,294.71,2026-09-27,2034,2.19,nominal,0.6,N,N,VIIRS,near_real_time,Odisha,EAST_MINERAL_BELT,False,118785.9,SAIL Rourkela Steel Plant,steel_and_heavy_industry,national_sail_rourkela_steel_,NON_INDUSTRIAL_RURAL,0.1,CLUSTER_150,0.086,5,58,False,26.27000000000004,,UNLABELED,UNVERIFIED,,,,,,21.54,LOW,NON_INDUSTRIAL_RURAL,ROUTINE_MONITORING_RECOMMENDED
1380,22.04312,83.72813,318.71,294.35,2026-09-27,2034,2.83,nominal,0.6,N,N,VIIRS,near_real_time,Odisha,EAST_MINERAL_BELT,False,118629.2,SAIL Rourkela Steel Plant,steel_and_heavy_industry,national_sail_rourkela_steel_,NON_INDUSTRIAL_RURAL,0.1,CLUSTER_150,0.086,5,58,False,24.359999999999957,,UNLABELED,UNVERIFIED,,,,,,21.54,LOW,NON_INDUSTRIAL_RURAL,ROUTINE_MONITORING_RECOMMENDED
1381,22.05361,88.12411,317.32,293.26,2026-09-27,2034,5.85,nominal,0.6,N,N,VIIRS,near_real_time,West Bengal,EAST_MINERAL_BELT,False,3944.9,Haldia Petrochemicals Complex,chemical_petrochemical,national_haldia_petrochemical,VICINITY_ZONE,0.4,CLUSTER_151,0.069,4,58,False,24.060000000000002,,UNLABELED,UNVERIFIED,,,,,,20.4,LOW,NON_INDUSTRIAL_RURAL,ROUTINE_MONITORING_RECOMMENDED
1382,22.05398,88.12391,317.44,293.21,2026-09-27,2034,5.78,nominal,0.6,N,N,VIIRS,near_real_time,West Bengal,EAST_MINERAL_BELT,False,3928.1,Haldia Petrochemicals Complex,chemical_petrochemical,national_haldia_petrochemical,VICINITY_ZONE,0.4,CLUSTER_151,0.069,4,58,False,24.230000000000018,,UNLABELED,UNVERIFIED,,,,,,20.4,LOW,NON_INDUSTRIAL_RURAL,ROUTINE_MONITORING_RECOMMENDED
1383,22.06662,83.70726,305.57,293.75,2026-09-27,2034,1.36,nominal,0.6,N,N,VIIRS,near_real_time,Odisha,EAST_MINERAL_BELT,False,120345.0,SAIL Rourkela Steel Plant,steel_and_heavy_industry,national_sail_rourkela_steel_,NON_INDUSTRIAL_RURAL,0.1,CLUSTER_342,0.052,3,58,False,11.819999999999993,,UNLABELED,UNVERIFIED,,,,,,16.34,LOW,NON_INDUSTRIAL_RURAL,ROUTINE_MONITORING_RECOMMENDED
1384,22.1345,85.38403,302.85,290.8,2026-09-27,2034,1.24,nominal,0.6,N,N,VIIRS,near_real_time,Odisha,EAST_MINERAL_BELT,False,53156.9,SAIL Rourkela Steel Plant,steel_and_heavy_industry,national_sail_rourkela_steel_,NON_INDUSTRIAL_RURAL,0.1,CLUSTER_691,0.034,2,58,False,12.050000000000011,,UNLABELED,UNVERIFIED,,,,,,16.05,LOW,NON_INDUSTRIAL_RURAL,ROUTINE_MONITORING_RECOMMENDED
1385,22.15465,82.09659,307.5,294.84,2026-09-27,2034,1.01,nominal,0.6,N,N,VIIRS,near_real_time,Chhattisgarh,EAST_MINERAL_BELT,False,130605.3,SAIL Bhilai Steel Plant,steel_and_heavy_industry,national_sail_bhilai_steel_pl,NON_INDUSTRIAL_RURAL,0.1,CLUSTER_152,0.034,2,58,False,12.660000000000025,,UNLABELED,UNVERIFIED,,,,,,16.02,LOW,NON_INDUSTRIAL_RURAL,ROUTINE_MONITORING_RECOMMENDED
1386,22.21568,91.82677,309.25,290.0,2026-09-27,2034,1.49,nominal,0.6,N,N,VIIRS,near_real_time,Eastern India,ALL_INDIA,False,385734.4,Haldia Petrochemicals Complex,chemical_petrochemical,national_haldia_petrochemical,NON_INDUSTRIAL_RURAL,0.1,CLUSTER_653,0.017,1,58,False,19.25,,UNLABELED,UNVERIFIED,,,,,,16.41,LOW,NON_INDUSTRIAL_RURAL,ROUTINE_MONITORING_RECOMMENDED
1387,22.2172,91.82578,307.09,289.74,2026-09-27,2034,1.9,nominal,0.6,N,N,VIIRS,near_real_time,Eastern India,ALL_INDIA,False,385638.6,Haldia Petrochemicals Complex,chemical_petrochemical,national_haldia_petrochemical,NON_INDUSTRIAL_RURAL,0.1,CLUSTER_653,0.017,1,58,False,17.349999999999966,,UNLABELED,UNVERIFIED,,,,,,16.41,LOW,NON_INDUSTRIAL_RURAL,ROUTINE_MONITORING_RECOMMENDED
1388,22.26372,75.13388,310.03,295.29,2026-09-27,2034,1.22,nominal,0.6,N,N,VIIRS,near_real_time,Central India,ALL_INDIA,False,134361.7,Unnamed Industrial Facility,depot,way/1278600800,NON_INDUSTRIAL_RURAL,0.1,CLUSTER_343,0.069,4,58,False,14.739999999999952,,UNLABELED,UNVERIFIED,,,,,,16.71,LOW,NON_INDUSTRIAL_RURAL,ROUTINE_MONITORING_RECOMMENDED
1389,22.31622,82.53326,308.78,294.08,2026-09-27,2034,1.31,nominal,0.6,N,N,VIIRS,near_real_time,Chhattisgarh,EAST_MINERAL_BELT,False,172988.1,SAIL Bhilai Steel Plant,steel_and_heavy_industry,national_sail_bhilai_steel_pl,NON_INDUSTRIAL_RURAL,0.1,CLUSTER_692,0.034,2,58,False,14.699999999999989,,UNLABELED,UNVERIFIED,,,,,,16.12,LOW,NON_INDUSTRIAL_RURAL,ROUTINE_MONITORING_RECOMMENDED
1390,22.31864,82.56088,312.81,295.05,2026-09-27,2034,2.2,nominal,0.6,N,N,VIIRS,near_real_time,Chhattisgarh,EAST_MINERAL_BELT,False,175150.2,SAIL Bhilai Steel Plant,steel_and_heavy_industry,national_sail_bhilai_steel_pl,NON_INDUSTRIAL_RURAL,0.1,CLUSTER_693,0.034,2,58,False,17.75999999999999,,UNLABELED,UNVERIFIED,,,,,,17.01,LOW,NON_INDUSTRIAL_RURAL,ROUTINE_MONITORING_RECOMMENDED
1391,22.32106,82.5886,309.31,294.19,2026-09-27,2034,1.68,nominal,0.6,N,N,VIIRS,near_real_time,Chhattisgarh,EAST_MINERAL_BELT,False,177339.3,SAIL Bhilai Steel Plant,steel_and_heavy_industry,national_sail_bhilai_steel_pl,NON_INDUSTRIAL_RURAL,0.1,CLUSTER_153,0.086,5,58,False,15.120000000000005,,UNLABELED,UNVERIFIED,,,,,,21.05,LOW,NON_INDUSTRIAL_RURAL,ROUTINE_MONITORING_RECOMMENDED
1392,22.32142,82.56599,306.47,294.46,2026-09-27,2034,1.38,nominal,0.6,N,N,VIIRS,near_real_time,Chhattisgarh,EAST_MINERAL_BELT,False,175738.2,SAIL Bhilai Steel Plant,steel_and_heavy_industry,national_sail_bhilai_steel_pl,NON_INDUSTRIAL_RURAL,0.1,CLUSTER_693,0.034,2,58,False,12.010000000000048,,UNLABELED,UNVERIFIED,,,,,,17.01,LOW,NON_INDUSTRIAL_RURAL,ROUTINE_MONITORING_RECOMMENDED
1393,22.32939,82.604,309.1,293.92,2026-09-27,2034,1.62,nominal,0.6,N,N,VIIRS,near_real_time,Chhattisgarh,EAST_MINERAL_BELT,False,179113.0,SAIL Bhilai Steel Plant,steel_and_heavy_industry,national_sail_bhilai_steel_pl,NON_INDUSTRIAL_RURAL,0.1,CLUSTER_154,0.052,3,58,False,15.180000000000007,,UNLABELED,UNVERIFIED,,,,,,18.77,LOW,NON_INDUSTRIAL_RURAL,ROUTINE_MONITORING_RECOMMENDED
1394,22.35705,82.30496,312.91,295.13,2026-09-27,2034,1.48,nominal,0.6,N,N,VIIRS,near_real_time,Chhattisgarh,EAST_MINERAL_BELT,False,161378.6,SAIL Bhilai Steel Plant,steel_and_heavy_industry,national_sail_bhilai_steel_pl,NON_INDUSTRIAL_RURAL,0.1,CLUSTER_155,0.086,5,58,False,17.78000000000003,,UNLABELED,UNVERIFIED,,,,,,22.5,LOW,NON_INDUSTRIAL_RURAL,ROUTINE_MONITORING_RECOMMENDED
1395,22.35781,82.3007,334.85,294.92,2026-09-27,2034,2.71,nominal,0.6,N,N,VIIRS,near_real_time,Chhattisgarh,EAST_MINERAL_BELT,False,161187.9,SAIL Bhilai Steel Plant,steel_and_heavy_industry,national_sail_bhilai_steel_pl,NON_INDUSTRIAL_RURAL,0.1,CLUSTER_155,0.086,5,58,False,39.93000000000001,,UNLABELED,UNVERIFIED,,,,,,22.5,LOW,NON_INDUSTRIAL_RURAL,ROUTINE_MONITORING_RECOMMENDED
1396,22.35827,87.2898,306.96,290.44,2026-09-27,2034,1.69,nominal,0.6,N,N,VIIRS,near_real_time,West Bengal,EAST_MINERAL_BELT,False,87651.4,Haldia Petrochemicals Complex,chemical_petrochemical,national_haldia_petrochemical,NON_INDUSTRIAL_RURAL,0.1,CLUSTER_694,0.034,2,58,False,16.519999999999982,,UNLABELED,UNVERIFIED,,,,,,16.2,LOW,NON_INDUSTRIAL_RURAL,ROUTINE_MONITORING_RECOMMENDED
1397,22.36133,82.30141,313.73,294.66,2026-09-27,2034,2.71,nominal,0.6,N,N,VIIRS,near_real_time,Chhattisgarh,EAST_MINERAL_BELT,False,161547.2,SAIL Bhilai Steel Plant,steel_and_heavy_industry,national_sail_bhilai_steel_pl,NON_INDUSTRIAL_RURAL,0.1,CLUSTER_155,0.086,5,58,False,19.069999999999993,,UNLABELED,UNVERIFIED,,,,,,22.5,LOW,NON_INDUSTRIAL_RURAL,ROUTINE_MONITORING_RECOMMENDED
1398,22.36349,87.01971,308.4,291.37,2026-09-27,2034,2.86,nominal,0.6,N,N,VIIRS,near_real_time,West Bengal,EAST_MINERAL_BELT,False,95439.6,Tata Steel Jamshedpur Works,steel_and_heavy_industry,national_tata_steel_jamshedpu,NON_INDUSTRIAL_RURAL,0.1,CLUSTER_695,0.034,2,58,False,17.029999999999973,,UNLABELED,UNVERIFIED,,,,,,16.54,LOW,NON_INDUSTRIAL_RURAL,ROUTINE_MONITORING_RECOMMENDED
1399,22.36533,87.3027,312.91,291.42,2026-09-27,2034,3.58,nominal,0.6,N,N,VIIRS,near_real_time,West Bengal,EAST_MINERAL_BELT,False,86739.2,Haldia Petrochemicals Complex,chemical_petrochemical,national_haldia_petrochemical,NON_INDUSTRIAL_RURAL,0.1,CLUSTER_696,0.052,3,58,False,21.49000000000001,,UNLABELED,UNVERIFIED,,,,,,20.34,LOW,NON_INDUSTRIAL_RURAL,ROUTINE_MONITORING_RECOMMENDED
1400,22.37559,87.2773,311.18,291.37,2026-09-27,2034,2.75,nominal,0.6,N,N,VIIRS,near_real_time,West Bengal,EAST_MINERAL_BELT,False,89589.3,Haldia Petrochemicals Complex,chemical_petrochemical,national_haldia_petrochemical,NON_INDUSTRIAL_RURAL,0.1,CLUSTER_567,0.034,2,58,False,19.810000000000002,,UNLABELED,UNVERIFIED,,,,,,22.66,LOW,NON_INDUSTRIAL_RURAL,ROUTINE_MONITORING_RECOMMENDED
1401,22.38024,87.27843,317.02,291.81,2026-09-27,2034,3.89,nominal,0.6,N,N,VIIRS,near_real_time,West Bengal,EAST_MINERAL_BELT,False,89690.5,Haldia Petrochemicals Complex,chemical_petrochemical,national_haldia_petrochemical,NON_INDUSTRIAL_RURAL,0.1,CLUSTER_567,0.034,2,58,False,25.20999999999998,,UNLABELED,UNVERIFIED,,,,,,22.66,LOW,NON_INDUSTRIAL_RURAL,ROUTINE_MONITORING_RECOMMENDED
1402,22.41627,69.03776,312.06,294.73,2026-09-27,2034,1.88,nominal,0.6,N,N,VIIRS,near_real_time,Gujarat,WEST_GUJARAT,False,10.1,Unnamed Industrial Facility,general_industry,way/1311235459,NEARBY_INDUSTRIAL_BUFFER,0.8,CLUSTER_018,0.172,10,58,False,17.329999999999984,,UNLABELED,UNVERIFIED,,,,,,48.09,MODERATE,RECURRING_INTERMITTENT_HEAT,ANALYST_REVIEW_RECOMMENDED
1403,22.57331,85.8971,307.93,293.68,2026-09-27,2034,1.38,nominal,0.6,N,N,VIIRS,near_real_time,Jharkhand,EAST_MINERAL_BELT,False,38020.7,Tata Steel Jamshedpur Works,steel_and_heavy_industry,national_tata_steel_jamshedpu,NON_INDUSTRIAL_RURAL,0.1,CLUSTER_697,0.034,2,58,False,14.25,,UNLABELED,UNVERIFIED,,,,,,16.77,LOW,NON_INDUSTRIAL_RURAL,ROUTINE_MONITORING_RECOMMENDED
1404,22.57417,85.89282,311.64,293.92,2026-09-27,2034,1.38,nominal,0.6,N,N,VIIRS,near_real_time,Jharkhand,EAST_MINERAL_BELT,False,38318.3,Tata Steel Jamshedpur Works,steel_and_heavy_industry,national_tata_steel_jamshedpu,NON_INDUSTRIAL_RURAL,0.1,CLUSTER_697,0.034,2,58,False,17.71999999999997,,UNLABELED,UNVERIFIED,,,,,,16.77,LOW,NON_INDUSTRIAL_RURAL,ROUTINE_MONITORING_RECOMMENDED
1405,22.60985,85.91479,306.8,293.28,2026-09-27,2034,1.55,nominal,0.6,N,N,VIIRS,near_real_time,Jharkhand,EAST_MINERAL_BELT,False,34216.3,Tata Steel Jamshedpur Works,steel_and_heavy_industry,national_tata_steel_jamshedpu,NON_INDUSTRIAL_RURAL,0.1,CLUSTER_698,0.017,1,58,False,13.520000000000039,,UNLABELED,UNVERIFIED,,,,,,16.13,LOW,NON_INDUSTRIAL_RURAL,ROUTINE_MONITORING_RECOMMENDED
1406,22.78362,86.20631,310.37,293.57,2026-09-27,2034,1.03,nominal,0.6,N,N,VIIRS,near_real_time,Jharkhand,EAST_MINERAL_BELT,False,134.3,Tata Steel Jamshedpur Works,steel_and_heavy_industry,national_tata_steel_jamshedpu,NEARBY_INDUSTRIAL_BUFFER,0.8,CLUSTER_047,0.121,7,58,True,16.80000000000001,,UNLABELED,UNVERIFIED,,,,,,82.57,CRITICAL,SEVERE_THERMAL_ANOMALY,HIGH_PRIORITY_INVESTIGATION_REQUIRED
1407,22.78493,86.20419,316.8,293.83,2026-09-27,2034,3.25,nominal,0.6,N,N,VIIRS,near_real_time,Jharkhand,EAST_MINERAL_BELT,False,50.9,Tata Steel Jamshedpur Works,steel_and_heavy_industry,national_tata_steel_jamshedpu,NEARBY_INDUSTRIAL_BUFFER,0.8,CLUSTER_047,0.121,7,58,True,22.970000000000027,,UNLABELED,UNVERIFIED,,,,,,82.57,CRITICAL,SEVERE_THERMAL_ANOMALY,HIGH_PRIORITY_INVESTIGATION_REQUIRED
1408,22.78793,86.20736,307.96,294.1,2026-09-27,2034,1.03,nominal,0.6,N,N,VIIRS,near_real_time,Jharkhand,EAST_MINERAL_BELT,False,518.1,Tata Steel Jamshedpur Works,steel_and_heavy_industry,national_tata_steel_jamshedpu,NEARBY_INDUSTRIAL_BUFFER,0.8,CLUSTER_047,0.121,7,58,True,13.859999999999957,,UNLABELED,UNVERIFIED,,,,,,82.57,CRITICAL,SEVERE_THERMAL_ANOMALY,HIGH_PRIORITY_INVESTIGATION_REQUIRED
1409,22.7897,86.19843,311.72,294.46,2026-09-27,2034,3.53,nominal,0.6,N,N,VIIRS,near_real_time,Jharkhand,EAST_MINERAL_BELT,False,425.5,Tata Steel Jamshedpur Works,steel_and_heavy_industry,national_tata_steel_jamshedpu,NEARBY_INDUSTRIAL_BUFFER,0.8,CLUSTER_047,0.121,7,58,True,17.260000000000048,,UNLABELED,UNVERIFIED,,,,,,82.57,CRITICAL,SEVERE_THERMAL_ANOMALY,HIGH_PRIORITY_INVESTIGATION_REQUIRED
1410,22.79107,86.19632,309.75,294.42,2026-09-27,2034,3.21,nominal,0.6,N,N,VIIRS,near_real_time,Jharkhand,EAST_MINERAL_BELT,False,625.1,Tata Steel Jamshedpur Works,steel_and_heavy_industry,national_tata_steel_jamshedpu,NEARBY_INDUSTRIAL_BUFFER,0.8,CLUSTER_047,0.121,7,58,True,15.329999999999984,,UNLABELED,UNVERIFIED,,,,,,82.57,CRITICAL,SEVERE_THERMAL_ANOMALY,HIGH_PRIORITY_INVESTIGATION_REQUIRED
1411,22.80227,86.08961,306.86,293.63,2026-09-27,2034,2.24,nominal,0.6,N,N,VIIRS,near_real_time,Jharkhand,EAST_MINERAL_BELT,False,10967.0,Tata Steel Jamshedpur Works,steel_and_heavy_industry,national_tata_steel_jamshedpu,NON_INDUSTRIAL_RURAL,0.1,CLUSTER_699,0.017,1,58,False,13.230000000000018,,UNLABELED,UNVERIFIED,,,,,,16.3,LOW,NON_INDUSTRIAL_RURAL,ROUTINE_MONITORING_RECOMMENDED
1412,22.80956,86.08434,306.31,293.1,2026-09-27,2034,1.38,nominal,0.6,N,N,VIIRS,near_real_time,Jharkhand,EAST_MINERAL_BELT,False,11684.6,Tata Steel Jamshedpur Works,steel_and_heavy_industry,national_tata_steel_jamshedpu,NON_INDUSTRIAL_RURAL,0.1,CLUSTER_700,0.034,2,58,False,13.20999999999998,,UNLABELED,UNVERIFIED,,,,,,16.52,LOW,NON_INDUSTRIAL_RURAL,ROUTINE_MONITORING_RECOMMENDED
1413,22.81172,86.08716,312.45,293.68,2026-09-27,2034,1.85,nominal,0.6,N,N,VIIRS,near_real_time,Jharkhand,EAST_MINERAL_BELT,False,11473.5,Tata Steel Jamshedpur Works,steel_and_heavy_industry,national_tata_steel_jamshedpu,NON_INDUSTRIAL_RURAL,0.1,CLUSTER_700,0.034,2,58,False,18.769999999999982,,UNLABELED,UNVERIFIED,,,,,,16.52,LOW,NON_INDUSTRIAL_RURAL,ROUTINE_MONITORING_RECOMMENDED
1414,22.87227,86.06234,309.66,293.19,2026-09-27,2034,1.43,nominal,0.6,N,N,VIIRS,near_real_time,Jharkhand,EAST_MINERAL_BELT,False,16812.9,Tata Steel Jamshedpur Works,steel_and_heavy_industry,national_tata_steel_jamshedpu,NON_INDUSTRIAL_RURAL,0.1,CLUSTER_701,0.034,2,58,False,16.470000000000027,,UNLABELED,UNVERIFIED,,,,,,17.3,LOW,NON_INDUSTRIAL_RURAL,ROUTINE_MONITORING_RECOMMENDED
1415,22.92569,69.8226,305.08,294.9,2026-09-27,2034,1.46,nominal,0.6,N,N,VIIRS,near_real_time,Gujarat,WEST_GUJARAT,True,0.0,Unnamed Industrial Facility,general_industry,way/839105241,INSIDE_INDUSTRIAL_ZONE,1.0,CLUSTER_019,0.086,5,58,False,10.180000000000007,,UNLABELED,UNVERIFIED,,,,,,44.75,MODERATE,RECURRING_INTERMITTENT_HEAT,ANALYST_REVIEW_RECOMMENDED
1416,22.93259,69.69594,303.53,291.42,2026-09-27,2034,0.75,nominal,0.6,N,N,VIIRS,near_real_time,Gujarat,WEST_GUJARAT,False,626.0,Unnamed Industrial Facility,general_industry,way/1002375165,NEARBY_INDUSTRIAL_BUFFER,0.8,CLUSTER_012,0.138,8,58,False,12.109999999999957,,UNLABELED,UNVERIFIED,,,,,,46.26,MODERATE,RECURRING_INTERMITTENT_HEAT,ANALYST_REVIEW_RECOMMENDED
1417,23.16371,82.34002,314.84,293.19,2026-09-27,2034,1.95,nominal,0.6,N,N,VIIRS,near_real_time,Chhattisgarh,EAST_MINERAL_BELT,False,241057.6,SAIL Bhilai Steel Plant,steel_and_heavy_industry,national_sail_bhilai_steel_pl,NON_INDUSTRIAL_RURAL,0.1,CLUSTER_157,0.069,4,58,False,21.649999999999977,,UNLABELED,UNVERIFIED,,,,,,19.49,LOW,NON_INDUSTRIAL_RURAL,ROUTINE_MONITORING_RECOMMENDED
1418,23.16446,82.33576,320.08,293.38,2026-09-27,2034,1.95,nominal,0.6,N,N,VIIRS,near_real_time,Chhattisgarh,EAST_MINERAL_BELT,False,240954.7,SAIL Bhilai Steel Plant,steel_and_heavy_industry,national_sail_bhilai_steel_pl,NON_INDUSTRIAL_RURAL,0.1,CLUSTER_157,0.069,4,58,False,26.69999999999999,,UNLABELED,UNVERIFIED,,,,,,19.49,LOW,NON_INDUSTRIAL_RURAL,ROUTINE_MONITORING_RECOMMENDED
1419,23.16647,82.34494,312.13,293.04,2026-09-27,2034,1.03,nominal,0.6,N,N,VIIRS,near_real_time,Chhattisgarh,EAST_MINERAL_BELT,False,241544.7,SAIL Bhilai Steel Plant,steel_and_heavy_industry,national_sail_bhilai_steel_pl,NON_INDUSTRIAL_RURAL,0.1,CLUSTER_157,0.069,4,58,False,19.089999999999975,,UNLABELED,UNVERIFIED,,,,,,19.49,LOW,NON_INDUSTRIAL_RURAL,ROUTINE_MONITORING_RECOMMENDED
1420,23.16721,82.34071,319.85,294.18,2026-09-27,2034,1.95,nominal,0.6,N,N,VIIRS,near_real_time,Chhattisgarh,EAST_MINERAL_BELT,False,241441.4,SAIL Bhilai Steel Plant,steel_and_heavy_industry,national_sail_bhilai_steel_pl,NON_INDUSTRIAL_RURAL,0.1,CLUSTER_157,0.069,4,58,False,25.670000000000016,,UNLABELED,UNVERIFIED,,,,,,19.49,LOW,NON_INDUSTRIAL_RURAL,ROUTINE_MONITORING_RECOMMENDED
1421,23.55601,87.24146,307.45,292.84,2026-09-27,2034,1.83,nominal,0.6,N,N,VIIRS,near_real_time,West Bengal,EAST_MINERAL_BELT,False,136405.5,Tata Steel Jamshedpur Works,steel_and_heavy_industry,national_tata_steel_jamshedpu,NON_INDUSTRIAL_RURAL,0.1,CLUSTER_702,0.052,3,58,False,14.610000000000014,,UNLABELED,UNVERIFIED,,,,,,20.4,LOW,NON_INDUSTRIAL_RURAL,ROUTINE_MONITORING_RECOMMENDED
1422,23.55976,87.08516,312.02,292.9,2026-09-27,2034,3.08,nominal,0.6,N,N,VIIRS,near_real_time,West Bengal,EAST_MINERAL_BELT,False,124685.2,Tata Steel Jamshedpur Works,steel_and_heavy_industry,national_tata_steel_jamshedpu,NON_INDUSTRIAL_RURAL,0.1,CLUSTER_158,0.052,3,58,False,19.120000000000005,,UNLABELED,UNVERIFIED,,,,,,16.77,LOW,NON_INDUSTRIAL_RURAL,ROUTINE_MONITORING_RECOMMENDED
1423,23.56054,87.24259,306.06,292.75,2026-09-27,2034,1.83,nominal,0.6,N,N,VIIRS,near_real_time,West Bengal,EAST_MINERAL_BELT,False,136811.3,Tata Steel Jamshedpur Works,steel_and_heavy_industry,national_tata_steel_jamshedpu,NON_INDUSTRIAL_RURAL,0.1,CLUSTER_702,0.052,3,58,False,13.310000000000002,,UNLABELED,UNVERIFIED,,,,,,20.4,LOW,NON_INDUSTRIAL_RURAL,ROUTINE_MONITORING_RECOMMENDED
1424,23.56069,87.23864,322.85,293.0,2026-09-27,2034,2.83,nominal,0.6,N,N,VIIRS,near_real_time,West Bengal,EAST_MINERAL_BELT,False,136508.9,Tata Steel Jamshedpur Works,steel_and_heavy_industry,national_tata_steel_jamshedpu,NON_INDUSTRIAL_RURAL,0.1,CLUSTER_702,0.052,3,58,False,29.850000000000023,,UNLABELED,UNVERIFIED,,,,,,20.4,LOW,NON_INDUSTRIAL_RURAL,ROUTINE_MONITORING_RECOMMENDED
1425,23.56157,87.23756,315.72,292.86,2026-09-27,2034,1.83,nominal,0.6,N,N,VIIRS,near_real_time,West Bengal,EAST_MINERAL_BELT,False,136485.2,Tata Steel Jamshedpur Works,steel_and_heavy_industry,national_tata_steel_jamshedpu,NON_INDUSTRIAL_RURAL,0.1,CLUSTER_702,0.052,3,58,False,22.860000000000014,,UNLABELED,UNVERIFIED,,,,,,20.4,LOW,NON_INDUSTRIAL_RURAL,ROUTINE_MONITORING_RECOMMENDED
1426,23.61588,86.78912,308.41,293.0,2026-09-27,2034,1.4,nominal,0.6,N,N,VIIRS,near_real_time,Jharkhand,EAST_MINERAL_BELT,False,110092.1,Tata Steel Jamshedpur Works,steel_and_heavy_industry,national_tata_steel_jamshedpu,NON_INDUSTRIAL_RURAL,0.1,CLUSTER_131,0.034,2,58,False,15.410000000000025,,UNLABELED,UNVERIFIED,,,,,,16.51,LOW,NON_INDUSTRIAL_RURAL,ROUTINE_MONITORING_RECOMMENDED
1427,23.6464,85.43896,314.34,293.5,2026-09-27,2034,1.61,nominal,0.6,N,N,VIIRS,near_real_time,Jharkhand,EAST_MINERAL_BELT,False,123166.7,Tata Steel Jamshedpur Works,steel_and_heavy_industry,national_tata_steel_jamshedpu,NON_INDUSTRIAL_RURAL,0.1,CLUSTER_160,0.069,4,58,False,20.839999999999975,,UNLABELED,UNVERIFIED,,,,,,20.18,LOW,NON_INDUSTRIAL_RURAL,ROUTINE_MONITORING_RECOMMENDED
1428,23.65434,85.50674,305.83,293.12,2026-09-27,2034,0.83,nominal,0.6,N,N,VIIRS,near_real_time,Jharkhand,EAST_MINERAL_BELT,False,119648.5,Tata Steel Jamshedpur Works,steel_and_heavy_industry,national_tata_steel_jamshedpu,NON_INDUSTRIAL_RURAL,0.1,CLUSTER_161,0.052,3,58,False,12.70999999999998,,UNLABELED,UNVERIFIED,,,,,,16.3,LOW,NON_INDUSTRIAL_RURAL,ROUTINE_MONITORING_RECOMMENDED
1429,23.66285,87.15859,314.42,292.68,2026-09-27,2034,2.44,nominal,0.6,N,N,VIIRS,near_real_time,West Bengal,EAST_MINERAL_BELT,False,138038.0,Tata Steel Jamshedpur Works,steel_and_heavy_industry,national_tata_steel_jamshedpu,NON_INDUSTRIAL_RURAL,0.1,CLUSTER_295,0.052,3,58,False,21.74000000000001,,UNLABELED,UNVERIFIED,,,,,,18.17,LOW,NON_INDUSTRIAL_RURAL,ROUTINE_MONITORING_RECOMMENDED
1430,23.66387,87.15366,315.37,293.29,2026-09-27,2034,2.44,nominal,0.6,N,N,VIIRS,near_real_time,West Bengal,EAST_MINERAL_BELT,False,137762.8,Tata Steel Jamshedpur Works,steel_and_heavy_industry,national_tata_steel_jamshedpu,NON_INDUSTRIAL_RURAL,0.1,CLUSTER_295,0.052,3,58,False,22.079999999999984,,UNLABELED,UNVERIFIED,,,,,,18.17,LOW,NON_INDUSTRIAL_RURAL,ROUTINE_MONITORING_RECOMMENDED
1431,23.66714,86.93359,305.61,292.19,2026-09-27,2034,0.65,nominal,0.6,N,N,VIIRS,near_real_time,Jharkhand,EAST_MINERAL_BELT,False,123248.6,Tata Steel Jamshedpur Works,steel_and_heavy_industry,national_tata_steel_jamshedpu,NON_INDUSTRIAL_RURAL,0.1,CLUSTER_163,0.069,4,58,False,13.420000000000016,,UNLABELED,UNVERIFIED,,,,,,20.49,LOW,NON_INDUSTRIAL_RURAL,ROUTINE_MONITORING_RECOMMENDED
1432,23.66939,86.09221,307.18,292.13,2026-09-27,2034,1.42,nominal,0.6,N,N,VIIRS,near_real_time,Jharkhand,EAST_MINERAL_BELT,False,98840.6,Tata Steel Jamshedpur Works,steel_and_heavy_industry,national_tata_steel_jamshedpu,NON_INDUSTRIAL_RURAL,0.1,CLUSTER_162,0.069,4,58,False,15.050000000000011,,UNLABELED,UNVERIFIED,,,,,,22.79,LOW,NON_INDUSTRIAL_RURAL,ROUTINE_MONITORING_RECOMMENDED
1433,23.6753,86.08466,310.35,292.52,2026-09-27,2034,1.17,nominal,0.6,N,N,VIIRS,near_real_time,Jharkhand,EAST_MINERAL_BELT,False,99581.6,Tata Steel Jamshedpur Works,steel_and_heavy_industry,national_tata_steel_jamshedpu,NON_INDUSTRIAL_RURAL,0.1,CLUSTER_162,0.069,4,58,False,17.83000000000004,,UNLABELED,UNVERIFIED,,,,,,22.79,LOW,NON_INDUSTRIAL_RURAL,ROUTINE_MONITORING_RECOMMENDED
1434,23.67701,86.39963,317.59,294.15,2026-09-27,2034,3.9,nominal,0.6,N,N,VIIRS,near_real_time,Jharkhand,EAST_MINERAL_BELT,False,101142.2,Tata Steel Jamshedpur Works,steel_and_heavy_industry,national_tata_steel_jamshedpu,NON_INDUSTRIAL_RURAL,0.1,CLUSTER_164,0.052,3,58,False,23.439999999999998,,UNLABELED,UNVERIFIED,,,,,,18.48,LOW,NON_INDUSTRIAL_RURAL,ROUTINE_MONITORING_RECOMMENDED
1435,23.67745,85.32369,304.12,293.12,2026-09-27,2034,0.77,nominal,0.6,N,N,VIIRS,near_real_time,Jharkhand,EAST_MINERAL_BELT,False,133433.0,Tata Steel Jamshedpur Works,steel_and_heavy_industry,national_tata_steel_jamshedpu,NON_INDUSTRIAL_RURAL,0.1,CLUSTER_703,0.034,2,58,False,11.0,,UNLABELED,UNVERIFIED,,,,,,16.08,LOW,NON_INDUSTRIAL_RURAL,ROUTINE_MONITORING_RECOMMENDED
1436,23.67792,86.39514,318.94,293.88,2026-09-27,2034,3.77,nominal,0.6,N,N,VIIRS,near_real_time,Jharkhand,EAST_MINERAL_BELT,False,101150.5,Tata Steel Jamshedpur Works,steel_and_heavy_industry,national_tata_steel_jamshedpu,NON_INDUSTRIAL_RURAL,0.1,CLUSTER_164,0.052,3,58,False,25.060000000000002,,UNLABELED,UNVERIFIED,,,,,,18.48,LOW,NON_INDUSTRIAL_RURAL,ROUTINE_MONITORING_RECOMMENDED
1437,23.67951,86.08569,308.05,292.74,2026-09-27,2034,2.07,nominal,0.6,N,N,VIIRS,near_real_time,Jharkhand,EAST_MINERAL_BELT,False,100034.1,Tata Steel Jamshedpur Works,steel_and_heavy_industry,national_tata_steel_jamshedpu,NON_INDUSTRIAL_RURAL,0.1,CLUSTER_162,0.069,4,58,False,15.310000000000002,,UNLABELED,UNVERIFIED,,,,,,22.79,LOW,NON_INDUSTRIAL_RURAL,ROUTINE_MONITORING_RECOMMENDED
1438,23.67978,86.10174,307.43,293.25,2026-09-27,2034,2.09,nominal,0.6,N,N,VIIRS,near_real_time,Jharkhand,EAST_MINERAL_BELT,False,99886.8,Tata Steel Jamshedpur Works,steel_and_heavy_industry,national_tata_steel_jamshedpu,NON_INDUSTRIAL_RURAL,0.1,CLUSTER_162,0.069,4,58,False,14.180000000000007,,UNLABELED,UNVERIFIED,,,,,,22.79,LOW,NON_INDUSTRIAL_RURAL,ROUTINE_MONITORING_RECOMMENDED
1439,23.68118,86.09958,308.01,293.1,2026-09-27,2034,2.15,nominal,0.6,N,N,VIIRS,near_real_time,Jharkhand,EAST_MINERAL_BELT,False,100064.0,Tata Steel Jamshedpur Works,steel_and_heavy_industry,national_tata_steel_jamshedpu,NON_INDUSTRIAL_RURAL,0.1,CLUSTER_162,0.069,4,58,False,14.909999999999968,,UNLABELED,UNVERIFIED,,,,,,22.79,LOW,NON_INDUSTRIAL_RURAL,ROUTINE_MONITORING_RECOMMENDED
1440,23.68153,86.09319,311.36,292.47,2026-09-27,2034,1.83,nominal,0.6,N,N,VIIRS,near_real_time,Jharkhand,EAST_MINERAL_BELT,False,100171.3,Tata Steel Jamshedpur Works,steel_and_heavy_industry,national_tata_steel_jamshedpu,NON_INDUSTRIAL_RURAL,0.1,CLUSTER_162,0.069,4,58,False,18.889999999999986,,UNLABELED,UNVERIFIED,,,,,,22.79,LOW,NON_INDUSTRIAL_RURAL,ROUTINE_MONITORING_RECOMMENDED
1441,23.68202,86.09529,311.53,292.15,2026-09-27,2034,2.12,nominal,0.6,N,N,VIIRS,near_real_time,Jharkhand,EAST_MINERAL_BELT,False,100202.5,Tata Steel Jamshedpur Works,steel_and_heavy_industry,national_tata_steel_jamshedpu,NON_INDUSTRIAL_RURAL,0.1,CLUSTER_162,0.069,4,58,False,19.379999999999995,,UNLABELED,UNVERIFIED,,,,,,22.79,LOW,NON_INDUSTRIAL_RURAL,ROUTINE_MONITORING_RECOMMENDED
1442,23.68222,86.39612,312.79,293.59,2026-09-27,2034,1.57,nominal,0.6,N,N,VIIRS,near_real_time,Jharkhand,EAST_MINERAL_BELT,False,101638.9,Tata Steel Jamshedpur Works,steel_and_heavy_industry,national_tata_steel_jamshedpu,NON_INDUSTRIAL_RURAL,0.1,CLUSTER_164,0.052,3,58,False,19.200000000000045,,UNLABELED,UNVERIFIED,,,,,,18.48,LOW,NON_INDUSTRIAL_RURAL,ROUTINE_MONITORING_RECOMMENDED
1443,23.68311,86.39174,312.46,293.64,2026-09-27,2034,1.57,nominal,0.6,N,N,VIIRS,near_real_time,Jharkhand,EAST_MINERAL_BELT,False,101649.3,Tata Steel Jamshedpur Works,steel_and_heavy_industry,national_tata_steel_jamshedpu,NON_INDUSTRIAL_RURAL,0.1,CLUSTER_164,0.052,3,58,False,18.819999999999993,,UNLABELED,UNVERIFIED,,,,,,18.48,LOW,NON_INDUSTRIAL_RURAL,ROUTINE_MONITORING_RECOMMENDED
1444,23.68445,87.12234,306.8,292.98,2026-09-27,2034,1.32,nominal,0.6,N,N,VIIRS,near_real_time,West Bengal,EAST_MINERAL_BELT,False,137183.8,Tata Steel Jamshedpur Works,steel_and_heavy_industry,national_tata_steel_jamshedpu,NON_INDUSTRIAL_RURAL,0.1,CLUSTER_704,0.052,3,58,False,13.819999999999993,,UNLABELED,UNVERIFIED,,,,,,20.68,LOW,NON_INDUSTRIAL_RURAL,ROUTINE_MONITORING_RECOMMENDED
1445,23.68611,87.11952,306.9,292.82,2026-09-27,2034,1.96,nominal,0.6,N,N,VIIRS,near_real_time,West Bengal,EAST_MINERAL_BELT,False,137121.5,Tata Steel Jamshedpur Works,steel_and_heavy_industry,national_tata_steel_jamshedpu,NON_INDUSTRIAL_RURAL,0.1,CLUSTER_704,0.052,3,58,False,14.079999999999984,,UNLABELED,UNVERIFIED,,,,,,20.68,LOW,NON_INDUSTRIAL_RURAL,ROUTINE_MONITORING_RECOMMENDED
1446,23.68742,86.3927,312.27,293.12,2026-09-27,2034,1.57,nominal,0.6,N,N,VIIRS,near_real_time,Jharkhand,EAST_MINERAL_BELT,False,102138.4,Tata Steel Jamshedpur Works,steel_and_heavy_industry,national_tata_steel_jamshedpu,NON_INDUSTRIAL_RURAL,0.1,CLUSTER_164,0.052,3,58,False,19.149999999999977,,UNLABELED,UNVERIFIED,,,,,,18.48,LOW,NON_INDUSTRIAL_RURAL,ROUTINE_MONITORING_RECOMMENDED
1447,23.68894,87.12343,311.28,293.13,2026-09-27,2034,2.6,nominal,0.6,N,N,VIIRS,near_real_time,West Bengal,EAST_MINERAL_BELT,False,137623.4,Tata Steel Jamshedpur Works,steel_and_heavy_industry,national_tata_steel_jamshedpu,NON_INDUSTRIAL_RURAL,0.1,CLUSTER_704,0.052,3,58,False,18.149999999999977,,UNLABELED,UNVERIFIED,,,,,,20.68,LOW,NON_INDUSTRIAL_RURAL,ROUTINE_MONITORING_RECOMMENDED
1448,23.68953,87.09756,313.84,293.72,2026-09-27,2034,2.7,nominal,0.6,N,N,VIIRS,near_real_time,West Bengal,EAST_MINERAL_BELT,False,135881.9,Tata Steel Jamshedpur Works,steel_and_heavy_industry,national_tata_steel_jamshedpu,NON_INDUSTRIAL_RURAL,0.1,CLUSTER_704,0.052,3,58,False,20.119999999999948,,UNLABELED,UNVERIFIED,,,,,,20.68,LOW,NON_INDUSTRIAL_RURAL,ROUTINE_MONITORING_RECOMMENDED
1449,23.69031,87.09974,314.39,293.51,2026-09-27,2034,1.75,nominal,0.6,N,N,VIIRS,near_real_time,West Bengal,EAST_MINERAL_BELT,False,136095.6,Tata Steel Jamshedpur Works,steel_and_heavy_industry,national_tata_steel_jamshedpu,NON_INDUSTRIAL_RURAL,0.1,CLUSTER_704,0.052,3,58,False,20.879999999999995,,UNLABELED,UNVERIFIED,,,,,,20.68,LOW,NON_INDUSTRIAL_RURAL,ROUTINE_MONITORING_RECOMMENDED
1450,23.6906,87.1206,315.8,293.54,2026-09-27,2034,1.96,nominal,0.6,N,N,VIIRS,near_real_time,West Bengal,EAST_MINERAL_BELT,False,137561.1,Tata Steel Jamshedpur Works,steel_and_heavy_industry,national_tata_steel_jamshedpu,NON_INDUSTRIAL_RURAL,0.1,CLUSTER_704,0.052,3,58,False,22.25999999999999,,UNLABELED,UNVERIFIED,,,,,,20.68,LOW,NON_INDUSTRIAL_RURAL,ROUTINE_MONITORING_RECOMMENDED
1451,23.69198,87.10855,307.33,292.88,2026-09-27,2034,1.56,nominal,0.6,N,N,VIIRS,near_real_time,West Bengal,EAST_MINERAL_BELT,False,136838.9,Tata Steel Jamshedpur Works,steel_and_heavy_industry,national_tata_steel_jamshedpu,NON_INDUSTRIAL_RURAL,0.1,CLUSTER_704,0.052,3,58,False,14.449999999999989,,UNLABELED,UNVERIFIED,,,,,,20.68,LOW,NON_INDUSTRIAL_RURAL,ROUTINE_MONITORING_RECOMMENDED
1452,23.6927,87.1107,308.92,293.1,2026-09-27,2034,1.32,nominal,0.6,N,N,VIIRS,near_real_time,West Bengal,EAST_MINERAL_BELT,False,137046.1,Tata Steel Jamshedpur Works,steel_and_heavy_industry,national_tata_steel_jamshedpu,NON_INDUSTRIAL_RURAL,0.1,CLUSTER_704,0.052,3,58,False,15.819999999999993,,UNLABELED,UNVERIFIED,,,,,,20.68,LOW,NON_INDUSTRIAL_RURAL,ROUTINE_MONITORING_RECOMMENDED
1453,23.69331,85.37205,315.54,293.44,2026-09-27,2034,1.31,nominal,0.6,N,N,VIIRS,near_real_time,Jharkhand,EAST_MINERAL_BELT,False,131530.8,Tata Steel Jamshedpur Works,steel_and_heavy_industry,national_tata_steel_jamshedpu,NON_INDUSTRIAL_RURAL,0.1,CLUSTER_166,0.052,3,58,False,22.100000000000023,,UNLABELED,UNVERIFIED,,,,,,17.21,LOW,NON_INDUSTRIAL_RURAL,ROUTINE_MONITORING_RECOMMENDED
1454,23.69344,87.1245,312.52,293.09,2026-09-27,2034,2.6,nominal,0.6,N,N,VIIRS,near_real_time,West Bengal,EAST_MINERAL_BELT,False,138063.0,Tata Steel Jamshedpur Works,steel_and_heavy_industry,national_tata_steel_jamshedpu,NON_INDUSTRIAL_RURAL,0.1,CLUSTER_704,0.052,3,58,False,19.430000000000007,,UNLABELED,UNVERIFIED,,,,,,20.68,LOW,NON_INDUSTRIAL_RURAL,ROUTINE_MONITORING_RECOMMENDED
1455,23.69374,87.10577,304.75,292.86,2026-09-27,2034,1.32,nominal,0.6,N,N,VIIRS,near_real_time,West Bengal,EAST_MINERAL_BELT,False,136791.5,Tata Steel Jamshedpur Works,steel_and_heavy_industry,national_tata_steel_jamshedpu,NON_INDUSTRIAL_RURAL,0.1,CLUSTER_704,0.052,3,58,False,11.889999999999986,,UNLABELED,UNVERIFIED,,,,,,20.68,LOW,NON_INDUSTRIAL_RURAL,ROUTINE_MONITORING_RECOMMENDED
1456,23.69501,87.09372,305.4,292.68,2026-09-27,2034,1.16,nominal,0.6,N,N,VIIRS,near_real_time,West Bengal,EAST_MINERAL_BELT,False,136070.3,Tata Steel Jamshedpur Works,steel_and_heavy_industry,national_tata_steel_jamshedpu,NON_INDUSTRIAL_RURAL,0.1,CLUSTER_704,0.052,3,58,False,12.71999999999997,,UNLABELED,UNVERIFIED,,,,,,20.68,LOW,NON_INDUSTRIAL_RURAL,ROUTINE_MONITORING_RECOMMENDED
1457,23.69509,87.12167,310.64,293.45,2026-09-27,2034,2.02,nominal,0.6,N,N,VIIRS,near_real_time,West Bengal,EAST_MINERAL_BELT,False,138000.4,Tata Steel Jamshedpur Works,steel_and_heavy_industry,national_tata_steel_jamshedpu,NON_INDUSTRIAL_RURAL,0.1,CLUSTER_704,0.052,3,58,False,17.189999999999998,,UNLABELED,UNVERIFIED,,,,,,20.68,LOW,NON_INDUSTRIAL_RURAL,ROUTINE_MONITORING_RECOMMENDED
1458,23.69545,87.11461,305.77,292.67,2026-09-27,2034,1.56,nominal,0.6,N,N,VIIRS,near_real_time,West Bengal,EAST_MINERAL_BELT,False,137540.9,Tata Steel Jamshedpur Works,steel_and_heavy_industry,national_tata_steel_jamshedpu,NON_INDUSTRIAL_RURAL,0.1,CLUSTER_704,0.052,3,58,False,13.099999999999966,,UNLABELED,UNVERIFIED,,,,,,20.68,LOW,NON_INDUSTRIAL_RURAL,ROUTINE_MONITORING_RECOMMENDED
1459,23.69583,87.09593,307.69,293.44,2026-09-27,2034,1.75,nominal,0.6,N,N,VIIRS,near_real_time,West Bengal,EAST_MINERAL_BELT,False,136288.8,Tata Steel Jamshedpur Works,steel_and_heavy_industry,national_tata_steel_jamshedpu,NON_INDUSTRIAL_RURAL,0.1,CLUSTER_704,0.052,3,58,False,14.25,,UNLABELED,UNVERIFIED,,,,,,20.68,LOW,NON_INDUSTRIAL_RURAL,ROUTINE_MONITORING_RECOMMENDED
1460,23.69627,85.29184,306.09,293.48,2026-09-27,2034,1.1,nominal,0.6,N,N,VIIRS,near_real_time,Jharkhand,EAST_MINERAL_BELT,False,137163.3,Tata Steel Jamshedpur Works,steel_and_heavy_industry,national_tata_steel_jamshedpu,NON_INDUSTRIAL_RURAL,0.1,CLUSTER_705,0.034,2,58,False,12.609999999999957,,UNLABELED,UNVERIFIED,,,,,,18.58,LOW,NON_INDUSTRIAL_RURAL,ROUTINE_MONITORING_RECOMMENDED
1461,23.69634,85.35646,307.69,293.09,2026-09-27,2034,0.52,nominal,0.6,N,N,VIIRS,near_real_time,Jharkhand,EAST_MINERAL_BELT,False,132813.6,Tata Steel Jamshedpur Works,steel_and_heavy_industry,national_tata_steel_jamshedpu,NON_INDUSTRIAL_RURAL,0.1,CLUSTER_706,0.034,2,58,False,14.600000000000023,,UNLABELED,UNVERIFIED,,,,,,15.88,LOW,NON_INDUSTRIAL_RURAL,ROUTINE_MONITORING_RECOMMENDED
1462,23.69703,85.28796,310.27,293.74,2026-09-27,2034,1.1,nominal,0.6,N,N,VIIRS,near_real_time,Jharkhand,EAST_MINERAL_BELT,False,137492.7,Tata Steel Jamshedpur Works,steel_and_heavy_industry,national_tata_steel_jamshedpu,NON_INDUSTRIAL_RURAL,0.1,CLUSTER_705,0.034,2,58,False,16.529999999999973,,UNLABELED,UNVERIFIED,,,,,,18.58,LOW,NON_INDUSTRIAL_RURAL,ROUTINE_MONITORING_RECOMMENDED
1463,23.69811,85.36905,303.99,293.12,2026-09-27,2034,1.31,nominal,0.6,N,N,VIIRS,near_real_time,Jharkhand,EAST_MINERAL_BELT,False,132132.3,Tata Steel Jamshedpur Works,steel_and_heavy_industry,national_tata_steel_jamshedpu,NON_INDUSTRIAL_RURAL,0.1,CLUSTER_166,0.052,3,58,False,10.870000000000005,,UNLABELED,UNVERIFIED,,,,,,17.21,LOW,NON_INDUSTRIAL_RURAL,ROUTINE_MONITORING_RECOMMENDED
1464,23.7076,86.449,304.83,292.24,2026-09-27,2034,1.93,nominal,0.6,N,N,VIIRS,near_real_time,Jharkhand,EAST_MINERAL_BELT,False,105572.8,Tata Steel Jamshedpur Works,steel_and_heavy_industry,national_tata_steel_jamshedpu,NON_INDUSTRIAL_RURAL,0.1,CLUSTER_168,0.052,3,58,False,12.589999999999975,,UNLABELED,UNVERIFIED,,,,,,18.07,LOW,NON_INDUSTRIAL_RURAL,ROUTINE_MONITORING_RECOMMENDED
1465,23.71191,86.45,318.89,293.21,2026-09-27,2034,1.93,nominal,0.6,N,N,VIIRS,near_real_time,Jharkhand,EAST_MINERAL_BELT,False,106062.4,Tata Steel Jamshedpur Works,steel_and_heavy_industry,national_tata_steel_jamshedpu,NON_INDUSTRIAL_RURAL,0.1,CLUSTER_168,0.052,3,58,False,25.680000000000007,,UNLABELED,UNVERIFIED,,,,,,18.07,LOW,NON_INDUSTRIAL_RURAL,ROUTINE_MONITORING_RECOMMENDED
1466,23.71801,86.44207,304.92,292.29,2026-09-27,2034,2.01,nominal,0.6,N,N,VIIRS,near_real_time,Jharkhand,EAST_MINERAL_BELT,False,106531.4,Tata Steel Jamshedpur Works,steel_and_heavy_industry,national_tata_steel_jamshedpu,NON_INDUSTRIAL_RURAL,0.1,CLUSTER_168,0.052,3,58,False,12.629999999999995,,UNLABELED,UNVERIFIED,,,,,,18.07,LOW,NON_INDUSTRIAL_RURAL,ROUTINE_MONITORING_RECOMMENDED
1467,23.73387,86.43375,306.62,292.58,2026-09-27,2034,2.11,nominal,0.6,N,N,VIIRS,near_real_time,Jharkhand,EAST_MINERAL_BELT,False,108055.6,Tata Steel Jamshedpur Works,steel_and_heavy_industry,national_tata_steel_jamshedpu,NON_INDUSTRIAL_RURAL,0.1,CLUSTER_169,0.069,4,58,False,14.04000000000002,,UNLABELED,UNVERIFIED,,,,,,21.16,LOW,NON_INDUSTRIAL_RURAL,ROUTINE_MONITORING_RECOMMENDED
1468,23.73817,86.43477,328.4,294.03,2026-09-27,2034,4.41,nominal,0.6,N,N,VIIRS,near_real_time,Jharkhand,EAST_MINERAL_BELT,False,108544.9,Tata Steel Jamshedpur Works,steel_and_heavy_industry,national_tata_steel_jamshedpu,NON_INDUSTRIAL_RURAL,0.1,CLUSTER_169,0.069,4,58,False,34.370000000000005,,UNLABELED,UNVERIFIED,,,,,,21.16,LOW,NON_INDUSTRIAL_RURAL,ROUTINE_MONITORING_RECOMMENDED
1469,23.73844,85.0099,305.58,293.27,2026-09-27,2034,2.19,nominal,0.6,N,N,VIIRS,near_real_time,Jharkhand,EAST_MINERAL_BELT,False,168782.4,SAIL Rourkela Steel Plant,steel_and_heavy_industry,national_sail_rourkela_steel_,NON_INDUSTRIAL_RURAL,0.1,CLUSTER_707,0.034,2,58,False,12.310000000000002,,UNLABELED,UNVERIFIED,,,,,,16.34,LOW,NON_INDUSTRIAL_RURAL,ROUTINE_MONITORING_RECOMMENDED
1470,23.75611,85.85528,308.4,293.8,2026-09-27,2034,1.46,nominal,0.6,N,N,VIIRS,near_real_time,Jharkhand,EAST_MINERAL_BELT,False,113445.2,Tata Steel Jamshedpur Works,steel_and_heavy_industry,national_tata_steel_jamshedpu,NON_INDUSTRIAL_RURAL,0.1,CLUSTER_171,0.052,3,58,False,14.599999999999966,,UNLABELED,UNVERIFIED,,,,,,16.92,LOW,NON_INDUSTRIAL_RURAL,ROUTINE_MONITORING_RECOMMENDED
1471,23.75694,85.85117,308.91,293.34,2026-09-27,2034,1.46,nominal,0.6,N,N,VIIRS,near_real_time,Jharkhand,EAST_MINERAL_BELT,False,113663.2,Tata Steel Jamshedpur Works,steel_and_heavy_industry,national_tata_steel_jamshedpu,NON_INDUSTRIAL_RURAL,0.1,CLUSTER_171,0.052,3,58,False,15.57000000000005,,UNLABELED,UNVERIFIED,,,,,,16.92,LOW,NON_INDUSTRIAL_RURAL,ROUTINE_MONITORING_RECOMMENDED
1472,23.75838,86.40212,327.35,293.0,2026-09-27,2034,4.66,nominal,0.6,N,N,VIIRS,near_real_time,Jharkhand,EAST_MINERAL_BELT,False,110067.4,Tata Steel Jamshedpur Works,steel_and_heavy_industry,national_tata_steel_jamshedpu,NON_INDUSTRIAL_RURAL,0.1,CLUSTER_170,0.069,4,58,False,34.35000000000002,,UNLABELED,UNVERIFIED,,,,,,20.81,LOW,NON_INDUSTRIAL_RURAL,ROUTINE_MONITORING_RECOMMENDED
1473,23.76268,86.40311,328.65,292.88,2026-09-27,2034,1.75,nominal,0.6,N,N,VIIRS,near_real_time,Jharkhand,EAST_MINERAL_BELT,False,110556.0,Tata Steel Jamshedpur Works,steel_and_heavy_industry,national_tata_steel_jamshedpu,NON_INDUSTRIAL_RURAL,0.1,CLUSTER_170,0.069,4,58,False,35.76999999999998,,UNLABELED,UNVERIFIED,,,,,,20.81,LOW,NON_INDUSTRIAL_RURAL,ROUTINE_MONITORING_RECOMMENDED
1474,23.76358,86.39871,304.72,292.26,2026-09-27,2034,1.75,nominal,0.6,N,N,VIIRS,near_real_time,Jharkhand,EAST_MINERAL_BELT,False,110571.4,Tata Steel Jamshedpur Works,steel_and_heavy_industry,national_tata_steel_jamshedpu,NON_INDUSTRIAL_RURAL,0.1,CLUSTER_170,0.069,4,58,False,12.460000000000036,,UNLABELED,UNVERIFIED,,,,,,20.81,LOW,NON_INDUSTRIAL_RURAL,ROUTINE_MONITORING_RECOMMENDED
1475,23.76448,86.39429,308.72,293.5,2026-09-27,2034,3.06,nominal,0.6,N,N,VIIRS,near_real_time,Jharkhand,EAST_MINERAL_BELT,False,110588.3,Tata Steel Jamshedpur Works,steel_and_heavy_industry,national_tata_steel_jamshedpu,NON_INDUSTRIAL_RURAL,0.1,CLUSTER_170,0.069,4,58,False,15.220000000000027,,UNLABELED,UNVERIFIED,,,,,,20.81,LOW,NON_INDUSTRIAL_RURAL,ROUTINE_MONITORING_RECOMMENDED
1476,23.76697,86.40414,314.62,292.77,2026-09-27,2034,1.75,nominal,0.6,N,N,VIIRS,near_real_time,Jharkhand,EAST_MINERAL_BELT,False,111044.2,Tata Steel Jamshedpur Works,steel_and_heavy_industry,national_tata_steel_jamshedpu,NON_INDUSTRIAL_RURAL,0.1,CLUSTER_170,0.069,4,58,False,21.850000000000023,,UNLABELED,UNVERIFIED,,,,,,20.81,LOW,NON_INDUSTRIAL_RURAL,ROUTINE_MONITORING_RECOMMENDED
1477,23.76787,86.39973,306.3,292.77,2026-09-27,2034,1.75,nominal,0.6,N,N,VIIRS,near_real_time,Jharkhand,EAST_MINERAL_BELT,False,111059.3,Tata Steel Jamshedpur Works,steel_and_heavy_industry,national_tata_steel_jamshedpu,NON_INDUSTRIAL_RURAL,0.1,CLUSTER_170,0.069,4,58,False,13.53000000000003,,UNLABELED,UNVERIFIED,,,,,,20.81,LOW,NON_INDUSTRIAL_RURAL,ROUTINE_MONITORING_RECOMMENDED
1478,23.77144,86.19608,315.99,292.07,2026-09-27,2034,2.46,nominal,0.6,N,N,VIIRS,near_real_time,Jharkhand,EAST_MINERAL_BELT,False,109576.7,Tata Steel Jamshedpur Works,steel_and_heavy_industry,national_tata_steel_jamshedpu,NON_INDUSTRIAL_RURAL,0.1,CLUSTER_173,0.052,3,58,False,23.920000000000016,,UNLABELED,UNVERIFIED,,,,,,19.32,LOW,NON_INDUSTRIAL_RURAL,ROUTINE_MONITORING_RECOMMENDED
1479,23.7733,86.19867,305.66,292.31,2026-09-27,2034,1.75,nominal,0.6,N,N,VIIRS,near_real_time,Jharkhand,EAST_MINERAL_BELT,False,109782.8,Tata Steel Jamshedpur Works,steel_and_heavy_industry,national_tata_steel_jamshedpu,NON_INDUSTRIAL_RURAL,0.1,CLUSTER_173,0.052,3,58,False,13.350000000000023,,UNLABELED,UNVERIFIED,,,,,,19.32,LOW,NON_INDUSTRIAL_RURAL,ROUTINE_MONITORING_RECOMMENDED
1480,23.77418,86.19434,311.18,292.6,2026-09-27,2034,2.27,nominal,0.6,N,N,VIIRS,near_real_time,Jharkhand,EAST_MINERAL_BELT,False,109882.1,Tata Steel Jamshedpur Works,steel_and_heavy_industry,national_tata_steel_jamshedpu,NON_INDUSTRIAL_RURAL,0.1,CLUSTER_173,0.052,3,58,False,18.579999999999984,,UNLABELED,UNVERIFIED,,,,,,19.32,LOW,NON_INDUSTRIAL_RURAL,ROUTINE_MONITORING_RECOMMENDED
1481,23.77511,86.36425,314.96,292.82,2026-09-27,2034,2.27,nominal,0.6,N,N,VIIRS,near_real_time,Jharkhand,EAST_MINERAL_BELT,False,111250.9,Tata Steel Jamshedpur Works,steel_and_heavy_industry,national_tata_steel_jamshedpu,NON_INDUSTRIAL_RURAL,0.1,CLUSTER_174,0.069,4,58,False,22.139999999999986,,UNLABELED,UNVERIFIED,,,,,,19.97,LOW,NON_INDUSTRIAL_RURAL,ROUTINE_MONITORING_RECOMMENDED
1482,23.77577,86.20827,305.06,292.4,2026-09-27,2034,3.12,nominal,0.6,N,N,VIIRS,near_real_time,Jharkhand,EAST_MINERAL_BELT,False,110060.6,Tata Steel Jamshedpur Works,steel_and_heavy_industry,national_tata_steel_jamshedpu,NON_INDUSTRIAL_RURAL,0.1,CLUSTER_175,0.086,5,58,False,12.660000000000025,,UNLABELED,UNVERIFIED,,,,,,22.38,LOW,NON_INDUSTRIAL_RURAL,ROUTINE_MONITORING_RECOMMENDED
1483,23.77736,86.21101,319.68,292.4,2026-09-27,2034,2.55,nominal,0.6,N,N,VIIRS,near_real_time,Jharkhand,EAST_MINERAL_BELT,False,110239.9,Tata Steel Jamshedpur Works,steel_and_heavy_industry,national_tata_steel_jamshedpu,NON_INDUSTRIAL_RURAL,0.1,CLUSTER_175,0.086,5,58,False,27.28000000000003,,UNLABELED,UNVERIFIED,,,,,,22.38,LOW,NON_INDUSTRIAL_RURAL,ROUTINE_MONITORING_RECOMMENDED
1484,23.77821,86.20667,305.58,292.94,2026-09-27,2034,2.64,nominal,0.6,N,N,VIIRS,near_real_time,Jharkhand,EAST_MINERAL_BELT,False,110330.8,Tata Steel Jamshedpur Works,steel_and_heavy_industry,national_tata_steel_jamshedpu,NON_INDUSTRIAL_RURAL,0.1,CLUSTER_175,0.086,5,58,False,12.639999999999986,,UNLABELED,UNVERIFIED,,,,,,22.38,LOW,NON_INDUSTRIAL_RURAL,ROUTINE_MONITORING_RECOMMENDED
1485,23.7787,86.34664,307.37,292.26,2026-09-27,2034,1.13,nominal,0.6,N,N,VIIRS,near_real_time,Jharkhand,EAST_MINERAL_BELT,False,111389.8,Tata Steel Jamshedpur Works,steel_and_heavy_industry,national_tata_steel_jamshedpu,NON_INDUSTRIAL_RURAL,0.1,CLUSTER_176,0.052,3,58,False,15.110000000000014,,UNLABELED,UNVERIFIED,,,,,,16.72,LOW,NON_INDUSTRIAL_RURAL,ROUTINE_MONITORING_RECOMMENDED
1486,23.77918,86.38832,312.35,292.56,2026-09-27,2034,2.29,nominal,0.6,N,N,VIIRS,near_real_time,Jharkhand,EAST_MINERAL_BELT,False,112091.3,Tata Steel Jamshedpur Works,steel_and_heavy_industry,national_tata_steel_jamshedpu,NON_INDUSTRIAL_RURAL,0.1,CLUSTER_178,0.069,4,58,False,19.79000000000002,,UNLABELED,UNVERIFIED,,,,,,20.93,LOW,NON_INDUSTRIAL_RURAL,ROUTINE_MONITORING_RECOMMENDED
1487,23.78001,86.20921,337.16,294.2,2026-09-27,2034,3.12,nominal,0.6,N,N,VIIRS,near_real_time,Jharkhand,EAST_MINERAL_BELT,False,110532.9,Tata Steel Jamshedpur Works,steel_and_heavy_industry,national_tata_steel_jamshedpu,NON_INDUSTRIAL_RURAL,0.1,CLUSTER_175,0.086,5,58,False,42.960000000000036,,UNLABELED,UNVERIFIED,,,,,,22.38,LOW,NON_INDUSTRIAL_RURAL,ROUTINE_MONITORING_RECOMMENDED
1488,23.78002,85.57287,306.46,293.63,2026-09-27,2034,1.86,nominal,0.6,N,N,VIIRS,near_real_time,Jharkhand,EAST_MINERAL_BELT,False,127675.9,Tata Steel Jamshedpur Works,steel_and_heavy_industry,national_tata_steel_jamshedpu,NON_INDUSTRIAL_RURAL,0.1,CLUSTER_179,0.052,3,58,False,12.829999999999984,,UNLABELED,UNVERIFIED,,,,,,16.2,LOW,NON_INDUSTRIAL_RURAL,ROUTINE_MONITORING_RECOMMENDED
1489,23.78187,86.37508,308.74,292.19,2026-09-27,2034,1.36,nominal,0.6,N,N,VIIRS,near_real_time,Jharkhand,EAST_MINERAL_BELT,False,112163.9,Tata Steel Jamshedpur Works,steel_and_heavy_industry,national_tata_steel_jamshedpu,NON_INDUSTRIAL_RURAL,0.1,CLUSTER_180,0.052,3,58,False,16.55000000000001,,UNLABELED,UNVERIFIED,,,,,,16.81,LOW,NON_INDUSTRIAL_RURAL,ROUTINE_MONITORING_RECOMMENDED
1490,23.78387,86.34325,304.54,291.7,2026-09-27,2034,1.87,nominal,0.6,N,N,VIIRS,near_real_time,Jharkhand,EAST_MINERAL_BELT,False,111913.9,Tata Steel Jamshedpur Works,steel_and_heavy_industry,national_tata_steel_jamshedpu,NON_INDUSTRIAL_RURAL,0.1,CLUSTER_176,0.052,3,58,False,12.840000000000032,,UNLABELED,UNVERIFIED,,,,,,16.72,LOW,NON_INDUSTRIAL_RURAL,ROUTINE_MONITORING_RECOMMENDED
1491,23.78799,85.55377,311.24,293.21,2026-09-27,2034,1.09,nominal,0.6,N,N,VIIRS,near_real_time,Jharkhand,EAST_MINERAL_BELT,False,129422.4,Tata Steel Jamshedpur Works,steel_and_heavy_industry,national_tata_steel_jamshedpu,NON_INDUSTRIAL_RURAL,0.1,CLUSTER_181,0.052,3,58,False,18.03000000000003,,UNLABELED,UNVERIFIED,,,,,,16.4,LOW,NON_INDUSTRIAL_RURAL,ROUTINE_MONITORING_RECOMMENDED
1492,23.7958,86.35067,313.32,292.32,2026-09-27,2034,3.39,nominal,0.6,N,N,VIIRS,near_real_time,Jharkhand,EAST_MINERAL_BELT,False,113329.9,Tata Steel Jamshedpur Works,steel_and_heavy_industry,national_tata_steel_jamshedpu,NON_INDUSTRIAL_RURAL,0.1,CLUSTER_182,0.052,3,58,False,21.0,,UNLABELED,UNVERIFIED,,,,,,18.55,LOW,NON_INDUSTRIAL_RURAL,ROUTINE_MONITORING_RECOMMENDED
1493,23.82322,85.49857,305.77,293.78,2026-09-27,2034,1.89,nominal,0.6,N,N,VIIRS,near_real_time,Jharkhand,EAST_MINERAL_BELT,False,135683.9,Tata Steel Jamshedpur Works,steel_and_heavy_industry,national_tata_steel_jamshedpu,NON_INDUSTRIAL_RURAL,0.1,CLUSTER_184,0.052,3,58,False,11.990000000000009,,UNLABELED,UNVERIFIED,,,,,,16.21,LOW,NON_INDUSTRIAL_RURAL,ROUTINE_MONITORING_RECOMMENDED
1494,23.83758,85.469,305.23,293.89,2026-09-27,2034,0.87,nominal,0.6,N,N,VIIRS,near_real_time,Jharkhand,EAST_MINERAL_BELT,False,138637.7,Tata Steel Jamshedpur Works,steel_and_heavy_industry,national_tata_steel_jamshedpu,NON_INDUSTRIAL_RURAL,0.1,CLUSTER_708,0.034,2,58,False,11.340000000000032,,UNLABELED,UNVERIFIED,,,,,,16.04,LOW,NON_INDUSTRIAL_RURAL,ROUTINE_MONITORING_RECOMMENDED
1495,23.92565,85.34192,302.92,291.74,2026-09-27,2034,0.82,nominal,0.6,N,N,VIIRS,near_real_time,Jharkhand,EAST_MINERAL_BELT,False,153954.5,Tata Steel Jamshedpur Works,steel_and_heavy_industry,national_tata_steel_jamshedpu,NON_INDUSTRIAL_RURAL,0.1,CLUSTER_709,0.034,2,58,False,11.180000000000007,,UNLABELED,UNVERIFIED,,,,,,15.95,LOW,NON_INDUSTRIAL_RURAL,ROUTINE_MONITORING_RECOMMENDED
1496,24.00994,80.5296,305.59,294.33,2026-09-27,2034,0.74,nominal,0.6,N,N,VIIRS,near_real_time,Chhattisgarh,EAST_MINERAL_BELT,False,325893.8,SAIL Bhilai Steel Plant,steel_and_heavy_industry,national_sail_bhilai_steel_pl,NON_INDUSTRIAL_RURAL,0.1,CLUSTER_710,0.017,1,58,False,11.259999999999991,,UNLABELED,UNVERIFIED,,,,,,15.93,LOW,NON_INDUSTRIAL_RURAL,ROUTINE_MONITORING_RECOMMENDED
1497,24.14047,82.70424,305.36,293.51,2026-09-27,2034,0.59,nominal,0.6,N,N,VIIRS,near_real_time,Chhattisgarh,EAST_MINERAL_BELT,False,306939.3,SAIL Rourkela Steel Plant,steel_and_heavy_industry,national_sail_rourkela_steel_,NON_INDUSTRIAL_RURAL,0.1,CLUSTER_711,0.017,1,58,False,11.850000000000023,,UNLABELED,UNVERIFIED,,,,,,15.89,LOW,NON_INDUSTRIAL_RURAL,ROUTINE_MONITORING_RECOMMENDED
1498,24.14533,82.65668,306.03,293.38,2026-09-27,2034,0.67,nominal,0.6,N,N,VIIRS,near_real_time,Chhattisgarh,EAST_MINERAL_BELT,False,310824.0,SAIL Rourkela Steel Plant,steel_and_heavy_industry,national_sail_rourkela_steel_,NON_INDUSTRIAL_RURAL,0.1,CLUSTER_712,0.052,3,58,False,12.649999999999977,,UNLABELED,UNVERIFIED,,,,,,19.69,LOW,NON_INDUSTRIAL_RURAL,ROUTINE_MONITORING_RECOMMENDED
1499,24.15253,82.596,313.83,293.77,2026-09-27,2034,1.59,nominal,0.6,N,N,VIIRS,near_real_time,Chhattisgarh,EAST_MINERAL_BELT,False,315895.2,SAIL Rourkela Steel Plant,steel_and_heavy_industry,national_sail_rourkela_steel_,NON_INDUSTRIAL_RURAL,0.1,CLUSTER_713,0.034,2,58,False,20.060000000000002,,UNLABELED,UNVERIFIED,,,,,,16.9,LOW,NON_INDUSTRIAL_RURAL,ROUTINE_MONITORING_RECOMMENDED
1500,24.16117,82.62884,304.69,293.33,2026-09-27,2034,0.74,nominal,0.6,N,N,VIIRS,near_real_time,Chhattisgarh,EAST_MINERAL_BELT,False,314091.9,SAIL Rourkela Steel Plant,steel_and_heavy_industry,national_sail_rourkela_steel_,NON_INDUSTRIAL_RURAL,0.1,CLUSTER_714,0.034,2,58,False,11.360000000000014,,UNLABELED,UNVERIFIED,,,,,,15.93,LOW,NON_INDUSTRIAL_RURAL,ROUTINE_MONITORING_RECOMMENDED
1501,24.17984,82.64618,303.92,293.92,2026-09-27,2034,0.87,nominal,0.6,N,N,VIIRS,near_real_time,Chhattisgarh,EAST_MINERAL_BELT,False,314226.3,SAIL Rourkela Steel Plant,steel_and_heavy_industry,national_sail_rourkela_steel_,NON_INDUSTRIAL_RURAL,0.1,CLUSTER_296,0.052,3,58,False,10.0,,UNLABELED,UNVERIFIED,,,,,,16.02,LOW,NON_INDUSTRIAL_RURAL,ROUTINE_MONITORING_RECOMMENDED
1502,24.18107,82.65974,308.03,294.01,2026-09-27,2034,1.65,nominal,0.6,N,N,VIIRS,near_real_time,Chhattisgarh,EAST_MINERAL_BELT,False,313321.9,SAIL Rourkela Steel Plant,steel_and_heavy_industry,national_sail_rourkela_steel_,NON_INDUSTRIAL_RURAL,0.1,CLUSTER_297,0.052,3,58,False,14.019999999999982,,UNLABELED,UNVERIFIED,,,,,,16.15,LOW,NON_INDUSTRIAL_RURAL,ROUTINE_MONITORING_RECOMMENDED
1503,24.1965,82.71626,320.52,293.99,2026-09-27,2034,1.96,nominal,0.6,N,N,VIIRS,near_real_time,Chhattisgarh,EAST_MINERAL_BELT,False,310387.9,SAIL Rourkela Steel Plant,steel_and_heavy_industry,national_sail_rourkela_steel_,NON_INDUSTRIAL_RURAL,0.1,CLUSTER_185,0.069,4,58,False,26.529999999999973,,UNLABELED,UNVERIFIED,,,,,,19.39,LOW,NON_INDUSTRIAL_RURAL,ROUTINE_MONITORING_RECOMMENDED
1504,24.20307,80.80159,305.67,294.04,2026-09-27,2034,0.44,nominal,0.6,N,N,VIIRS,near_real_time,Chhattisgarh,EAST_MINERAL_BELT,False,340679.8,SAIL Bhilai Steel Plant,steel_and_heavy_industry,national_sail_bhilai_steel_pl,NON_INDUSTRIAL_RURAL,0.1,CLUSTER_715,0.017,1,58,False,11.629999999999995,,UNLABELED,UNVERIFIED,,,,,,15.86,LOW,NON_INDUSTRIAL_RURAL,ROUTINE_MONITORING_RECOMMENDED
1505,24.20499,82.7093,308.25,294.61,2026-09-27,2034,1.45,nominal,0.6,N,N,VIIRS,near_real_time,Chhattisgarh,EAST_MINERAL_BELT,False,311553.2,SAIL Rourkela Steel Plant,steel_and_heavy_industry,national_sail_rourkela_steel_,NON_INDUSTRIAL_RURAL,0.1,CLUSTER_185,0.069,4,58,False,13.639999999999986,,UNLABELED,UNVERIFIED,,,,,,19.39,LOW,NON_INDUSTRIAL_RURAL,ROUTINE_MONITORING_RECOMMENDED
1506,24.76292,74.60809,311.25,293.58,2026-09-27,2034,1.8,nominal,0.6,N,N,VIIRS,near_real_time,Central India,ALL_INDIA,False,89559.2,Unnamed Industrial Facility,general_industry,way/695640152,NON_INDUSTRIAL_RURAL,0.1,CLUSTER_187,0.069,4,58,False,17.670000000000016,,UNLABELED,UNVERIFIED,,,,,,17.41,LOW,NON_INDUSTRIAL_RURAL,ROUTINE_MONITORING_RECOMMENDED
1507,25.3876,68.58101,314.8,294.37,2026-09-27,2034,1.17,nominal,0.6,N,N,VIIRS,near_real_time,Western India,ALL_INDIA,False,154981.8,Khavda Renewable Energy Park,general_industry,way/1273382001,NON_INDUSTRIAL_RURAL,0.1,CLUSTER_090,0.121,7,58,False,20.430000000000007,,UNLABELED,UNVERIFIED,,,,,,19.89,LOW,NON_INDUSTRIAL_RURAL,ROUTINE_MONITORING_RECOMMENDED
1508,25.39037,68.58036,314.71,294.64,2026-09-27,2034,1.46,nominal,0.6,N,N,VIIRS,near_real_time,Western India,ALL_INDIA,False,155283.9,Khavda Renewable Energy Park,general_industry,way/1273382001,NON_INDUSTRIAL_RURAL,0.1,CLUSTER_090,0.121,7,58,False,20.069999999999993,,UNLABELED,UNVERIFIED,,,,,,19.89,LOW,NON_INDUSTRIAL_RURAL,ROUTINE_MONITORING_RECOMMENDED
1509,25.94155,72.18678,313.34,293.46,2026-09-27,2034,2.99,nominal,0.6,N,N,VIIRS,near_real_time,Western India,ALL_INDIA,False,173908.4,Unnamed Industrial Facility,general_industry,way/1243273049,NON_INDUSTRIAL_RURAL,0.1,CLUSTER_300,0.034,2,58,False,19.879999999999995,,UNLABELED,UNVERIFIED,,,,,,16.92,LOW,NON_INDUSTRIAL_RURAL,ROUTINE_MONITORING_RECOMMENDED
1510,28.05062,69.36957,308.75,294.14,2026-09-27,2034,0.85,nominal,0.6,N,N,VIIRS,near_real_time,Northern India,ALL_INDIA,False,427534.0,NTPC Khavda,general_industry,way/1336628395,NON_INDUSTRIAL_RURAL,0.1,CLUSTER_198,0.138,8,58,False,14.610000000000014,,UNLABELED,UNVERIFIED,,,,,,21.75,LOW,NON_INDUSTRIAL_RURAL,ROUTINE_MONITORING_RECOMMENDED
1511,28.05093,69.36502,308.41,294.23,2026-09-27,2034,0.85,nominal,0.6,N,N,VIIRS,near_real_time,Northern India,ALL_INDIA,False,427579.9,NTPC Khavda,general_industry,way/1336628395,NON_INDUSTRIAL_RURAL,0.1,CLUSTER_198,0.138,8,58,False,14.180000000000007,,UNLABELED,UNVERIFIED,,,,,,21.75,LOW,NON_INDUSTRIAL_RURAL,ROUTINE_MONITORING_RECOMMENDED
1512,28.05132,69.36879,319.36,294.66,2026-09-27,2034,1.22,nominal,0.6,N,N,VIIRS,near_real_time,Northern India,ALL_INDIA,False,427613.7,NTPC Khavda,general_industry,way/1336628395,NON_INDUSTRIAL_RURAL,0.1,CLUSTER_198,0.138,8,58,False,24.69999999999999,,UNLABELED,UNVERIFIED,,,,,,21.75,LOW,NON_INDUSTRIAL_RURAL,ROUTINE_MONITORING_RECOMMENDED
1513,28.4227,69.69918,304.33,293.13,2026-09-27,2034,0.76,nominal,0.6,N,N,VIIRS,near_real_time,Northern India,ALL_INDIA,False,464629.7,Unnamed Industrial Facility,general_industry,way/273175995,NON_INDUSTRIAL_RURAL,0.1,CLUSTER_348,0.052,3,58,False,11.199999999999989,,UNLABELED,UNVERIFIED,,,,,,17.69,LOW,NON_INDUSTRIAL_RURAL,ROUTINE_MONITORING_RECOMMENDED
1514,13.70895,79.62033,310.15,295.87,2026-09-27,2036,2.02,nominal,0.6,N,N,VIIRS,near_real_time,Tamil Nadu,SOUTH_CORRIDOR,False,92417.6,CPCL Manali Refinery Complex,oil_refinery,national_cpcl_manali_refinery,NON_INDUSTRIAL_RURAL,0.1,CLUSTER_716,0.017,1,58,False,14.279999999999973,,UNLABELED,UNVERIFIED,,,,,,16.26,LOW,NON_INDUSTRIAL_RURAL,ROUTINE_MONITORING_RECOMMENDED
1515,14.58765,78.58081,310.5,296.76,2026-09-27,2036,1.78,nominal,0.6,N,N,VIIRS,near_real_time,Andhra Pradesh,SOUTH_CORRIDOR,False,241107.7,CPCL Manali Refinery Complex,oil_refinery,national_cpcl_manali_refinery,NON_INDUSTRIAL_RURAL,0.1,CLUSTER_717,0.017,1,58,False,13.740000000000009,,UNLABELED,UNVERIFIED,,,,,,16.25,LOW,NON_INDUSTRIAL_RURAL,ROUTINE_MONITORING_RECOMMENDED
1516,14.87278,78.05157,307.15,296.09,2026-09-27,2036,0.74,nominal,0.6,N,N,VIIRS,near_real_time,Andhra Pradesh,SOUTH_CORRIDOR,False,305198.4,CPCL Manali Refinery Complex,oil_refinery,national_cpcl_manali_refinery,NON_INDUSTRIAL_RURAL,0.1,CLUSTER_718,0.017,1,58,False,11.060000000000002,,UNLABELED,UNVERIFIED,,,,,,15.93,LOW,NON_INDUSTRIAL_RURAL,ROUTINE_MONITORING_RECOMMENDED
1517,14.93126,78.34192,310.53,296.3,2026-09-27,2036,0.89,nominal,0.6,N,N,VIIRS,near_real_time,Andhra Pradesh,SOUTH_CORRIDOR,False,285775.0,CPCL Manali Refinery Complex,oil_refinery,national_cpcl_manali_refinery,NON_INDUSTRIAL_RURAL,0.1,CLUSTER_719,0.017,1,58,False,14.229999999999961,,UNLABELED,UNVERIFIED,,,,,,16.03,LOW,NON_INDUSTRIAL_RURAL,ROUTINE_MONITORING_RECOMMENDED
1518,15.16757,76.67423,315.41,293.47,2026-09-27,2036,0.97,nominal,0.6,N,N,VIIRS,near_real_time,Andhra Pradesh,SOUTH_CORRIDOR,False,312689.7,MRPL Mangalore Refinery,oil_refinery,national_mrpl_mangalore_refin,NON_INDUSTRIAL_RURAL,0.1,CLUSTER_720,0.017,1,58,False,21.939999999999998,,UNLABELED,UNVERIFIED,,,,,,16.9,LOW,NON_INDUSTRIAL_RURAL,ROUTINE_MONITORING_RECOMMENDED
1519,15.1681,76.37891,308.06,291.89,2026-09-27,2036,0.94,nominal,0.6,N,N,VIIRS,near_real_time,Andhra Pradesh,SOUTH_CORRIDOR,False,293552.1,MRPL Mangalore Refinery,oil_refinery,national_mrpl_mangalore_refin,NON_INDUSTRIAL_RURAL,0.1,CLUSTER_721,0.017,1,58,False,16.170000000000016,,UNLABELED,UNVERIFIED,,,,,,15.98,LOW,NON_INDUSTRIAL_RURAL,ROUTINE_MONITORING_RECOMMENDED
1520,15.16813,76.67059,307.21,293.46,2026-09-27,2036,1.8,nominal,0.6,N,N,VIIRS,near_real_time,Andhra Pradesh,SOUTH_CORRIDOR,False,312488.7,MRPL Mangalore Refinery,oil_refinery,national_mrpl_mangalore_refin,NON_INDUSTRIAL_RURAL,0.1,CLUSTER_720,0.017,1,58,False,13.75,,UNLABELED,UNVERIFIED,,,,,,16.9,LOW,NON_INDUSTRIAL_RURAL,ROUTINE_MONITORING_RECOMMENDED
1521,15.17146,76.69344,306.69,292.89,2026-09-27,2036,1.11,nominal,0.6,N,N,VIIRS,near_real_time,Andhra Pradesh,SOUTH_CORRIDOR,False,314340.6,MRPL Mangalore Refinery,oil_refinery,national_mrpl_mangalore_refin,NON_INDUSTRIAL_RURAL,0.1,CLUSTER_722,0.017,1,58,False,13.800000000000011,,UNLABELED,UNVERIFIED,,,,,,16.95,LOW,NON_INDUSTRIAL_RURAL,ROUTINE_MONITORING_RECOMMENDED
1522,15.17259,76.66388,306.3,294.15,2026-09-27,2036,1.3,nominal,0.6,N,N,VIIRS,near_real_time,Andhra Pradesh,SOUTH_CORRIDOR,False,312413.5,MRPL Mangalore Refinery,oil_refinery,national_mrpl_mangalore_refin,NON_INDUSTRIAL_RURAL,0.1,CLUSTER_723,0.017,1,58,False,12.150000000000034,,UNLABELED,UNVERIFIED,,,,,,16.07,LOW,NON_INDUSTRIAL_RURAL,ROUTINE_MONITORING_RECOMMENDED
1523,15.17371,76.65662,312.19,294.15,2026-09-27,2036,1.22,nominal,0.6,N,N,VIIRS,near_real_time,Andhra Pradesh,SOUTH_CORRIDOR,False,312015.8,MRPL Mangalore Refinery,oil_refinery,national_mrpl_mangalore_refin,NON_INDUSTRIAL_RURAL,0.1,CLUSTER_724,0.017,1,58,False,18.04000000000002,,UNLABELED,UNVERIFIED,,,,,,20.79,LOW,NON_INDUSTRIAL_RURAL,ROUTINE_MONITORING_RECOMMENDED
1524,15.17416,76.78657,305.51,293.78,2026-09-27,2036,0.96,nominal,0.6,N,N,VIIRS,near_real_time,Andhra Pradesh,SOUTH_CORRIDOR,False,321067.4,MRPL Mangalore Refinery,oil_refinery,national_mrpl_mangalore_refin,NON_INDUSTRIAL_RURAL,0.1,CLUSTER_725,0.017,1,58,False,11.730000000000018,,UNLABELED,UNVERIFIED,,,,,,15.98,LOW,NON_INDUSTRIAL_RURAL,ROUTINE_MONITORING_RECOMMENDED
1525,15.17427,76.65299,312.26,293.06,2026-09-27,2036,1.22,nominal,0.6,N,N,VIIRS,near_real_time,Andhra Pradesh,SOUTH_CORRIDOR,False,311817.6,MRPL Mangalore Refinery,oil_refinery,national_mrpl_mangalore_refin,NON_INDUSTRIAL_RURAL,0.1,CLUSTER_724,0.017,1,58,False,19.19999999999999,,UNLABELED,UNVERIFIED,,,,,,20.79,LOW,NON_INDUSTRIAL_RURAL,ROUTINE_MONITORING_RECOMMENDED
1526,15.1748,76.69397,317.06,293.84,2026-09-27,2036,1.11,nominal,0.6,N,N,VIIRS,near_real_time,Andhra Pradesh,SOUTH_CORRIDOR,False,314662.2,MRPL Mangalore Refinery,oil_refinery,national_mrpl_mangalore_refin,NON_INDUSTRIAL_RURAL,0.1,CLUSTER_722,0.017,1,58,False,23.220000000000027,,UNLABELED,UNVERIFIED,,,,,,16.95,LOW,NON_INDUSTRIAL_RURAL,ROUTINE_MONITORING_RECOMMENDED
1527,15.17555,77.09969,308.25,293.83,2026-09-27,2036,0.75,nominal,0.6,N,N,VIIRS,near_real_time,Andhra Pradesh,SOUTH_CORRIDOR,False,344267.7,MRPL Mangalore Refinery,oil_refinery,national_mrpl_mangalore_refin,NON_INDUSTRIAL_RURAL,0.1,CLUSTER_726,0.017,1,58,False,14.420000000000016,,UNLABELED,UNVERIFIED,,,,,,15.98,LOW,NON_INDUSTRIAL_RURAL,ROUTINE_MONITORING_RECOMMENDED
1528,15.17705,76.65716,342.18,296.07,2026-09-27,2036,3.33,nominal,0.6,N,N,VIIRS,near_real_time,Andhra Pradesh,SOUTH_CORRIDOR,False,312340.1,MRPL Mangalore Refinery,oil_refinery,national_mrpl_mangalore_refin,NON_INDUSTRIAL_RURAL,0.1,CLUSTER_724,0.017,1,58,False,46.110000000000014,,UNLABELED,UNVERIFIED,,,,,,20.79,LOW,NON_INDUSTRIAL_RURAL,ROUTINE_MONITORING_RECOMMENDED
1529,15.1776,76.67584,312.83,295.82,2026-09-27,2036,2.01,nominal,0.6,N,N,VIIRS,near_real_time,Andhra Pradesh,SOUTH_CORRIDOR,False,313659.4,MRPL Mangalore Refinery,oil_refinery,national_mrpl_mangalore_refin,NON_INDUSTRIAL_RURAL,0.1,CLUSTER_727,0.034,2,58,False,17.00999999999999,,UNLABELED,UNVERIFIED,,,,,,25.53,LOW,NON_INDUSTRIAL_RURAL,ROUTINE_MONITORING_RECOMMENDED
1530,15.17761,76.65353,321.98,295.48,2026-09-27,2036,3.33,nominal,0.6,N,N,VIIRS,near_real_time,Andhra Pradesh,SOUTH_CORRIDOR,False,312142.0,MRPL Mangalore Refinery,oil_refinery,national_mrpl_mangalore_refin,NON_INDUSTRIAL_RURAL,0.1,CLUSTER_724,0.017,1,58,False,26.5,,UNLABELED,UNVERIFIED,,,,,,20.79,LOW,NON_INDUSTRIAL_RURAL,ROUTINE_MONITORING_RECOMMENDED
1531,15.17831,77.10382,308.44,294.57,2026-09-27,2036,0.96,nominal,0.6,N,N,VIIRS,near_real_time,Andhra Pradesh,SOUTH_CORRIDOR,False,344798.9,MRPL Mangalore Refinery,oil_refinery,national_mrpl_mangalore_refin,NON_INDUSTRIAL_RURAL,0.1,CLUSTER_726,0.017,1,58,False,13.870000000000005,,UNLABELED,UNVERIFIED,,,,,,15.98,LOW,NON_INDUSTRIAL_RURAL,ROUTINE_MONITORING_RECOMMENDED
1532,15.18094,76.67638,319.91,295.51,2026-09-27,2036,1.71,nominal,0.6,N,N,VIIRS,near_real_time,Andhra Pradesh,SOUTH_CORRIDOR,False,313982.8,MRPL Mangalore Refinery,oil_refinery,national_mrpl_mangalore_refin,NON_INDUSTRIAL_RURAL,0.1,CLUSTER_727,0.034,2,58,False,24.400000000000034,,UNLABELED,UNVERIFIED,,,,,,25.53,LOW,NON_INDUSTRIAL_RURAL,ROUTINE_MONITORING_RECOMMENDED
1533,15.18206,76.66913,314.89,294.97,2026-09-27,2036,4.84,nominal,0.6,N,N,VIIRS,near_real_time,Andhra Pradesh,SOUTH_CORRIDOR,False,313584.8,MRPL Mangalore Refinery,oil_refinery,national_mrpl_mangalore_refin,NON_INDUSTRIAL_RURAL,0.1,CLUSTER_541,0.034,2,58,False,19.91999999999996,,UNLABELED,UNVERIFIED,,,,,,23.19,LOW,NON_INDUSTRIAL_RURAL,ROUTINE_MONITORING_RECOMMENDED
1534,15.18262,76.6655,330.48,295.06,2026-09-27,2036,6.46,nominal,0.6,N,N,VIIRS,near_real_time,Andhra Pradesh,SOUTH_CORRIDOR,False,313386.1,MRPL Mangalore Refinery,oil_refinery,national_mrpl_mangalore_refin,NON_INDUSTRIAL_RURAL,0.1,CLUSTER_541,0.034,2,58,False,35.420000000000016,,UNLABELED,UNVERIFIED,,,,,,23.19,LOW,NON_INDUSTRIAL_RURAL,ROUTINE_MONITORING_RECOMMENDED
1535,15.18263,76.64319,306.68,294.31,2026-09-27,2036,1.39,nominal,0.6,N,N,VIIRS,near_real_time,Andhra Pradesh,SOUTH_CORRIDOR,False,311876.0,MRPL Mangalore Refinery,oil_refinery,national_mrpl_mangalore_refin,NON_INDUSTRIAL_RURAL,0.1,CLUSTER_542,0.017,1,58,False,12.370000000000005,,UNLABELED,UNVERIFIED,,,,,,18.98,LOW,NON_INDUSTRIAL_RURAL,ROUTINE_MONITORING_RECOMMENDED
1536,15.18428,76.67693,306.82,294.41,2026-09-27,2036,1.71,nominal,0.6,N,N,VIIRS,near_real_time,Andhra Pradesh,SOUTH_CORRIDOR,False,314307.0,MRPL Mangalore Refinery,oil_refinery,national_mrpl_mangalore_refin,NON_INDUSTRIAL_RURAL,0.1,CLUSTER_727,0.034,2,58,False,12.409999999999968,,UNLABELED,UNVERIFIED,,,,,,25.53,LOW,NON_INDUSTRIAL_RURAL,ROUTINE_MONITORING_RECOMMENDED
1537,15.18486,76.65099,307.41,294.66,2026-09-27,2036,1.47,nominal,0.6,N,N,VIIRS,near_real_time,Andhra Pradesh,SOUTH_CORRIDOR,False,312595.5,MRPL Mangalore Refinery,oil_refinery,national_mrpl_mangalore_refin,NON_INDUSTRIAL_RURAL,0.1,CLUSTER_728,0.017,1,58,False,12.75,,UNLABELED,UNVERIFIED,,,,,,16.11,LOW,NON_INDUSTRIAL_RURAL,ROUTINE_MONITORING_RECOMMENDED
1538,15.22401,76.76455,319.32,293.47,2026-09-27,2036,1.7,nominal,0.6,N,N,VIIRS,near_real_time,Andhra Pradesh,SOUTH_CORRIDOR,False,323724.3,MRPL Mangalore Refinery,oil_refinery,national_mrpl_mangalore_refin,NON_INDUSTRIAL_RURAL,0.1,CLUSTER_729,0.017,1,58,False,25.849999999999966,,UNLABELED,UNVERIFIED,,,,,,17.39,LOW,NON_INDUSTRIAL_RURAL,ROUTINE_MONITORING_RECOMMENDED
1539,15.31553,76.25473,306.7,292.69,2026-09-27,2036,0.78,nominal,0.6,N,N,VIIRS,near_real_time,Andhra Pradesh,SOUTH_CORRIDOR,False,300105.5,MRPL Mangalore Refinery,oil_refinery,national_mrpl_mangalore_refin,NON_INDUSTRIAL_RURAL,0.1,CLUSTER_730,0.017,1,58,False,14.009999999999991,,UNLABELED,UNVERIFIED,,,,,,15.94,LOW,NON_INDUSTRIAL_RURAL,ROUTINE_MONITORING_RECOMMENDED
1540,15.33464,76.28813,305.26,293.0,2026-09-27,2036,0.55,nominal,0.6,N,N,VIIRS,near_real_time,Andhra Pradesh,SOUTH_CORRIDOR,False,303774.4,MRPL Mangalore Refinery,oil_refinery,national_mrpl_mangalore_refin,NON_INDUSTRIAL_RURAL,0.1,CLUSTER_731,0.017,1,58,False,12.259999999999991,,UNLABELED,UNVERIFIED,,,,,,15.89,LOW,NON_INDUSTRIAL_RURAL,ROUTINE_MONITORING_RECOMMENDED
1541,15.6597,73.9886,308.41,291.99,2026-09-27,2036,1.44,nominal,0.6,N,N,VIIRS,near_real_time,Western India,ALL_INDIA,False,309720.9,MRPL Mangalore Refinery,oil_refinery,national_mrpl_mangalore_refin,NON_INDUSTRIAL_RURAL,0.1,CLUSTER_208,0.052,3,58,False,16.420000000000016,,UNLABELED,UNVERIFIED,,,,,,16.38,LOW,NON_INDUSTRIAL_RURAL,ROUTINE_MONITORING_RECOMMENDED
1542,15.68482,78.45797,309.51,296.62,2026-09-27,2036,0.93,nominal,0.6,N,N,VIIRS,near_real_time,Andhra Pradesh,SOUTH_CORRIDOR,False,341231.0,CPCL Manali Refinery Complex,oil_refinery,national_cpcl_manali_refinery,NON_INDUSTRIAL_RURAL,0.1,CLUSTER_732,0.017,1,58,False,12.889999999999986,,UNLABELED,UNVERIFIED,,,,,,15.98,LOW,NON_INDUSTRIAL_RURAL,ROUTINE_MONITORING_RECOMMENDED
1543,16.81057,79.91537,309.29,298.28,2026-09-27,2036,1.26,nominal,0.6,N,N,VIIRS,near_real_time,Andhra Pradesh,SOUTH_CORRIDOR,False,366722.8,HPCL Visakhapatnam Refinery,oil_refinery,national_hpcl_visakhapatnam_r,NON_INDUSTRIAL_RURAL,0.1,CLUSTER_733,0.017,1,58,False,11.010000000000048,,UNLABELED,UNVERIFIED,,,,,,16.06,LOW,NON_INDUSTRIAL_RURAL,ROUTINE_MONITORING_RECOMMENDED
1544,17.06505,76.97989,307.72,294.48,2026-09-27,2036,1.27,nominal,0.6,N,N,VIIRS,near_real_time,Andhra Pradesh,SOUTH_CORRIDOR,False,450994.9,Rasayani Petrochemical Complex,chemical_petrochemical,national_rasayani_petrochemic,NON_INDUSTRIAL_RURAL,0.1,CLUSTER_734,0.017,1,58,False,13.240000000000009,,UNLABELED,UNVERIFIED,,,,,,16.06,LOW,NON_INDUSTRIAL_RURAL,ROUTINE_MONITORING_RECOMMENDED
1545,17.13957,77.17594,312.41,295.6,2026-09-27,2036,1.37,nominal,0.6,N,N,VIIRS,near_real_time,Andhra Pradesh,SOUTH_CORRIDOR,False,465970.7,Rasayani Petrochemical Complex,chemical_petrochemical,national_rasayani_petrochemic,NON_INDUSTRIAL_RURAL,0.1,CLUSTER_735,0.034,2,58,False,16.810000000000002,,UNLABELED,UNVERIFIED,,,,,,16.4,LOW,NON_INDUSTRIAL_RURAL,ROUTINE_MONITORING_RECOMMENDED
1546,17.14178,77.1838,307.02,295.13,2026-09-27,2036,1.13,nominal,0.6,N,N,VIIRS,near_real_time,Andhra Pradesh,SOUTH_CORRIDOR,False,466620.0,Rasayani Petrochemical Complex,chemical_petrochemical,national_rasayani_petrochemic,NON_INDUSTRIAL_RURAL,0.1,CLUSTER_736,0.017,1,58,False,11.889999999999986,,UNLABELED,UNVERIFIED,,,,,,16.03,LOW,NON_INDUSTRIAL_RURAL,ROUTINE_MONITORING_RECOMMENDED
1547,17.95709,80.7953,319.55,297.81,2026-09-27,2036,2.84,nominal,0.6,N,N,VIIRS,near_real_time,Andhra Pradesh,SOUTH_CORRIDOR,False,260903.3,HPCL Visakhapatnam Refinery,oil_refinery,national_hpcl_visakhapatnam_r,NON_INDUSTRIAL_RURAL,0.1,CLUSTER_737,0.034,2,58,False,21.74000000000001,,UNLABELED,UNVERIFIED,,,,,,17.71,LOW,NON_INDUSTRIAL_RURAL,ROUTINE_MONITORING_RECOMMENDED
1548,18.49764,74.48884,307.17,290.98,2026-09-27,2036,0.96,nominal,0.6,N,N,VIIRS,near_real_time,Maharashtra,WEST_MAHARASHTRA,False,145300.2,Rasayani Petrochemical Complex,chemical_petrochemical,national_rasayani_petrochemic,NON_INDUSTRIAL_RURAL,0.1,CLUSTER_738,0.017,1,58,False,16.189999999999998,,UNLABELED,UNVERIFIED,,,,,,15.98,LOW,NON_INDUSTRIAL_RURAL,ROUTINE_MONITORING_RECOMMENDED
1549,18.68053,73.03847,305.18,293.15,2026-09-27,2036,0.92,nominal,0.6,N,N,VIIRS,near_real_time,Maharashtra,WEST_MAHARASHTRA,False,27401.1,Rasayani Petrochemical Complex,chemical_petrochemical,national_rasayani_petrochemic,NON_INDUSTRIAL_RURAL,0.1,CLUSTER_390,0.052,3,58,False,12.03000000000003,,UNLABELED,UNVERIFIED,,,,,,16.61,LOW,NON_INDUSTRIAL_RURAL,ROUTINE_MONITORING_RECOMMENDED
1550,18.68101,73.03465,307.17,293.71,2026-09-27,2036,0.92,nominal,0.6,N,N,VIIRS,near_real_time,Maharashtra,WEST_MAHARASHTRA,False,27556.8,Rasayani Petrochemical Complex,chemical_petrochemical,national_rasayani_petrochemic,NON_INDUSTRIAL_RURAL,0.1,CLUSTER_390,0.052,3,58,False,13.460000000000036,,UNLABELED,UNVERIFIED,,,,,,16.61,LOW,NON_INDUSTRIAL_RURAL,ROUTINE_MONITORING_RECOMMENDED
1551,18.68414,73.04287,306.87,294.5,2026-09-27,2036,1.59,nominal,0.6,N,N,VIIRS,near_real_time,Maharashtra,WEST_MAHARASHTRA,False,26822.4,Rasayani Petrochemical Complex,chemical_petrochemical,national_rasayani_petrochemic,NON_INDUSTRIAL_RURAL,0.1,CLUSTER_390,0.052,3,58,False,12.370000000000005,,UNLABELED,UNVERIFIED,,,,,,16.61,LOW,NON_INDUSTRIAL_RURAL,ROUTINE_MONITORING_RECOMMENDED
1552,18.68462,73.03905,307.76,293.78,2026-09-27,2036,1.8,nominal,0.6,N,N,VIIRS,near_real_time,Maharashtra,WEST_MAHARASHTRA,False,26977.3,Rasayani Petrochemical Complex,chemical_petrochemical,national_rasayani_petrochemic,NON_INDUSTRIAL_RURAL,0.1,CLUSTER_390,0.052,3,58,False,13.980000000000018,,UNLABELED,UNVERIFIED,,,,,,16.61,LOW,NON_INDUSTRIAL_RURAL,ROUTINE_MONITORING_RECOMMENDED
1553,18.69281,73.04025,315.59,293.92,2026-09-27,2036,1.28,nominal,0.6,N,N,VIIRS,near_real_time,Maharashtra,WEST_MAHARASHTRA,False,26126.7,Rasayani Petrochemical Complex,chemical_petrochemical,national_rasayani_petrochemic,NON_INDUSTRIAL_RURAL,0.1,CLUSTER_393,0.052,3,58,False,21.66999999999996,,UNLABELED,UNVERIFIED,,,,,,16.85,LOW,NON_INDUSTRIAL_RURAL,ROUTINE_MONITORING_RECOMMENDED
1554,18.71832,79.53844,314.55,297.24,2026-09-27,2036,2.27,nominal,0.6,N,N,VIIRS,near_real_time,Central India,ALL_INDIA,False,333967.5,SAIL Bhilai Steel Plant,steel_and_heavy_industry,national_sail_bhilai_steel_pl,NON_INDUSTRIAL_RURAL,0.1,CLUSTER_739,0.034,2,58,False,17.310000000000002,,UNLABELED,UNVERIFIED,,,,,,16.97,LOW,NON_INDUSTRIAL_RURAL,ROUTINE_MONITORING_RECOMMENDED
1555,18.72166,79.53903,309.51,297.13,2026-09-27,2036,1.04,nominal,0.6,N,N,VIIRS,near_real_time,Central India,ALL_INDIA,False,333627.1,SAIL Bhilai Steel Plant,steel_and_heavy_industry,national_sail_bhilai_steel_pl,NON_INDUSTRIAL_RURAL,0.1,CLUSTER_739,0.034,2,58,False,12.379999999999995,,UNLABELED,UNVERIFIED,,,,,,16.97,LOW,NON_INDUSTRIAL_RURAL,ROUTINE_MONITORING_RECOMMENDED
1556,19.09568,82.16835,305.43,293.89,2026-09-27,2036,1.98,nominal,0.6,N,N,VIIRS,near_real_time,Central India,ALL_INDIA,False,192880.8,HPCL Visakhapatnam Refinery,oil_refinery,national_hpcl_visakhapatnam_r,NON_INDUSTRIAL_RURAL,0.1,CLUSTER_555,0.034,2,58,False,11.54000000000002,,UNLABELED,UNVERIFIED,,,,,,20.04,LOW,NON_INDUSTRIAL_RURAL,ROUTINE_MONITORING_RECOMMENDED
1557,19.09866,82.16746,314.83,292.84,2026-09-27,2036,2.75,nominal,0.6,N,N,VIIRS,near_real_time,Central India,ALL_INDIA,False,193203.2,HPCL Visakhapatnam Refinery,oil_refinery,national_hpcl_visakhapatnam_r,NON_INDUSTRIAL_RURAL,0.1,CLUSTER_555,0.034,2,58,False,21.99000000000001,,UNLABELED,UNVERIFIED,,,,,,20.04,LOW,NON_INDUSTRIAL_RURAL,ROUTINE_MONITORING_RECOMMENDED
1558,19.10231,82.16819,308.39,293.94,2026-09-27,2036,1.42,nominal,0.6,N,N,VIIRS,near_real_time,Central India,ALL_INDIA,False,193485.3,HPCL Visakhapatnam Refinery,oil_refinery,national_hpcl_visakhapatnam_r,NON_INDUSTRIAL_RURAL,0.1,CLUSTER_555,0.034,2,58,False,14.449999999999989,,UNLABELED,UNVERIFIED,,,,,,20.04,LOW,NON_INDUSTRIAL_RURAL,ROUTINE_MONITORING_RECOMMENDED
1559,19.10314,73.05361,305.82,293.7,2026-09-27,2036,0.28,nominal,0.6,N,N,VIIRS,near_real_time,Maharashtra,WEST_MAHARASHTRA,False,8196.7,MIDC Taloja Chemical Zone,chemical_estate,national_midc_taloja_chemical,NON_INDUSTRIAL_RURAL,0.1,CLUSTER_740,0.017,1,58,False,12.120000000000005,,UNLABELED,UNVERIFIED,,,,,,15.82,LOW,NON_INDUSTRIAL_RURAL,ROUTINE_MONITORING_RECOMMENDED
1560,19.72338,79.1747,307.12,296.91,2026-09-27,2036,0.7,nominal,0.6,N,N,VIIRS,near_real_time,Central India,ALL_INDIA,False,280467.5,SAIL Bhilai Steel Plant,steel_and_heavy_industry,national_sail_bhilai_steel_pl,NON_INDUSTRIAL_RURAL,0.1,CLUSTER_741,0.017,1,58,False,10.20999999999998,,UNLABELED,UNVERIFIED,,,,,,15.92,LOW,NON_INDUSTRIAL_RURAL,ROUTINE_MONITORING_RECOMMENDED
1561,19.78559,79.14821,313.28,297.14,2026-09-27,2036,1.38,nominal,0.6,N,N,VIIRS,near_real_time,Central India,ALL_INDIA,False,278793.1,SAIL Bhilai Steel Plant,steel_and_heavy_industry,national_sail_bhilai_steel_pl,NON_INDUSTRIAL_RURAL,0.1,CLUSTER_209,0.052,3,58,False,16.139999999999986,,UNLABELED,UNVERIFIED,,,,,,16.52,LOW,NON_INDUSTRIAL_RURAL,ROUTINE_MONITORING_RECOMMENDED
1562,19.92887,79.12056,309.72,296.5,2026-09-27,2036,1.19,nominal,0.6,N,N,VIIRS,near_real_time,Central India,ALL_INDIA,False,272662.3,SAIL Bhilai Steel Plant,steel_and_heavy_industry,national_sail_bhilai_steel_pl,NON_INDUSTRIAL_RURAL,0.1,CLUSTER_742,0.017,1,58,False,13.220000000000027,,UNLABELED,UNVERIFIED,,,,,,16.04,LOW,NON_INDUSTRIAL_RURAL,ROUTINE_MONITORING_RECOMMENDED
1563,19.93433,73.71258,307.92,291.11,2026-09-27,2036,1.73,nominal,0.6,N,N,VIIRS,near_real_time,Maharashtra,WEST_MAHARASHTRA,False,7025.4,Unnamed Industrial Facility,general_industry,way/1466134541,NON_INDUSTRIAL_RURAL,0.1,CLUSTER_143,0.034,2,58,False,16.810000000000002,,UNLABELED,UNVERIFIED,,,,,,17.62,LOW,NON_INDUSTRIAL_RURAL,ROUTINE_MONITORING_RECOMMENDED
1564,8.66915,77.99299,307.9,293.21,2026-09-27,2038,0.56,nominal,0.6,N,N,VIIRS,near_real_time,Karnataka,SOUTH_CORRIDOR,False,230315.4,BPCL Kochi Refinery (Ambalamugal),oil_refinery,national_bpcl_kochi_refinery_,NON_INDUSTRIAL_RURAL,0.1,CLUSTER_206,0.052,3,58,False,14.689999999999998,,UNLABELED,UNVERIFIED,,,,,,16.01,LOW,NON_INDUSTRIAL_RURAL,ROUTINE_MONITORING_RECOMMENDED
1565,8.98141,77.62112,312.3,293.46,2026-09-27,2038,0.85,nominal,0.6,N,N,VIIRS,near_real_time,Karnataka,SOUTH_CORRIDOR,False,176708.4,BPCL Kochi Refinery (Ambalamugal),oil_refinery,national_bpcl_kochi_refinery_,NON_INDUSTRIAL_RURAL,0.1,CLUSTER_743,0.017,1,58,False,18.840000000000032,,UNLABELED,UNVERIFIED,,,,,,16.26,LOW,NON_INDUSTRIAL_RURAL,ROUTINE_MONITORING_RECOMMENDED
1566,10.58084,77.27905,310.02,291.78,2026-09-27,2038,0.78,nominal,0.6,N,N,VIIRS,near_real_time,Karnataka,SOUTH_CORRIDOR,False,120064.5,BPCL Kochi Refinery (Ambalamugal),oil_refinery,national_bpcl_kochi_refinery_,NON_INDUSTRIAL_RURAL,0.1,CLUSTER_744,0.017,1,58,False,18.24000000000001,,UNLABELED,UNVERIFIED,,,,,,15.94,LOW,NON_INDUSTRIAL_RURAL,ROUTINE_MONITORING_RECOMMENDED
1567,10.58303,77.27913,309.93,292.2,2026-09-27,2038,0.65,nominal,0.6,N,N,VIIRS,near_real_time,Karnataka,SOUTH_CORRIDOR,False,120206.4,BPCL Kochi Refinery (Ambalamugal),oil_refinery,national_bpcl_kochi_refinery_,NON_INDUSTRIAL_RURAL,0.1,CLUSTER_744,0.017,1,58,False,17.730000000000018,,UNLABELED,UNVERIFIED,,,,,,15.94,LOW,NON_INDUSTRIAL_RURAL,ROUTINE_MONITORING_RECOMMENDED
1568,10.71213,78.09284,308.32,292.94,2026-09-27,2038,3.56,nominal,0.6,N,N,VIIRS,near_real_time,Karnataka,SOUTH_CORRIDOR,False,205632.8,BPCL Kochi Refinery (Ambalamugal),oil_refinery,national_bpcl_kochi_refinery_,NON_INDUSTRIAL_RURAL,0.1,CLUSTER_745,0.017,1,58,False,15.379999999999995,,UNLABELED,UNVERIFIED,,,,,,16.62,LOW,NON_INDUSTRIAL_RURAL,ROUTINE_MONITORING_RECOMMENDED
1569,11.06005,77.11473,327.51,291.51,2026-09-27,2038,2.45,nominal,0.6,N,N,VIIRS,near_real_time,Kerala,SOUTH_CORRIDOR,False,145044.6,BPCL Kochi Refinery (Ambalamugal),oil_refinery,national_bpcl_kochi_refinery_,NON_INDUSTRIAL_RURAL,0.1,CLUSTER_746,0.017,1,58,False,36.0,,UNLABELED,UNVERIFIED,,,,,,18.65,LOW,NON_INDUSTRIAL_RURAL,ROUTINE_MONITORING_RECOMMENDED
1570,11.06337,77.11526,311.72,290.91,2026-09-27,2038,0.82,nominal,0.6,N,N,VIIRS,near_real_time,Kerala,SOUTH_CORRIDOR,False,145381.5,BPCL Kochi Refinery (Ambalamugal),oil_refinery,national_bpcl_kochi_refinery_,NON_INDUSTRIAL_RURAL,0.1,CLUSTER_746,0.017,1,58,False,20.810000000000002,,UNLABELED,UNVERIFIED,,,,,,18.65,LOW,NON_INDUSTRIAL_RURAL,ROUTINE_MONITORING_RECOMMENDED
1571,11.18211,79.09924,312.13,293.16,2026-09-27,2038,3.27,nominal,0.6,N,N,VIIRS,near_real_time,Karnataka,SOUTH_CORRIDOR,False,253428.2,CPCL Manali Refinery Complex,oil_refinery,national_cpcl_manali_refinery,NON_INDUSTRIAL_RURAL,0.1,CLUSTER_747,0.017,1,58,False,18.96999999999997,,UNLABELED,UNVERIFIED,,,,,,16.83,LOW,NON_INDUSTRIAL_RURAL,ROUTINE_MONITORING_RECOMMENDED
1572,11.26798,80.00505,317.17,293.95,2026-09-27,2038,1.12,nominal,0.6,N,N,VIIRS,near_real_time,Tamil Nadu,SOUTH_CORRIDOR,False,211677.7,CPCL Manali Refinery Complex,oil_refinery,national_cpcl_manali_refinery,NON_INDUSTRIAL_RURAL,0.1,CLUSTER_303,0.034,2,58,False,23.220000000000027,,UNLABELED,UNVERIFIED,,,,,,16.98,LOW,NON_INDUSTRIAL_RURAL,ROUTINE_MONITORING_RECOMMENDED
1573,11.88247,78.97166,311.79,292.16,2026-09-27,2038,1.64,nominal,0.6,N,N,VIIRS,near_real_time,Karnataka,SOUTH_CORRIDOR,False,199444.8,CPCL Manali Refinery Complex,oil_refinery,national_cpcl_manali_refinery,NON_INDUSTRIAL_RURAL,0.1,CLUSTER_748,0.017,1,58,False,19.629999999999995,,UNLABELED,UNVERIFIED,,,,,,16.39,LOW,NON_INDUSTRIAL_RURAL,ROUTINE_MONITORING_RECOMMENDED
1574,11.95503,79.03907,308.5,291.75,2026-09-27,2038,0.52,nominal,0.6,N,N,VIIRS,near_real_time,Karnataka,SOUTH_CORRIDOR,False,188551.2,CPCL Manali Refinery Complex,oil_refinery,national_cpcl_manali_refinery,NON_INDUSTRIAL_RURAL,0.1,CLUSTER_749,0.017,1,58,False,16.75,,UNLABELED,UNVERIFIED,,,,,,15.88,LOW,NON_INDUSTRIAL_RURAL,ROUTINE_MONITORING_RECOMMENDED
1575,13.20621,80.13287,307.3,293.51,2026-09-27,2038,0.65,nominal,0.6,N,N,VIIRS,near_real_time,Tamil Nadu,SOUTH_CORRIDOR,False,15059.6,CPCL Manali Refinery Complex,oil_refinery,national_cpcl_manali_refinery,NON_INDUSTRIAL_RURAL,0.1,CLUSTER_750,0.017,1,58,False,13.79000000000002,,UNLABELED,UNVERIFIED,,,,,,15.91,LOW,NON_INDUSTRIAL_RURAL,ROUTINE_MONITORING_RECOMMENDED
1576,13.39167,80.10329,315.23,295.23,2026-09-27,2038,3.57,nominal,0.6,N,N,VIIRS,near_real_time,Tamil Nadu,SOUTH_CORRIDOR,False,30788.8,CPCL Manali Refinery Complex,oil_refinery,national_cpcl_manali_refinery,NON_INDUSTRIAL_RURAL,0.1,CLUSTER_751,0.017,1,58,False,20.0,,UNLABELED,UNVERIFIED,,,,,,17.31,LOW,NON_INDUSTRIAL_RURAL,ROUTINE_MONITORING_RECOMMENDED
1577,28.05498,69.37293,303.33,293.19,2026-09-27,2214,0.83,nominal,0.6,N,N,VIIRS,near_real_time,Northern India,ALL_INDIA,False,428010.5,NTPC Khavda,general_industry,way/1336628395,NON_INDUSTRIAL_RURAL,0.1,CLUSTER_198,0.138,8,58,False,10.139999999999986,,UNLABELED,UNVERIFIED,,,,,,21.75,LOW,NON_INDUSTRIAL_RURAL,ROUTINE_MONITORING_RECOMMENDED
1578,22.33264,96.54782,332.98,291.21,2026-09-28,0605,4.92,nominal,0.6,D,N,VIIRS,near_real_time,Eastern India,ALL_INDIA,False,871668.4,Haldia Petrochemicals Complex,chemical_petrochemical,national_haldia_petrochemical,NON_INDUSTRIAL_RURAL,0.1,CLUSTER_752,0.017,1,58,False,41.77000000000004,,UNLABELED,UNVERIFIED,,,,,,19.97,LOW,NON_INDUSTRIAL_RURAL,ROUTINE_MONITORING_RECOMMENDED
1579,24.70074,94.56271,327.76,291.45,2026-09-28,0608,4.75,nominal,0.6,D,N,VIIRS,near_real_time,Eastern India,ALL_INDIA,False,723600.6,Haldia Petrochemicals Complex,chemical_petrochemical,national_haldia_petrochemical,NON_INDUSTRIAL_RURAL,0.1,CLUSTER_753,0.017,1,58,False,36.31,,UNLABELED,UNVERIFIED,,,,,,19.25,LOW,NON_INDUSTRIAL_RURAL,ROUTINE_MONITORING_RECOMMENDED
1580,25.32599,97.19619,328.27,292.5,2026-09-28,0608,1.92,nominal,0.6,D,N,VIIRS,near_real_time,Eastern India,ALL_INDIA,False,996226.1,Haldia Petrochemicals Complex,chemical_petrochemical,national_haldia_petrochemical,NON_INDUSTRIAL_RURAL,0.1,CLUSTER_754,0.017,1,58,False,35.76999999999998,,UNLABELED,UNVERIFIED,,,,,,18.62,LOW,NON_INDUSTRIAL_RURAL,ROUTINE_MONITORING_RECOMMENDED
1581,25.86755,96.63997,327.61,292.15,2026-09-28,0608,3.44,nominal,0.6,D,N,VIIRS,near_real_time,Eastern India,ALL_INDIA,False,966893.7,Haldia Petrochemicals Complex,chemical_petrochemical,national_haldia_petrochemical,NON_INDUSTRIAL_RURAL,0.1,CLUSTER_755,0.017,1,58,False,35.460000000000036,,UNLABELED,UNVERIFIED,,,,,,18.9,LOW,NON_INDUSTRIAL_RURAL,ROUTINE_MONITORING_RECOMMENDED
1582,8.04082,81.00126,336.36,293.01,2026-09-28,0744,6.13,nominal,0.6,D,N,VIIRS,near_real_time,Southern India,ALL_INDIA,False,552762.9,BPCL Kochi Refinery (Ambalamugal),oil_refinery,national_bpcl_kochi_refinery_,NON_INDUSTRIAL_RURAL,0.1,CLUSTER_756,0.017,1,58,False,43.35000000000002,,UNLABELED,UNVERIFIED,,,,,,20.72,LOW,NON_INDUSTRIAL_RURAL,ROUTINE_MONITORING_RECOMMENDED
1583,8.15792,80.9787,335.84,296.91,2026-09-28,0744,4.74,nominal,0.6,D,N,VIIRS,near_real_time,Southern India,ALL_INDIA,False,545445.6,BPCL Kochi Refinery (Ambalamugal),oil_refinery,national_bpcl_kochi_refinery_,NON_INDUSTRIAL_RURAL,0.1,CLUSTER_757,0.017,1,58,False,38.92999999999995,,UNLABELED,UNVERIFIED,,,,,,20.3,LOW,NON_INDUSTRIAL_RURAL,ROUTINE_MONITORING_RECOMMENDED
1584,8.19681,80.99416,336.36,296.39,2026-09-28,0744,7.16,nominal,0.6,D,N,VIIRS,near_real_time,Southern India,ALL_INDIA,False,545412.7,BPCL Kochi Refinery (Ambalamugal),oil_refinery,national_bpcl_kochi_refinery_,NON_INDUSTRIAL_RURAL,0.1,CLUSTER_758,0.017,1,58,False,39.97000000000003,,UNLABELED,UNVERIFIED,,,,,,20.97,LOW,NON_INDUSTRIAL_RURAL,ROUTINE_MONITORING_RECOMMENDED
1585,8.21808,80.90626,334.98,298.12,2026-09-28,0744,4.94,nominal,0.6,D,N,VIIRS,near_real_time,Tamil Nadu,SOUTH_CORRIDOR,False,535550.1,BPCL Kochi Refinery (Ambalamugal),oil_refinery,national_bpcl_kochi_refinery_,NON_INDUSTRIAL_RURAL,0.1,CLUSTER_759,0.017,1,58,False,36.860000000000014,,UNLABELED,UNVERIFIED,,,,,,20.24,LOW,NON_INDUSTRIAL_RURAL,ROUTINE_MONITORING_RECOMMENDED
1586,8.24614,80.43474,337.67,296.23,2026-09-28,0744,4.21,nominal,0.6,D,N,VIIRS,near_real_time,Tamil Nadu,SOUTH_CORRIDOR,False,486468.8,BPCL Kochi Refinery (Ambalamugal),oil_refinery,national_bpcl_kochi_refinery_,NON_INDUSTRIAL_RURAL,0.1,CLUSTER_760,0.017,1,58,False,41.44,,UNLABELED,UNVERIFIED,,,,,,20.42,LOW,NON_INDUSTRIAL_RURAL,ROUTINE_MONITORING_RECOMMENDED
1587,8.29329,80.79209,341.83,298.48,2026-09-28,0744,5.26,nominal,0.6,D,N,VIIRS,near_real_time,Tamil Nadu,SOUTH_CORRIDOR,False,520790.2,BPCL Kochi Refinery (Ambalamugal),oil_refinery,national_bpcl_kochi_refinery_,NON_INDUSTRIAL_RURAL,0.1,CLUSTER_761,0.017,1,58,False,43.349999999999966,,UNLABELED,UNVERIFIED,,,,,,21.21,LOW,NON_INDUSTRIAL_RURAL,ROUTINE_MONITORING_RECOMMENDED
1588,8.37365,81.23811,348.12,300.28,2026-09-28,0744,10.38,nominal,0.6,D,N,VIIRS,near_real_time,Tamil Nadu,SOUTH_CORRIDOR,False,541949.8,CPCL Manali Refinery Complex,oil_refinery,national_cpcl_manali_refinery,NON_INDUSTRIAL_RURAL,0.1,CLUSTER_762,0.017,1,58,False,47.84000000000003,,UNLABELED,UNVERIFIED,,,,,,23.29,LOW,NON_INDUSTRIAL_RURAL,ROUTINE_MONITORING_RECOMMENDED
1589,8.37713,81.25864,343.08,299.96,2026-09-28,0744,7.74,nominal,0.6,D,N,VIIRS,near_real_time,Tamil Nadu,SOUTH_CORRIDOR,False,542011.8,CPCL Manali Refinery Complex,oil_refinery,national_cpcl_manali_refinery,NON_INDUSTRIAL_RURAL,0.1,CLUSTER_763,0.017,1,58,False,43.120000000000005,,UNLABELED,UNVERIFIED,,,,,,21.99,LOW,NON_INDUSTRIAL_RURAL,ROUTINE_MONITORING_RECOMMENDED
1590,8.38337,81.2955,331.89,298.77,2026-09-28,0744,2.32,nominal,0.6,D,N,VIIRS,near_real_time,Tamil Nadu,SOUTH_CORRIDOR,False,542147.8,CPCL Manali Refinery Complex,oil_refinery,national_cpcl_manali_refinery,NON_INDUSTRIAL_RURAL,0.1,CLUSTER_764,0.017,1,58,False,33.120000000000005,,UNLABELED,UNVERIFIED,,,,,,19.19,LOW,NON_INDUSTRIAL_RURAL,ROUTINE_MONITORING_RECOMMENDED
1591,8.41026,81.08246,333.09,299.49,2026-09-28,0744,5.24,nominal,0.6,D,N,VIIRS,near_real_time,Tamil Nadu,SOUTH_CORRIDOR,False,534880.1,CPCL Manali Refinery Complex,oil_refinery,national_cpcl_manali_refinery,NON_INDUSTRIAL_RURAL,0.1,CLUSTER_765,0.017,1,58,False,33.599999999999966,,UNLABELED,UNVERIFIED,,,,,,20.07,LOW,NON_INDUSTRIAL_RURAL,ROUTINE_MONITORING_RECOMMENDED
1592,8.42232,80.55486,332.4,296.13,2026-09-28,0744,5.16,nominal,0.6,D,N,VIIRS,near_real_time,Tamil Nadu,SOUTH_CORRIDOR,False,491270.7,BPCL Kochi Refinery (Ambalamugal),oil_refinery,national_bpcl_kochi_refinery_,NON_INDUSTRIAL_RURAL,0.1,CLUSTER_766,0.017,1,58,False,36.26999999999998,,UNLABELED,UNVERIFIED,,,,,,19.95,LOW,NON_INDUSTRIAL_RURAL,ROUTINE_MONITORING_RECOMMENDED
1593,8.61397,80.66674,342.19,297.14,2026-09-28,0744,7.53,nominal,0.6,D,N,VIIRS,near_real_time,Tamil Nadu,SOUTH_CORRIDOR,False,495735.2,BPCL Kochi Refinery (Ambalamugal),oil_refinery,national_bpcl_kochi_refinery_,NON_INDUSTRIAL_RURAL,0.1,CLUSTER_767,0.017,1,58,False,45.05000000000001,,UNLABELED,UNVERIFIED,,,,,,21.82,LOW,NON_INDUSTRIAL_RURAL,ROUTINE_MONITORING_RECOMMENDED
1594,8.65048,80.67558,336.73,295.98,2026-09-28,0744,4.25,nominal,0.6,D,N,VIIRS,near_real_time,Tamil Nadu,SOUTH_CORRIDOR,False,495410.8,BPCL Kochi Refinery (Ambalamugal),oil_refinery,national_bpcl_kochi_refinery_,NON_INDUSTRIAL_RURAL,0.1,CLUSTER_768,0.017,1,58,False,40.75,,UNLABELED,UNVERIFIED,,,,,,20.3,LOW,NON_INDUSTRIAL_RURAL,ROUTINE_MONITORING_RECOMMENDED
1595,8.66494,80.73196,341.77,297.52,2026-09-28,0744,6.52,nominal,0.6,D,N,VIIRS,near_real_time,Tamil Nadu,SOUTH_CORRIDOR,False,501697.9,CPCL Manali Refinery Complex,oil_refinery,national_cpcl_manali_refinery,NON_INDUSTRIAL_RURAL,0.1,CLUSTER_769,0.017,1,58,False,44.25,,UNLABELED,UNVERIFIED,,,,,,21.52,LOW,NON_INDUSTRIAL_RURAL,ROUTINE_MONITORING_RECOMMENDED
1596,8.67816,80.48966,337.45,296.5,2026-09-28,0744,4.9,nominal,0.6,D,N,VIIRS,near_real_time,Tamil Nadu,SOUTH_CORRIDOR,False,475014.3,BPCL Kochi Refinery (Ambalamugal),oil_refinery,national_bpcl_kochi_refinery_,NON_INDUSTRIAL_RURAL,0.1,CLUSTER_770,0.017,1,58,False,40.94999999999999,,UNLABELED,UNVERIFIED,,,,,,20.54,LOW,NON_INDUSTRIAL_RURAL,ROUTINE_MONITORING_RECOMMENDED
1597,8.69709,77.51517,331.11,290.78,2026-09-28,0744,5.98,nominal,0.6,D,N,VIIRS,near_real_time,Karnataka,SOUTH_CORRIDOR,False,190161.9,BPCL Kochi Refinery (Ambalamugal),oil_refinery,national_bpcl_kochi_refinery_,NON_INDUSTRIAL_RURAL,0.1,CLUSTER_771,0.017,1,58,False,40.33000000000004,,UNLABELED,UNVERIFIED,,,,,,19.98,LOW,NON_INDUSTRIAL_RURAL,ROUTINE_MONITORING_RECOMMENDED
1598,8.70817,80.47501,330.62,298.79,2026-09-28,0744,8.59,nominal,0.6,D,N,VIIRS,near_real_time,Tamil Nadu,SOUTH_CORRIDOR,False,472457.2,BPCL Kochi Refinery (Ambalamugal),oil_refinery,national_bpcl_kochi_refinery_,NON_INDUSTRIAL_RURAL,0.1,CLUSTER_772,0.017,1,58,False,31.829999999999984,,UNLABELED,UNVERIFIED,,,,,,21.11,LOW,NON_INDUSTRIAL_RURAL,ROUTINE_MONITORING_RECOMMENDED
1599,8.70867,80.47269,334.81,298.92,2026-09-28,0744,7.15,nominal,0.6,D,N,VIIRS,near_real_time,Tamil Nadu,SOUTH_CORRIDOR,False,472197.4,BPCL Kochi Refinery (Ambalamugal),oil_refinery,national_bpcl_kochi_refinery_,NON_INDUSTRIAL_RURAL,0.1,CLUSTER_772,0.017,1,58,False,35.889999999999986,,UNLABELED,UNVERIFIED,,,,,,21.11,LOW,NON_INDUSTRIAL_RURAL,ROUTINE_MONITORING_RECOMMENDED
1600,8.74549,80.70641,330.57,294.43,2026-09-28,0744,3.67,nominal,0.6,D,N,VIIRS,near_real_time,Tamil Nadu,SOUTH_CORRIDOR,False,492509.5,CPCL Manali Refinery Complex,oil_refinery,national_cpcl_manali_refinery,NON_INDUSTRIAL_RURAL,0.1,CLUSTER_773,0.017,1,58,False,36.139999999999986,,UNLABELED,UNVERIFIED,,,,,,19.35,LOW,NON_INDUSTRIAL_RURAL,ROUTINE_MONITORING_RECOMMENDED
1601,8.77105,80.45731,331.18,300.1,2026-09-28,0744,3.54,nominal,0.6,D,N,VIIRS,near_real_time,Tamil Nadu,SOUTH_CORRIDOR,False,468515.6,BPCL Kochi Refinery (Ambalamugal),oil_refinery,national_bpcl_kochi_refinery_,NON_INDUSTRIAL_RURAL,0.1,CLUSTER_774,0.017,1,58,False,31.079999999999984,,UNLABELED,UNVERIFIED,,,,,,19.4,LOW,NON_INDUSTRIAL_RURAL,ROUTINE_MONITORING_RECOMMENDED
1602,8.77566,80.07923,334.28,297.63,2026-09-28,0744,6.23,nominal,0.6,D,N,VIIRS,near_real_time,Tamil Nadu,SOUTH_CORRIDOR,False,428778.8,BPCL Kochi Refinery (Ambalamugal),oil_refinery,national_bpcl_kochi_refinery_,NON_INDUSTRIAL_RURAL,0.1,CLUSTER_775,0.017,1,58,False,36.64999999999998,,UNLABELED,UNVERIFIED,,,,,,20.46,LOW,NON_INDUSTRIAL_RURAL,ROUTINE_MONITORING_RECOMMENDED
1603,9.03807,79.86861,330.74,297.73,2026-09-28,0744,2.56,nominal,0.6,D,N,VIIRS,near_real_time,Tamil Nadu,SOUTH_CORRIDOR,False,398115.6,BPCL Kochi Refinery (Ambalamugal),oil_refinery,national_bpcl_kochi_refinery_,NON_INDUSTRIAL_RURAL,0.1,CLUSTER_776,0.017,1,58,False,33.00999999999999,,UNLABELED,UNVERIFIED,,,,,,19.09,LOW,NON_INDUSTRIAL_RURAL,ROUTINE_MONITORING_RECOMMENDED
1604,9.07961,80.12665,332.62,297.45,2026-09-28,0744,5.31,nominal,0.6,D,N,VIIRS,near_real_time,Tamil Nadu,SOUTH_CORRIDOR,False,424349.4,BPCL Kochi Refinery (Ambalamugal),oil_refinery,national_bpcl_kochi_refinery_,NON_INDUSTRIAL_RURAL,0.1,CLUSTER_777,0.017,1,58,False,35.170000000000016,,UNLABELED,UNVERIFIED,,,,,,20.8,LOW,NON_INDUSTRIAL_RURAL,ROUTINE_MONITORING_RECOMMENDED
1605,9.08099,80.1285,338.58,297.43,2026-09-28,0744,3.97,nominal,0.6,D,N,VIIRS,near_real_time,Tamil Nadu,SOUTH_CORRIDOR,False,424509.6,BPCL Kochi Refinery (Ambalamugal),oil_refinery,national_bpcl_kochi_refinery_,NON_INDUSTRIAL_RURAL,0.1,CLUSTER_777,0.017,1,58,False,41.14999999999998,,UNLABELED,UNVERIFIED,,,,,,20.8,LOW,NON_INDUSTRIAL_RURAL,ROUTINE_MONITORING_RECOMMENDED
1606,9.333,78.94403,330.32,296.01,2026-09-28,0744,3.74,nominal,0.6,D,N,VIIRS,near_real_time,Karnataka,SOUTH_CORRIDOR,False,291594.2,BPCL Kochi Refinery (Ambalamugal),oil_refinery,national_bpcl_kochi_refinery_,NON_INDUSTRIAL_RURAL,0.1,CLUSTER_778,0.017,1,58,False,34.31,,UNLABELED,UNVERIFIED,,,,,,19.33,LOW,NON_INDUSTRIAL_RURAL,ROUTINE_MONITORING_RECOMMENDED
1607,9.33427,78.83755,332.87,294.59,2026-09-28,0744,4.45,nominal,0.6,D,N,VIIRS,near_real_time,Karnataka,SOUTH_CORRIDOR,False,280258.8,BPCL Kochi Refinery (Ambalamugal),oil_refinery,national_bpcl_kochi_refinery_,NON_INDUSTRIAL_RURAL,0.1,CLUSTER_779,0.017,1,58,False,38.28000000000003,,UNLABELED,UNVERIFIED,,,,,,19.84,LOW,NON_INDUSTRIAL_RURAL,ROUTINE_MONITORING_RECOMMENDED
1608,9.36371,78.94433,341.7,296.3,2026-09-28,0744,4.61,nominal,0.6,D,N,VIIRS,near_real_time,Karnataka,SOUTH_CORRIDOR,False,290791.7,BPCL Kochi Refinery (Ambalamugal),oil_refinery,national_bpcl_kochi_refinery_,NON_INDUSTRIAL_RURAL,0.1,CLUSTER_780,0.017,1,58,False,45.39999999999998,,UNLABELED,UNVERIFIED,,,,,,21.04,LOW,NON_INDUSTRIAL_RURAL,ROUTINE_MONITORING_RECOMMENDED
1609,9.44398,77.95945,336.34,287.98,2026-09-28,0744,2.63,nominal,0.6,D,N,VIIRS,near_real_time,Karnataka,SOUTH_CORRIDOR,False,184498.7,BPCL Kochi Refinery (Ambalamugal),oil_refinery,national_bpcl_kochi_refinery_,NON_INDUSTRIAL_RURAL,0.1,CLUSTER_781,0.017,1,58,False,48.35999999999996,,UNLABELED,UNVERIFIED,,,,,,19.84,LOW,NON_INDUSTRIAL_RURAL,ROUTINE_MONITORING_RECOMMENDED
1610,9.447,78.21081,334.77,293.34,2026-09-28,0744,3.52,nominal,0.6,D,N,VIIRS,near_real_time,Karnataka,SOUTH_CORRIDOR,False,210672.2,BPCL Kochi Refinery (Ambalamugal),oil_refinery,national_bpcl_kochi_refinery_,NON_INDUSTRIAL_RURAL,0.1,CLUSTER_782,0.017,1,58,False,41.43000000000001,,UNLABELED,UNVERIFIED,,,,,,19.87,LOW,NON_INDUSTRIAL_RURAL,ROUTINE_MONITORING_RECOMMENDED
1611,9.6405,77.97004,342.45,291.46,2026-09-28,0744,4.22,nominal,0.6,D,N,VIIRS,near_real_time,Karnataka,SOUTH_CORRIDOR,False,179746.5,BPCL Kochi Refinery (Ambalamugal),oil_refinery,national_bpcl_kochi_refinery_,NON_INDUSTRIAL_RURAL,0.1,CLUSTER_783,0.017,1,58,False,50.99000000000001,,UNLABELED,UNVERIFIED,,,,,,21.04,LOW,NON_INDUSTRIAL_RURAL,ROUTINE_MONITORING_RECOMMENDED
1612,10.66816,77.46878,332.94,294.73,2026-09-28,0744,3.85,nominal,0.6,D,N,VIIRS,near_real_time,Karnataka,SOUTH_CORRIDOR,False,142753.8,BPCL Kochi Refinery (Ambalamugal),oil_refinery,national_bpcl_kochi_refinery_,NON_INDUSTRIAL_RURAL,0.1,CLUSTER_784,0.017,1,58,False,38.20999999999998,,UNLABELED,UNVERIFIED,,,,,,19.7,LOW,NON_INDUSTRIAL_RURAL,ROUTINE_MONITORING_RECOMMENDED
1613,10.68109,77.96939,332.36,296.48,2026-09-28,0744,2.3,nominal,0.6,D,N,VIIRS,near_real_time,Karnataka,SOUTH_CORRIDOR,False,191883.2,BPCL Kochi Refinery (Ambalamugal),oil_refinery,national_bpcl_kochi_refinery_,NON_INDUSTRIAL_RURAL,0.1,CLUSTER_785,0.017,1,58,False,35.879999999999995,,UNLABELED,UNVERIFIED,,,,,,19.25,LOW,NON_INDUSTRIAL_RURAL,ROUTINE_MONITORING_RECOMMENDED
1614,10.89177,78.35384,332.75,294.26,2026-09-28,0744,2.01,nominal,0.6,D,N,VIIRS,near_real_time,Karnataka,SOUTH_CORRIDOR,False,239795.4,BPCL Kochi Refinery (Ambalamugal),oil_refinery,national_bpcl_kochi_refinery_,NON_INDUSTRIAL_RURAL,0.1,CLUSTER_786,0.017,1,58,False,38.49000000000001,,UNLABELED,UNVERIFIED,,,,,,19.24,LOW,NON_INDUSTRIAL_RURAL,ROUTINE_MONITORING_RECOMMENDED
1615,11.13729,78.48811,349.04,296.33,2026-09-28,0744,7.89,nominal,0.6,D,N,VIIRS,near_real_time,Karnataka,SOUTH_CORRIDOR,False,265185.5,BPCL Kochi Refinery (Ambalamugal),oil_refinery,national_bpcl_kochi_refinery_,NON_INDUSTRIAL_RURAL,0.1,CLUSTER_787,0.017,1,58,False,52.710000000000036,,UNLABELED,UNVERIFIED,,,,,,22.8,LOW,NON_INDUSTRIAL_RURAL,ROUTINE_MONITORING_RECOMMENDED
1616,12.00963,76.53253,331.92,294.52,2026-09-28,0744,3.06,nominal,0.6,D,N,VIIRS,near_real_time,Karnataka,SOUTH_CORRIDOR,False,213922.6,MRPL Mangalore Refinery,oil_refinery,national_mrpl_mangalore_refin,NON_INDUSTRIAL_RURAL,0.1,CLUSTER_788,0.017,1,58,False,37.400000000000034,,UNLABELED,UNVERIFIED,,,,,,19.37,LOW,NON_INDUSTRIAL_RURAL,ROUTINE_MONITORING_RECOMMENDED
1617,12.76423,76.9374,338.02,291.75,2026-09-28,0744,2.85,nominal,0.6,D,N,VIIRS,near_real_time,Karnataka,SOUTH_CORRIDOR,False,229163.0,MRPL Mangalore Refinery,oil_refinery,national_mrpl_mangalore_refin,NON_INDUSTRIAL_RURAL,0.1,CLUSTER_789,0.017,1,58,False,46.26999999999998,,UNLABELED,UNVERIFIED,,,,,,20.12,LOW,NON_INDUSTRIAL_RURAL,ROUTINE_MONITORING_RECOMMENDED
1618,12.91495,79.34685,332.66,293.63,2026-09-28,0744,2.88,nominal,0.6,D,N,VIIRS,near_real_time,Tamil Nadu,SOUTH_CORRIDOR,False,102998.5,CPCL Manali Refinery Complex,oil_refinery,national_cpcl_manali_refinery,NON_INDUSTRIAL_RURAL,0.1,CLUSTER_790,0.017,1,58,False,39.03000000000003,,UNLABELED,UNVERIFIED,,,,,,19.44,LOW,NON_INDUSTRIAL_RURAL,ROUTINE_MONITORING_RECOMMENDED
1619,13.23603,77.89815,345.8,290.11,2026-09-28,0744,11.74,nominal,0.6,D,N,VIIRS,near_real_time,Karnataka,SOUTH_CORRIDOR,False,256260.5,CPCL Manali Refinery Complex,oil_refinery,national_cpcl_manali_refinery,NON_INDUSTRIAL_RURAL,0.1,CLUSTER_791,0.017,1,58,False,55.69,,UNLABELED,UNVERIFIED,,,,,,23.32,LOW,NON_INDUSTRIAL_RURAL,ROUTINE_MONITORING_RECOMMENDED
1620,14.0275,79.96416,335.84,304.4,2026-09-28,0744,2.86,nominal,0.6,D,N,VIIRS,near_real_time,Andhra Pradesh,SOUTH_CORRIDOR,False,101302.8,CPCL Manali Refinery Complex,oil_refinery,national_cpcl_manali_refinery,NON_INDUSTRIAL_RURAL,0.1,CLUSTER_792,0.017,1,58,False,31.439999999999998,,UNLABELED,UNVERIFIED,,,,,,19.84,LOW,NON_INDUSTRIAL_RURAL,ROUTINE_MONITORING_RECOMMENDED
1621,14.23568,80.06371,330.26,301.42,2026-09-28,0744,3.75,low,0.2,D,N,VIIRS,near_real_time,Andhra Pradesh,SOUTH_CORRIDOR,False,121002.1,CPCL Manali Refinery Complex,oil_refinery,national_cpcl_manali_refinery,NON_INDUSTRIAL_RURAL,0.1,CLUSTER_793,0.017,1,58,False,28.839999999999975,,UNLABELED,UNVERIFIED,,,,,,19.33,LOW,NON_INDUSTRIAL_RURAL,ROUTINE_MONITORING_RECOMMENDED
1622,14.29826,79.28484,330.43,297.66,2026-09-28,0744,2.61,nominal,0.6,D,N,VIIRS,near_real_time,Andhra Pradesh,SOUTH_CORRIDOR,False,164698.2,CPCL Manali Refinery Complex,oil_refinery,national_cpcl_manali_refinery,NON_INDUSTRIAL_RURAL,0.1,CLUSTER_794,0.017,1,58,False,32.76999999999998,,UNLABELED,UNVERIFIED,,,,,,19.07,LOW,NON_INDUSTRIAL_RURAL,ROUTINE_MONITORING_RECOMMENDED
1623,14.32081,76.63543,340.06,295.34,2026-09-28,0746,3.41,nominal,0.6,D,N,VIIRS,near_real_time,Andhra Pradesh,SOUTH_CORRIDOR,False,244196.2,MRPL Mangalore Refinery,oil_refinery,national_mrpl_mangalore_refin,NON_INDUSTRIAL_RURAL,0.1,CLUSTER_795,0.017,1,58,False,44.72000000000003,,UNLABELED,UNVERIFIED,,,,,,20.53,LOW,NON_INDUSTRIAL_RURAL,ROUTINE_MONITORING_RECOMMENDED
1624,14.57975,79.09885,332.91,300.92,2026-09-28,0746,4.93,nominal,0.6,D,N,VIIRS,near_real_time,Andhra Pradesh,SOUTH_CORRIDOR,False,201591.9,CPCL Manali Refinery Complex,oil_refinery,national_cpcl_manali_refinery,NON_INDUSTRIAL_RURAL,0.1,CLUSTER_796,0.017,1,58,False,31.99000000000001,,UNLABELED,UNVERIFIED,,,,,,19.96,LOW,NON_INDUSTRIAL_RURAL,ROUTINE_MONITORING_RECOMMENDED
1625,14.69401,79.62417,332.48,303.6,2026-09-28,0746,5.84,low,0.2,D,N,VIIRS,near_real_time,Andhra Pradesh,SOUTH_CORRIDOR,False,183600.3,CPCL Manali Refinery Complex,oil_refinery,national_cpcl_manali_refinery,NON_INDUSTRIAL_RURAL,0.1,CLUSTER_797,0.017,1,58,False,28.879999999999995,,UNLABELED,UNVERIFIED,,,,,,20.14,LOW,NON_INDUSTRIAL_RURAL,ROUTINE_MONITORING_RECOMMENDED
1626,14.87676,79.63074,331.87,304.56,2026-09-28,0746,2.56,low,0.2,D,N,VIIRS,near_real_time,Andhra Pradesh,SOUTH_CORRIDOR,False,202305.6,CPCL Manali Refinery Complex,oil_refinery,national_cpcl_manali_refinery,NON_INDUSTRIAL_RURAL,0.1,CLUSTER_798,0.017,1,58,False,27.310000000000002,,UNLABELED,UNVERIFIED,,,,,,19.25,LOW,NON_INDUSTRIAL_RURAL,ROUTINE_MONITORING_RECOMMENDED
1627,14.89014,79.31088,334.61,300.24,2026-09-28,0746,4.21,nominal,0.6,D,N,VIIRS,near_real_time,Andhra Pradesh,SOUTH_CORRIDOR,False,217777.1,CPCL Manali Refinery Complex,oil_refinery,national_cpcl_manali_refinery,NON_INDUSTRIAL_RURAL,0.1,CLUSTER_799,0.017,1,58,False,34.370000000000005,,UNLABELED,UNVERIFIED,,,,,,20.01,LOW,NON_INDUSTRIAL_RURAL,ROUTINE_MONITORING_RECOMMENDED
1628,15.12613,79.61445,330.62,305.57,2026-09-28,0746,3.79,low,0.2,D,N,VIIRS,near_real_time,Andhra Pradesh,SOUTH_CORRIDOR,False,229099.6,CPCL Manali Refinery Complex,oil_refinery,national_cpcl_manali_refinery,NON_INDUSTRIAL_RURAL,0.1,CLUSTER_800,0.034,2,58,False,25.05000000000001,,UNLABELED,UNVERIFIED,,,,,,20.96,LOW,NON_INDUSTRIAL_RURAL,ROUTINE_MONITORING_RECOMMENDED
1629,15.12689,79.61869,342.34,307.39,2026-09-28,0746,3.79,nominal,0.6,D,N,VIIRS,near_real_time,Andhra Pradesh,SOUTH_CORRIDOR,False,229039.8,CPCL Manali Refinery Complex,oil_refinery,national_cpcl_manali_refinery,NON_INDUSTRIAL_RURAL,0.1,CLUSTER_800,0.034,2,58,False,34.94999999999999,,UNLABELED,UNVERIFIED,,,,,,20.96,LOW,NON_INDUSTRIAL_RURAL,ROUTINE_MONITORING_RECOMMENDED
1630,15.17535,76.82766,334.61,299.81,2026-09-28,0746,2.25,nominal,0.6,D,N,VIIRS,near_real_time,Andhra Pradesh,SOUTH_CORRIDOR,False,324091.7,MRPL Mangalore Refinery,oil_refinery,national_mrpl_mangalore_refin,NON_INDUSTRIAL_RURAL,0.1,CLUSTER_801,0.017,1,58,False,34.80000000000001,,UNLABELED,UNVERIFIED,,,,,,19.9,LOW,NON_INDUSTRIAL_RURAL,ROUTINE_MONITORING_RECOMMENDED
1631,15.17702,76.82719,337.43,300.71,2026-09-28,0746,2.2,nominal,0.6,D,N,VIIRS,near_real_time,Andhra Pradesh,SOUTH_CORRIDOR,False,324196.5,MRPL Mangalore Refinery,oil_refinery,national_mrpl_mangalore_refin,NON_INDUSTRIAL_RURAL,0.1,CLUSTER_801,0.017,1,58,False,36.72000000000003,,UNLABELED,UNVERIFIED,,,,,,19.9,LOW,NON_INDUSTRIAL_RURAL,ROUTINE_MONITORING_RECOMMENDED
1632,15.1825,76.66729,354.64,296.93,2026-09-28,0746,5.46,nominal,0.6,D,N,VIIRS,near_real_time,Andhra Pradesh,SOUTH_CORRIDOR,False,313497.5,MRPL Mangalore Refinery,oil_refinery,national_mrpl_mangalore_refin,NON_INDUSTRIAL_RURAL,0.1,CLUSTER_541,0.034,2,58,False,57.70999999999998,,UNLABELED,UNVERIFIED,,,,,,23.19,LOW,NON_INDUSTRIAL_RURAL,ROUTINE_MONITORING_RECOMMENDED
1633,15.18569,76.68328,367.0,298.68,2026-09-28,0746,9.38,high,0.9,D,N,VIIRS,near_real_time,Andhra Pradesh,SOUTH_CORRIDOR,False,314861.4,MRPL Mangalore Refinery,oil_refinery,national_mrpl_mangalore_refin,NON_INDUSTRIAL_RURAL,0.1,CLUSTER_727,0.034,2,58,False,68.32,,UNLABELED,UNVERIFIED,,,,,,25.53,LOW,NON_INDUSTRIAL_RURAL,ROUTINE_MONITORING_RECOMMENDED
1634,15.52672,79.52769,337.64,305.56,2026-09-28,0746,1.19,nominal,0.6,D,N,VIIRS,near_real_time,Andhra Pradesh,SOUTH_CORRIDOR,False,274381.2,CPCL Manali Refinery Complex,oil_refinery,national_cpcl_manali_refinery,NON_INDUSTRIAL_RURAL,0.1,CLUSTER_802,0.017,1,58,False,32.079999999999984,,UNLABELED,UNVERIFIED,,,,,,19.66,LOW,NON_INDUSTRIAL_RURAL,ROUTINE_MONITORING_RECOMMENDED
1635,15.86964,80.59728,335.04,304.95,2026-09-28,0746,7.55,nominal,0.6,D,N,VIIRS,near_real_time,Andhra Pradesh,SOUTH_CORRIDOR,False,302683.6,CPCL Manali Refinery Complex,oil_refinery,national_cpcl_manali_refinery,NON_INDUSTRIAL_RURAL,0.1,CLUSTER_803,0.017,1,58,False,30.090000000000032,,UNLABELED,UNVERIFIED,,,,,,20.88,LOW,NON_INDUSTRIAL_RURAL,ROUTINE_MONITORING_RECOMMENDED
1636,15.9706,76.65162,344.01,299.44,2026-09-28,0746,3.46,nominal,0.6,D,N,VIIRS,near_real_time,Andhra Pradesh,SOUTH_CORRIDOR,False,384432.1,MRPL Mangalore Refinery,oil_refinery,national_mrpl_mangalore_refin,NON_INDUSTRIAL_RURAL,0.1,CLUSTER_804,0.017,1,58,False,44.56999999999999,,UNLABELED,UNVERIFIED,,,,,,21.06,LOW,NON_INDUSTRIAL_RURAL,ROUTINE_MONITORING_RECOMMENDED
1637,16.04207,79.25441,341.15,305.03,2026-09-28,0746,3.92,nominal,0.6,D,N,VIIRS,near_real_time,Andhra Pradesh,SOUTH_CORRIDOR,False,337922.2,CPCL Manali Refinery Complex,oil_refinery,national_cpcl_manali_refinery,NON_INDUSTRIAL_RURAL,0.1,CLUSTER_805,0.017,1,58,False,36.120000000000005,,UNLABELED,UNVERIFIED,,,,,,20.79,LOW,NON_INDUSTRIAL_RURAL,ROUTINE_MONITORING_RECOMMENDED
1638,16.38614,79.45142,334.09,302.65,2026-09-28,0746,1.91,nominal,0.6,D,N,VIIRS,near_real_time,Andhra Pradesh,SOUTH_CORRIDOR,False,368701.2,CPCL Manali Refinery Complex,oil_refinery,national_cpcl_manali_refinery,NON_INDUSTRIAL_RURAL,0.1,CLUSTER_806,0.017,1,58,False,31.439999999999998,,UNLABELED,UNVERIFIED,,,,,,19.38,LOW,NON_INDUSTRIAL_RURAL,ROUTINE_MONITORING_RECOMMENDED
1639,16.45218,79.57574,330.21,304.68,2026-09-28,0746,1.42,low,0.2,D,N,VIIRS,near_real_time,Andhra Pradesh,SOUTH_CORRIDOR,False,372935.5,CPCL Manali Refinery Complex,oil_refinery,national_cpcl_manali_refinery,NON_INDUSTRIAL_RURAL,0.1,CLUSTER_807,0.017,1,58,False,25.529999999999973,,UNLABELED,UNVERIFIED,,,,,,18.75,LOW,NON_INDUSTRIAL_RURAL,ROUTINE_MONITORING_RECOMMENDED
1640,16.50562,79.7203,332.03,306.01,2026-09-28,0746,2.74,low,0.2,D,N,VIIRS,near_real_time,Andhra Pradesh,SOUTH_CORRIDOR,False,376011.4,CPCL Manali Refinery Complex,oil_refinery,national_cpcl_manali_refinery,NON_INDUSTRIAL_RURAL,0.1,CLUSTER_808,0.017,1,58,False,26.019999999999982,,UNLABELED,UNVERIFIED,,,,,,19.31,LOW,NON_INDUSTRIAL_RURAL,ROUTINE_MONITORING_RECOMMENDED
1641,16.9259,80.86037,335.69,300.99,2026-09-28,0746,3.59,nominal,0.6,D,N,VIIRS,near_real_time,Andhra Pradesh,SOUTH_CORRIDOR,False,266891.0,HPCL Visakhapatnam Refinery,oil_refinery,national_hpcl_visakhapatnam_r,NON_INDUSTRIAL_RURAL,0.1,CLUSTER_809,0.017,1,58,False,34.69999999999999,,UNLABELED,UNVERIFIED,,,,,,20.0,LOW,NON_INDUSTRIAL_RURAL,ROUTINE_MONITORING_RECOMMENDED
1642,17.03716,81.56885,335.74,304.34,2026-09-28,0746,3.14,nominal,0.6,D,N,VIIRS,near_real_time,Andhra Pradesh,SOUTH_CORRIDOR,False,191977.6,HPCL Visakhapatnam Refinery,oil_refinery,national_hpcl_visakhapatnam_r,NON_INDUSTRIAL_RURAL,0.1,CLUSTER_810,0.017,1,58,False,31.400000000000034,,UNLABELED,UNVERIFIED,,,,,,19.89,LOW,NON_INDUSTRIAL_RURAL,ROUTINE_MONITORING_RECOMMENDED
1643,17.43476,74.96577,333.21,293.82,2026-09-28,0746,5.12,nominal,0.6,D,N,VIIRS,near_real_time,Andhra Pradesh,SOUTH_CORRIDOR,False,249431.1,Rasayani Petrochemical Complex,chemical_petrochemical,national_rasayani_petrochemic,NON_INDUSTRIAL_RURAL,0.1,CLUSTER_811,0.017,1,58,False,39.389999999999986,,UNLABELED,UNVERIFIED,,,,,,20.05,LOW,NON_INDUSTRIAL_RURAL,ROUTINE_MONITORING_RECOMMENDED
1644,17.60835,83.20283,332.33,302.72,2026-09-28,0746,2.81,low,0.2,D,N,VIIRS,near_real_time,Andhra Pradesh,SOUTH_CORRIDOR,False,9704.0,HPCL Visakhapatnam Refinery,oil_refinery,national_hpcl_visakhapatnam_r,NON_INDUSTRIAL_RURAL,0.1,CLUSTER_812,0.017,1,58,False,29.609999999999957,,UNLABELED,UNVERIFIED,,,,,,19.51,LOW,NON_INDUSTRIAL_RURAL,ROUTINE_MONITORING_RECOMMENDED
1645,17.61238,83.20608,333.44,303.0,2026-09-28,0746,2.81,nominal,0.6,D,N,VIIRS,near_real_time,Andhra Pradesh,SOUTH_CORRIDOR,False,9145.6,HPCL Visakhapatnam Refinery,oil_refinery,national_hpcl_visakhapatnam_r,NON_INDUSTRIAL_RURAL,0.1,CLUSTER_812,0.017,1,58,False,30.439999999999998,,UNLABELED,UNVERIFIED,,,,,,19.51,LOW,NON_INDUSTRIAL_RURAL,ROUTINE_MONITORING_RECOMMENDED
1646,17.87413,75.50747,333.77,297.43,2026-09-28,0746,5.75,nominal,0.6,D,N,VIIRS,near_real_time,Andhra Pradesh,SOUTH_CORRIDOR,False,271104.7,Rasayani Petrochemical Complex,chemical_petrochemical,national_rasayani_petrochemic,NON_INDUSTRIAL_RURAL,0.1,CLUSTER_813,0.017,1,58,False,36.339999999999975,,UNLABELED,UNVERIFIED,,,,,,20.28,LOW,NON_INDUSTRIAL_RURAL,ROUTINE_MONITORING_RECOMMENDED
1647,20.70101,78.62072,334.32,305.62,2026-09-28,0746,3.59,low,0.2,D,N,VIIRS,near_real_time,Central India,ALL_INDIA,False,290832.9,SAIL Bhilai Steel Plant,steel_and_heavy_industry,national_sail_bhilai_steel_pl,NON_INDUSTRIAL_RURAL,0.1,CLUSTER_212,0.052,3,58,False,28.69999999999999,,UNLABELED,UNVERIFIED,,,,,,19.82,LOW,NON_INDUSTRIAL_RURAL,ROUTINE_MONITORING_RECOMMENDED
1648,20.78595,85.26141,332.81,302.15,2026-09-28,0746,7.66,nominal,0.6,D,N,VIIRS,near_real_time,Odisha,EAST_MINERAL_BELT,False,152173.5,IOCL Paradip Refinery Complex,oil_refinery,national_iocl_paradip_refiner,NON_INDUSTRIAL_RURAL,0.1,CLUSTER_558,0.052,3,58,False,30.660000000000025,,UNLABELED,UNVERIFIED,,,,,,22.76,LOW,NON_INDUSTRIAL_RURAL,ROUTINE_MONITORING_RECOMMENDED
1649,20.86419,84.98927,349.0,303.32,2026-09-28,0746,4.41,nominal,0.6,D,N,VIIRS,near_real_time,Odisha,EAST_MINERAL_BELT,False,150596.3,SAIL Rourkela Steel Plant,steel_and_heavy_industry,national_sail_rourkela_steel_,NON_INDUSTRIAL_RURAL,0.1,CLUSTER_559,0.034,2,58,False,45.68000000000001,,UNLABELED,UNVERIFIED,,,,,,21.95,LOW,NON_INDUSTRIAL_RURAL,ROUTINE_MONITORING_RECOMMENDED
1650,20.86474,84.99297,338.28,302.68,2026-09-28,0746,4.41,nominal,0.6,D,N,VIIRS,near_real_time,Odisha,EAST_MINERAL_BELT,False,150567.1,SAIL Rourkela Steel Plant,steel_and_heavy_industry,national_sail_rourkela_steel_,NON_INDUSTRIAL_RURAL,0.1,CLUSTER_559,0.034,2,58,False,35.599999999999966,,UNLABELED,UNVERIFIED,,,,,,21.95,LOW,NON_INDUSTRIAL_RURAL,ROUTINE_MONITORING_RECOMMENDED
1651,20.96214,85.18973,339.47,302.22,2026-09-28,0746,6.11,nominal,0.6,D,N,VIIRS,near_real_time,Odisha,EAST_MINERAL_BELT,False,143058.4,SAIL Rourkela Steel Plant,steel_and_heavy_industry,national_sail_rourkela_steel_,NON_INDUSTRIAL_RURAL,0.1,CLUSTER_563,0.052,3,58,False,37.25,,UNLABELED,UNVERIFIED,,,,,,23.07,LOW,NON_INDUSTRIAL_RURAL,ROUTINE_MONITORING_RECOMMENDED
1652,20.97999,85.13354,330.01,299.02,2026-09-28,0746,3.5,nominal,0.6,D,N,VIIRS,near_real_time,Odisha,EAST_MINERAL_BELT,False,139883.6,SAIL Rourkela Steel Plant,steel_and_heavy_industry,national_sail_rourkela_steel_,NON_INDUSTRIAL_RURAL,0.1,CLUSTER_564,0.034,2,58,False,30.99000000000001,,UNLABELED,UNVERIFIED,,,,,,19.3,LOW,NON_INDUSTRIAL_RURAL,ROUTINE_MONITORING_RECOMMENDED
1653,21.07747,85.03692,339.33,305.53,2026-09-28,0746,5.08,nominal,0.6,D,N,VIIRS,near_real_time,Odisha,EAST_MINERAL_BELT,False,127543.4,SAIL Rourkela Steel Plant,steel_and_heavy_industry,national_sail_rourkela_steel_,NON_INDUSTRIAL_RURAL,0.1,CLUSTER_663,0.052,3,58,False,33.80000000000001,,UNLABELED,UNVERIFIED,,,,,,22.17,LOW,NON_INDUSTRIAL_RURAL,ROUTINE_MONITORING_RECOMMENDED
1654,21.08079,85.03635,338.49,302.67,2026-09-28,0746,5.08,nominal,0.6,D,N,VIIRS,near_real_time,Odisha,EAST_MINERAL_BELT,False,127169.6,SAIL Rourkela Steel Plant,steel_and_heavy_industry,national_sail_rourkela_steel_,NON_INDUSTRIAL_RURAL,0.1,CLUSTER_663,0.052,3,58,False,35.81999999999999,,UNLABELED,UNVERIFIED,,,,,,22.17,LOW,NON_INDUSTRIAL_RURAL,ROUTINE_MONITORING_RECOMMENDED
1655,21.12929,75.82362,345.2,303.55,2026-09-28,0746,7.86,nominal,0.6,D,N,VIIRS,near_real_time,Central India,ALL_INDIA,False,207036.2,Unnamed Industrial Facility,general_industry,way/659770246,NON_INDUSTRIAL_RURAL,0.1,CLUSTER_814,0.017,1,58,False,41.64999999999998,,UNLABELED,UNVERIFIED,,,,,,22.29,LOW,NON_INDUSTRIAL_RURAL,ROUTINE_MONITORING_RECOMMENDED
1656,21.16188,76.03098,342.45,302.07,2026-09-28,0746,5.08,nominal,0.6,D,N,VIIRS,near_real_time,Central India,ALL_INDIA,False,228503.3,Unnamed Industrial Facility,general_industry,way/659770246,NON_INDUSTRIAL_RURAL,0.1,CLUSTER_815,0.017,1,58,False,40.379999999999995,,UNLABELED,UNVERIFIED,,,,,,21.25,LOW,NON_INDUSTRIAL_RURAL,ROUTINE_MONITORING_RECOMMENDED
1657,21.27754,81.58414,330.55,301.49,2026-09-28,0746,3.52,low,0.2,D,N,VIIRS,near_real_time,Chhattisgarh,EAST_MINERAL_BELT,False,23145.1,SAIL Bhilai Steel Plant,steel_and_heavy_industry,national_sail_bhilai_steel_pl,NON_INDUSTRIAL_RURAL,0.1,CLUSTER_816,0.017,1,58,False,29.060000000000002,,UNLABELED,UNVERIFIED,,,,,,19.32,LOW,NON_INDUSTRIAL_RURAL,ROUTINE_MONITORING_RECOMMENDED
1658,21.75244,83.97508,336.9,305.61,2026-09-28,0746,3.61,nominal,0.6,D,N,VIIRS,near_real_time,Odisha,EAST_MINERAL_BELT,False,105282.9,SAIL Rourkela Steel Plant,steel_and_heavy_industry,national_sail_rourkela_steel_,NON_INDUSTRIAL_RURAL,0.1,CLUSTER_565,0.034,2,58,False,31.289999999999964,,UNLABELED,UNVERIFIED,,,,,,20.64,LOW,NON_INDUSTRIAL_RURAL,ROUTINE_MONITORING_RECOMMENDED
1659,21.76588,84.01825,331.91,306.58,2026-09-28,0746,4.27,low,0.2,D,N,VIIRS,near_real_time,Odisha,EAST_MINERAL_BELT,False,100671.5,SAIL Rourkela Steel Plant,steel_and_heavy_industry,national_sail_rourkela_steel_,NON_INDUSTRIAL_RURAL,0.1,CLUSTER_679,0.034,2,58,False,25.33000000000004,,UNLABELED,UNVERIFIED,,,,,,19.67,LOW,NON_INDUSTRIAL_RURAL,ROUTINE_MONITORING_RECOMMENDED
1660,21.985,83.2336,335.4,304.37,2026-09-28,0746,4.2,nominal,0.6,D,N,VIIRS,near_real_time,Odisha,EAST_MINERAL_BELT,False,169982.1,SAIL Rourkela Steel Plant,steel_and_heavy_industry,national_sail_rourkela_steel_,NON_INDUSTRIAL_RURAL,0.1,CLUSTER_293,0.086,5,58,False,31.029999999999973,,UNLABELED,UNVERIFIED,,,,,,20.43,LOW,NON_INDUSTRIAL_RURAL,ROUTINE_MONITORING_RECOMMENDED
1661,22.03975,83.72932,340.03,305.51,2026-09-28,0746,7.11,nominal,0.6,D,N,VIIRS,near_real_time,Odisha,EAST_MINERAL_BELT,False,118572.0,SAIL Rourkela Steel Plant,steel_and_heavy_industry,national_sail_rourkela_steel_,NON_INDUSTRIAL_RURAL,0.1,CLUSTER_150,0.086,5,58,False,34.51999999999998,,UNLABELED,UNVERIFIED,,,,,,21.54,LOW,NON_INDUSTRIAL_RURAL,ROUTINE_MONITORING_RECOMMENDED
1662,22.04305,83.72873,332.89,302.74,2026-09-28,0746,4.85,nominal,0.6,D,N,VIIRS,near_real_time,Odisha,EAST_MINERAL_BELT,False,118569.5,SAIL Rourkela Steel Plant,steel_and_heavy_industry,national_sail_rourkela_steel_,NON_INDUSTRIAL_RURAL,0.1,CLUSTER_150,0.086,5,58,False,30.149999999999977,,UNLABELED,UNVERIFIED,,,,,,21.54,LOW,NON_INDUSTRIAL_RURAL,ROUTINE_MONITORING_RECOMMENDED
1663,22.05243,88.12487,333.53,303.38,2026-09-28,0746,1.33,nominal,0.6,D,N,VIIRS,near_real_time,West Bengal,EAST_MINERAL_BELT,False,4014.2,Haldia Petrochemicals Complex,chemical_petrochemical,national_haldia_petrochemical,VICINITY_ZONE,0.4,CLUSTER_151,0.069,4,58,False,30.149999999999977,,UNLABELED,UNVERIFIED,,,,,,20.4,LOW,NON_INDUSTRIAL_RURAL,ROUTINE_MONITORING_RECOMMENDED
1664,22.2085,84.86273,336.81,304.82,2026-09-28,0746,2.62,nominal,0.6,D,N,VIIRS,near_real_time,Jharkhand,EAST_MINERAL_BELT,False,829.7,SAIL Rourkela Steel Plant,steel_and_heavy_industry,national_sail_rourkela_steel_,NEARBY_INDUSTRIAL_BUFFER,0.8,CLUSTER_566,0.034,2,58,False,31.99000000000001,,UNLABELED,UNVERIFIED,,,,,,48.95,MODERATE,RECURRING_INTERMITTENT_HEAT,ANALYST_REVIEW_RECOMMENDED
1665,22.21182,84.86216,331.36,304.05,2026-09-28,0746,2.62,low,0.2,D,N,VIIRS,near_real_time,Jharkhand,EAST_MINERAL_BELT,False,573.4,SAIL Rourkela Steel Plant,steel_and_heavy_industry,national_sail_rourkela_steel_,NEARBY_INDUSTRIAL_BUFFER,0.8,CLUSTER_566,0.034,2,58,False,27.310000000000002,,UNLABELED,UNVERIFIED,,,,,,48.95,MODERATE,RECURRING_INTERMITTENT_HEAT,ANALYST_REVIEW_RECOMMENDED
1666,22.33164,82.60514,329.12,301.48,2026-09-28,0746,2.08,nominal,0.6,D,N,VIIRS,near_real_time,Chhattisgarh,EAST_MINERAL_BELT,False,179373.0,SAIL Bhilai Steel Plant,steel_and_heavy_industry,national_sail_bhilai_steel_pl,NON_INDUSTRIAL_RURAL,0.1,CLUSTER_154,0.052,3,58,False,27.639999999999986,,UNLABELED,UNVERIFIED,,,,,,18.77,LOW,NON_INDUSTRIAL_RURAL,ROUTINE_MONITORING_RECOMMENDED
1667,22.35844,82.30193,345.28,304.38,2026-09-28,0746,8.64,nominal,0.6,D,N,VIIRS,near_real_time,Chhattisgarh,EAST_MINERAL_BELT,False,161319.1,SAIL Bhilai Steel Plant,steel_and_heavy_industry,national_sail_bhilai_steel_pl,NON_INDUSTRIAL_RURAL,0.1,CLUSTER_155,0.086,5,58,False,40.89999999999998,,UNLABELED,UNVERIFIED,,,,,,22.5,LOW,NON_INDUSTRIAL_RURAL,ROUTINE_MONITORING_RECOMMENDED
1668,22.36481,87.30007,334.43,302.79,2026-09-28,0746,3.48,nominal,0.6,D,N,VIIRS,near_real_time,West Bengal,EAST_MINERAL_BELT,False,86964.3,Haldia Petrochemicals Complex,chemical_petrochemical,national_haldia_petrochemical,NON_INDUSTRIAL_RURAL,0.1,CLUSTER_696,0.052,3,58,False,31.639999999999986,,UNLABELED,UNVERIFIED,,,,,,20.34,LOW,NON_INDUSTRIAL_RURAL,ROUTINE_MONITORING_RECOMMENDED
1669,22.36841,87.29951,335.6,300.58,2026-09-28,0746,3.48,nominal,0.6,D,N,VIIRS,near_real_time,West Bengal,EAST_MINERAL_BELT,False,87176.8,Haldia Petrochemicals Complex,chemical_petrochemical,national_haldia_petrochemical,NON_INDUSTRIAL_RURAL,0.1,CLUSTER_696,0.052,3,58,False,35.02000000000004,,UNLABELED,UNVERIFIED,,,,,,20.34,LOW,NON_INDUSTRIAL_RURAL,ROUTINE_MONITORING_RECOMMENDED
1670,22.37688,87.28002,345.46,304.46,2026-09-28,0746,9.18,nominal,0.6,D,N,VIIRS,near_real_time,West Bengal,EAST_MINERAL_BELT,False,89390.4,Haldia Petrochemicals Complex,chemical_petrochemical,national_haldia_petrochemical,NON_INDUSTRIAL_RURAL,0.1,CLUSTER_567,0.034,2,58,False,41.0,,UNLABELED,UNVERIFIED,,,,,,22.66,LOW,NON_INDUSTRIAL_RURAL,ROUTINE_MONITORING_RECOMMENDED
1671,22.79591,86.20544,332.27,302.17,2026-09-28,0746,3.13,nominal,0.6,D,N,VIIRS,near_real_time,Jharkhand,EAST_MINERAL_BELT,False,1192.8,Tata Steel Jamshedpur Works,steel_and_heavy_industry,national_tata_steel_jamshedpu,VICINITY_ZONE,0.4,CLUSTER_047,0.121,7,58,True,30.099999999999966,,UNLABELED,UNVERIFIED,,,,,,82.57,CRITICAL,SEVERE_THERMAL_ANOMALY,HIGH_PRIORITY_INVESTIGATION_REQUIRED
1672,22.79648,86.20955,334.13,301.62,2026-09-28,0746,3.13,nominal,0.6,D,N,VIIRS,near_real_time,Jharkhand,EAST_MINERAL_BELT,False,1422.3,Tata Steel Jamshedpur Works,steel_and_heavy_industry,national_tata_steel_jamshedpu,VICINITY_ZONE,0.4,CLUSTER_047,0.121,7,58,True,32.50999999999999,,UNLABELED,UNVERIFIED,,,,,,82.57,CRITICAL,SEVERE_THERMAL_ANOMALY,HIGH_PRIORITY_INVESTIGATION_REQUIRED
1673,22.7988,86.20081,337.11,302.77,2026-09-28,0746,3.68,nominal,0.6,D,N,VIIRS,near_real_time,Jharkhand,EAST_MINERAL_BELT,False,1425.7,Tata Steel Jamshedpur Works,steel_and_heavy_industry,national_tata_steel_jamshedpu,VICINITY_ZONE,0.4,CLUSTER_047,0.121,7,58,True,34.34000000000003,,UNLABELED,UNVERIFIED,,,,,,82.57,CRITICAL,SEVERE_THERMAL_ANOMALY,HIGH_PRIORITY_INVESTIGATION_REQUIRED
1674,22.93476,94.07957,336.77,293.05,2026-09-28,0746,5.57,nominal,0.6,D,N,VIIRS,near_real_time,Eastern India,ALL_INDIA,False,623509.0,Haldia Petrochemicals Complex,chemical_petrochemical,national_haldia_petrochemical,NON_INDUSTRIAL_RURAL,0.1,CLUSTER_817,0.017,1,58,False,43.71999999999997,,UNLABELED,UNVERIFIED,,,,,,20.63,LOW,NON_INDUSTRIAL_RURAL,ROUTINE_MONITORING_RECOMMENDED
1675,23.16769,82.34258,331.29,301.25,2026-09-28,0748,3.88,nominal,0.6,D,N,VIIRS,near_real_time,Chhattisgarh,EAST_MINERAL_BELT,False,241568.7,SAIL Bhilai Steel Plant,steel_and_heavy_industry,national_sail_bhilai_steel_pl,NON_INDUSTRIAL_RURAL,0.1,CLUSTER_157,0.069,4,58,False,30.04000000000002,,UNLABELED,UNVERIFIED,,,,,,19.49,LOW,NON_INDUSTRIAL_RURAL,ROUTINE_MONITORING_RECOMMENDED
1676,23.40053,77.45398,340.88,300.39,2026-09-28,0748,7.27,nominal,0.6,D,N,VIIRS,near_real_time,Central India,ALL_INDIA,False,366844.3,Unnamed Industrial Facility,general_industry,way/659900492,NON_INDUSTRIAL_RURAL,0.1,CLUSTER_818,0.017,1,58,False,40.49000000000001,,UNLABELED,UNVERIFIED,,,,,,21.59,LOW,NON_INDUSTRIAL_RURAL,ROUTINE_MONITORING_RECOMMENDED
1677,23.55931,87.23938,331.72,297.47,2026-09-28,0748,4.89,nominal,0.6,D,N,VIIRS,near_real_time,West Bengal,EAST_MINERAL_BELT,False,136470.9,Tata Steel Jamshedpur Works,steel_and_heavy_industry,national_tata_steel_jamshedpu,NON_INDUSTRIAL_RURAL,0.1,CLUSTER_702,0.052,3,58,False,34.25,,UNLABELED,UNVERIFIED,,,,,,20.4,LOW,NON_INDUSTRIAL_RURAL,ROUTINE_MONITORING_RECOMMENDED
1678,23.64887,85.43633,332.34,300.8,2026-09-28,0748,3.89,nominal,0.6,D,N,VIIRS,near_real_time,Jharkhand,EAST_MINERAL_BELT,False,123548.8,Tata Steel Jamshedpur Works,steel_and_heavy_industry,national_tata_steel_jamshedpu,NON_INDUSTRIAL_RURAL,0.1,CLUSTER_160,0.069,4,58,False,31.539999999999964,,UNLABELED,UNVERIFIED,,,,,,20.18,LOW,NON_INDUSTRIAL_RURAL,ROUTINE_MONITORING_RECOMMENDED
1679,23.67127,86.9371,337.18,299.52,2026-09-28,0748,4.79,nominal,0.6,D,N,VIIRS,near_real_time,Jharkhand,EAST_MINERAL_BELT,False,123830.5,Tata Steel Jamshedpur Works,steel_and_heavy_industry,national_tata_steel_jamshedpu,NON_INDUSTRIAL_RURAL,0.1,CLUSTER_163,0.069,4,58,False,37.660000000000025,,UNLABELED,UNVERIFIED,,,,,,20.49,LOW,NON_INDUSTRIAL_RURAL,ROUTINE_MONITORING_RECOMMENDED
1680,23.69224,87.12282,333.92,301.56,2026-09-28,0748,7.32,nominal,0.6,D,N,VIIRS,near_real_time,West Bengal,EAST_MINERAL_BELT,False,137848.7,Tata Steel Jamshedpur Works,steel_and_heavy_industry,national_tata_steel_jamshedpu,NON_INDUSTRIAL_RURAL,0.1,CLUSTER_704,0.052,3,58,False,32.360000000000014,,UNLABELED,UNVERIFIED,,,,,,20.68,LOW,NON_INDUSTRIAL_RURAL,ROUTINE_MONITORING_RECOMMENDED
1681,23.77256,86.19843,330.82,302.8,2026-09-28,0748,3.41,low,0.2,D,N,VIIRS,near_real_time,Jharkhand,EAST_MINERAL_BELT,False,109700.6,Tata Steel Jamshedpur Works,steel_and_heavy_industry,national_tata_steel_jamshedpu,NON_INDUSTRIAL_RURAL,0.1,CLUSTER_173,0.052,3,58,False,28.019999999999982,,UNLABELED,UNVERIFIED,,,,,,19.32,LOW,NON_INDUSTRIAL_RURAL,ROUTINE_MONITORING_RECOMMENDED
1682,23.77777,86.21042,337.95,306.11,2026-09-28,0748,5.47,nominal,0.6,D,N,VIIRS,near_real_time,Jharkhand,EAST_MINERAL_BELT,False,110284.9,Tata Steel Jamshedpur Works,steel_and_heavy_industry,national_tata_steel_jamshedpu,NON_INDUSTRIAL_RURAL,0.1,CLUSTER_175,0.086,5,58,False,31.839999999999975,,UNLABELED,UNVERIFIED,,,,,,22.38,LOW,NON_INDUSTRIAL_RURAL,ROUTINE_MONITORING_RECOMMENDED
1683,23.78125,86.20984,345.67,305.92,2026-09-28,0748,5.47,nominal,0.6,D,N,VIIRS,near_real_time,Jharkhand,EAST_MINERAL_BELT,False,110671.3,Tata Steel Jamshedpur Works,steel_and_heavy_industry,national_tata_steel_jamshedpu,NON_INDUSTRIAL_RURAL,0.1,CLUSTER_175,0.086,5,58,False,39.75,,UNLABELED,UNVERIFIED,,,,,,22.38,LOW,NON_INDUSTRIAL_RURAL,ROUTINE_MONITORING_RECOMMENDED
1684,24.19794,82.71525,332.65,300.91,2026-09-28,0748,2.57,nominal,0.6,D,N,VIIRS,near_real_time,Chhattisgarh,EAST_MINERAL_BELT,False,310573.2,SAIL Rourkela Steel Plant,steel_and_heavy_industry,national_sail_rourkela_steel_,NON_INDUSTRIAL_RURAL,0.1,CLUSTER_185,0.069,4,58,False,31.739999999999952,,UNLABELED,UNVERIFIED,,,,,,19.39,LOW,NON_INDUSTRIAL_RURAL,ROUTINE_MONITORING_RECOMMENDED
1685,25.13136,97.25086,327.76,290.81,2026-09-28,0748,2.74,nominal,0.6,D,N,VIIRS,near_real_time,Eastern India,ALL_INDIA,False,994422.8,Haldia Petrochemicals Complex,chemical_petrochemical,national_haldia_petrochemical,NON_INDUSTRIAL_RURAL,0.1,CLUSTER_819,0.017,1,58,False,36.94999999999999,,UNLABELED,UNVERIFIED,,,,,,18.76,LOW,NON_INDUSTRIAL_RURAL,ROUTINE_MONITORING_RECOMMENDED
1686,25.22347,97.28902,336.33,290.97,2026-09-28,0748,5.75,nominal,0.6,D,N,VIIRS,near_real_time,Eastern India,ALL_INDIA,False,1001312.9,Haldia Petrochemicals Complex,chemical_petrochemical,national_haldia_petrochemical,NON_INDUSTRIAL_RURAL,0.1,CLUSTER_820,0.017,1,58,False,45.35999999999996,,UNLABELED,UNVERIFIED,,,,,,30.53,MODERATE,RECURRING_INTERMITTENT_HEAT,ANALYST_REVIEW_RECOMMENDED
1687,25.22975,97.29124,367.0,291.75,2026-09-28,0748,29.81,high,0.9,D,N,VIIRS,near_real_time,Eastern India,ALL_INDIA,False,1001748.7,Haldia Petrochemicals Complex,chemical_petrochemical,national_haldia_petrochemical,NON_INDUSTRIAL_RURAL,0.1,CLUSTER_820,0.017,1,58,False,75.25,,UNLABELED,UNVERIFIED,,,,,,30.53,MODERATE,RECURRING_INTERMITTENT_HEAT,ANALYST_REVIEW_RECOMMENDED
1688,25.2303,97.2885,367.0,291.6,2026-09-28,0748,15.05,high,0.9,D,N,VIIRS,near_real_time,Eastern India,ALL_INDIA,False,1001507.4,Haldia Petrochemicals Complex,chemical_petrochemical,national_haldia_petrochemical,NON_INDUSTRIAL_RURAL,0.1,CLUSTER_820,0.017,1,58,False,75.39999999999998,,UNLABELED,UNVERIFIED,,,,,,30.53,MODERATE,RECURRING_INTERMITTENT_HEAT,ANALYST_REVIEW_RECOMMENDED
1689,26.46026,93.76995,330.06,292.2,2026-09-28,0748,2.38,nominal,0.6,D,N,VIIRS,near_real_time,Eastern India,ALL_INDIA,False,756281.3,Haldia Petrochemicals Complex,chemical_petrochemical,national_haldia_petrochemical,NON_INDUSTRIAL_RURAL,0.1,CLUSTER_821,0.017,1,58,False,37.860000000000014,,UNLABELED,UNVERIFIED,,,,,,18.97,LOW,NON_INDUSTRIAL_RURAL,ROUTINE_MONITORING_RECOMMENDED
1690,28.05617,96.99072,339.28,288.47,2026-09-28,0748,13.29,nominal,0.6,D,N,VIIRS,near_real_time,Northern India,ALL_INDIA,False,1117496.1,Haldia Petrochemicals Complex,chemical_petrochemical,national_haldia_petrochemical,NON_INDUSTRIAL_RURAL,0.1,CLUSTER_822,0.017,1,58,False,50.809999999999945,,UNLABELED,UNVERIFIED,,,,,,22.85,LOW,NON_INDUSTRIAL_RURAL,ROUTINE_MONITORING_RECOMMENDED
1691,28.05681,96.99042,339.01,286.61,2026-09-28,0748,8.72,nominal,0.6,D,N,VIIRS,near_real_time,Northern India,ALL_INDIA,False,1117512.4,Haldia Petrochemicals Complex,chemical_petrochemical,national_haldia_petrochemical,NON_INDUSTRIAL_RURAL,0.1,CLUSTER_822,0.017,1,58,False,52.39999999999998,,UNLABELED,UNVERIFIED,,,,,,22.85,LOW,NON_INDUSTRIAL_RURAL,ROUTINE_MONITORING_RECOMMENDED
1692,26.23504,68.3911,339.02,298.79,2026-09-28,0750,6.17,nominal,0.6,D,N,VIIRS,near_real_time,Western India,ALL_INDIA,False,248501.9,Khavda Renewable Energy Park,general_industry,way/1273382001,NON_INDUSTRIAL_RURAL,0.1,CLUSTER_823,0.017,1,58,False,40.22999999999996,,UNLABELED,UNVERIFIED,,,,,,21.07,LOW,NON_INDUSTRIAL_RURAL,ROUTINE_MONITORING_RECOMMENDED
1693,27.41732,70.83611,331.95,298.48,2026-09-28,0750,2.37,nominal,0.6,D,N,VIIRS,near_real_time,Western India,ALL_INDIA,False,340760.2,Unnamed Industrial Facility,general_industry,way/273175995,NON_INDUSTRIAL_RURAL,0.1,CLUSTER_824,0.017,1,58,False,33.46999999999997,,UNLABELED,UNVERIFIED,,,,,,19.2,LOW,NON_INDUSTRIAL_RURAL,ROUTINE_MONITORING_RECOMMENDED
1694,31.78734,75.03967,325.05,297.36,2026-09-28,0750,1.63,nominal,0.6,D,N,VIIRS,near_real_time,Northern India,ALL_INDIA,False,319145.3,IOCL Panipat Petrochemical Complex,oil_refinery,national_iocl_panipat_petroch,NON_INDUSTRIAL_RURAL,0.1,CLUSTER_825,0.017,1,58,False,27.689999999999998,,UNLABELED,UNVERIFIED,,,,,,18.13,LOW,NON_INDUSTRIAL_RURAL,ROUTINE_MONITORING_RECOMMENDED
1695,31.93182,75.06355,331.74,294.25,2026-09-28,0750,2.97,nominal,0.6,D,N,VIIRS,near_real_time,Northern India,ALL_INDIA,False,331239.3,IOCL Panipat Petrochemical Complex,oil_refinery,national_iocl_panipat_petroch,NON_INDUSTRIAL_RURAL,0.1,CLUSTER_826,0.017,1,58,False,37.49000000000001,,UNLABELED,UNVERIFIED,,,,,,19.33,LOW,NON_INDUSTRIAL_RURAL,ROUTINE_MONITORING_RECOMMENDED
1696,31.94129,74.20599,326.25,295.98,2026-09-28,0750,1.66,nominal,0.6,D,N,VIIRS,near_real_time,Northern India,ALL_INDIA,False,382214.6,IOCL Panipat Petrochemical Complex,oil_refinery,national_iocl_panipat_petroch,NON_INDUSTRIAL_RURAL,0.1,CLUSTER_827,0.017,1,58,False,30.269999999999982,,UNLABELED,UNVERIFIED,,,,,,18.28,LOW,NON_INDUSTRIAL_RURAL,ROUTINE_MONITORING_RECOMMENDED
1697,31.94675,74.1892,331.91,294.13,2026-09-28,0750,2.13,nominal,0.6,D,N,VIIRS,near_real_time,Northern India,ALL_INDIA,False,383744.7,IOCL Panipat Petrochemical Complex,oil_refinery,national_iocl_panipat_petroch,NON_INDUSTRIAL_RURAL,0.1,CLUSTER_828,0.017,1,58,False,37.78000000000003,,UNLABELED,UNVERIFIED,,,,,,19.14,LOW,NON_INDUSTRIAL_RURAL,ROUTINE_MONITORING_RECOMMENDED
1698,23.93846,70.18708,334.69,295.63,2026-09-28,0928,4.1,nominal,0.6,D,N,VIIRS,near_real_time,Gujarat,WEST_GUJARAT,False,45344.4,Unnamed Industrial Facility,general_industry,way/1161376894,NON_INDUSTRIAL_RURAL,0.1,CLUSTER_829,0.017,1,58,False,39.06,,UNLABELED,UNVERIFIED,,,,,,20.0,LOW,NON_INDUSTRIAL_RURAL,ROUTINE_MONITORING_RECOMMENDED
1699,27.32684,95.27451,302.97,288.33,2026-09-28,1832,0.57,nominal,0.6,N,N,VIIRS,near_real_time,Eastern India,ALL_INDIA,False,933118.5,Haldia Petrochemicals Complex,chemical_petrochemical,national_haldia_petrochemical,NON_INDUSTRIAL_RURAL,0.1,CLUSTER_830,0.017,1,58,False,14.640000000000043,,UNLABELED,UNVERIFIED,,,,,,15.93,LOW,NON_INDUSTRIAL_RURAL,ROUTINE_MONITORING_RECOMMENDED
1700,27.45858,95.47722,303.99,288.36,2026-09-28,1832,0.33,nominal,0.6,N,N,VIIRS,near_real_time,Eastern India,ALL_INDIA,False,957915.3,Haldia Petrochemicals Complex,chemical_petrochemical,national_haldia_petrochemical,NON_INDUSTRIAL_RURAL,0.1,CLUSTER_831,0.017,1,58,False,15.629999999999995,,UNLABELED,UNVERIFIED,,,,,,17.48,LOW,NON_INDUSTRIAL_RURAL,ROUTINE_MONITORING_RECOMMENDED
1701,27.46379,95.47516,302.73,288.11,2026-09-28,1832,0.55,nominal,0.6,N,N,VIIRS,near_real_time,Eastern India,ALL_INDIA,False,958104.2,Haldia Petrochemicals Complex,chemical_petrochemical,national_haldia_petrochemical,NON_INDUSTRIAL_RURAL,0.1,CLUSTER_831,0.017,1,58,False,14.620000000000005,,UNLABELED,UNVERIFIED,,,,,,17.48,LOW,NON_INDUSTRIAL_RURAL,ROUTINE_MONITORING_RECOMMENDED
1702,30.06622,96.97771,296.5,285.94,2026-09-28,1832,1.81,nominal,0.6,N,N,VIIRS,near_real_time,Northern India,ALL_INDIA,False,1257134.7,Haldia Petrochemicals Complex,chemical_petrochemical,national_haldia_petrochemical,NON_INDUSTRIAL_RURAL,0.1,CLUSTER_652,0.034,2,58,False,10.560000000000002,,UNLABELED,UNVERIFIED,,,,,,16.19,LOW,NON_INDUSTRIAL_RURAL,ROUTINE_MONITORING_RECOMMENDED
1703,30.95067,97.36311,295.09,283.09,2026-09-28,2012,0.69,nominal,0.6,N,N,VIIRS,near_real_time,Northern India,ALL_INDIA,False,1351954.7,Haldia Petrochemicals Complex,chemical_petrochemical,national_haldia_petrochemical,NON_INDUSTRIAL_RURAL,0.1,CLUSTER_832,0.017,1,58,False,12.0,,UNLABELED,UNVERIFIED,,,,,,15.92,LOW,NON_INDUSTRIAL_RURAL,ROUTINE_MONITORING_RECOMMENDED
1704,33.29572,71.18333,299.86,285.8,2026-09-28,2012,0.45,nominal,0.6,N,N,VIIRS,near_real_time,Northern India,ALL_INDIA,False,694463.0,IOCL Panipat Petrochemical Complex,oil_refinery,national_iocl_panipat_petroch,NON_INDUSTRIAL_RURAL,0.1,CLUSTER_139,0.052,3,58,False,14.060000000000002,,UNLABELED,UNVERIFIED,,,,,,17.08,LOW,NON_INDUSTRIAL_RURAL,ROUTINE_MONITORING_RECOMMENDED
1705,34.38111,73.46901,296.3,284.08,2026-09-28,2012,0.78,nominal,0.6,N,N,VIIRS,near_real_time,Northern India,ALL_INDIA,False,640867.9,IOCL Panipat Petrochemical Complex,oil_refinery,national_iocl_panipat_petroch,NON_INDUSTRIAL_RURAL,0.1,CLUSTER_833,0.017,1,58,False,12.220000000000027,,UNLABELED,UNVERIFIED,,,,,,18.18,LOW,NON_INDUSTRIAL_RURAL,ROUTINE_MONITORING_RECOMMENDED
1706,34.38746,73.46972,323.07,284.51,2026-09-28,2012,2.9,nominal,0.6,N,N,VIIRS,near_real_time,Northern India,ALL_INDIA,False,641436.4,IOCL Panipat Petrochemical Complex,oil_refinery,national_iocl_panipat_petroch,NON_INDUSTRIAL_RURAL,0.1,CLUSTER_833,0.017,1,58,False,38.56,,UNLABELED,UNVERIFIED,,,,,,18.18,LOW,NON_INDUSTRIAL_RURAL,ROUTINE_MONITORING_RECOMMENDED
1707,23.55364,87.24442,313.95,293.32,2026-09-28,2014,3.8,nominal,0.6,N,N,VIIRS,near_real_time,West Bengal,EAST_MINERAL_BELT,False,136481.3,Tata Steel Jamshedpur Works,steel_and_heavy_industry,national_tata_steel_jamshedpu,NON_INDUSTRIAL_RURAL,0.1,CLUSTER_702,0.052,3,58,False,20.629999999999995,,UNLABELED,UNVERIFIED,,,,,,20.4,LOW,NON_INDUSTRIAL_RURAL,ROUTINE_MONITORING_RECOMMENDED
1708,23.55788,87.24091,309.34,292.75,2026-09-28,2014,3.69,nominal,0.6,N,N,VIIRS,near_real_time,West Bengal,EAST_MINERAL_BELT,False,136492.3,Tata Steel Jamshedpur Works,steel_and_heavy_industry,national_tata_steel_jamshedpu,NON_INDUSTRIAL_RURAL,0.1,CLUSTER_702,0.052,3,58,False,16.589999999999975,,UNLABELED,UNVERIFIED,,,,,,20.4,LOW,NON_INDUSTRIAL_RURAL,ROUTINE_MONITORING_RECOMMENDED
1709,23.55937,87.23244,309.21,293.42,2026-09-28,2014,3.25,nominal,0.6,N,N,VIIRS,near_real_time,West Bengal,EAST_MINERAL_BELT,False,135926.0,Tata Steel Jamshedpur Works,steel_and_heavy_industry,national_tata_steel_jamshedpu,NON_INDUSTRIAL_RURAL,0.1,CLUSTER_702,0.052,3,58,False,15.789999999999964,,UNLABELED,UNVERIFIED,,,,,,20.4,LOW,NON_INDUSTRIAL_RURAL,ROUTINE_MONITORING_RECOMMENDED
1710,23.56017,87.08411,305.55,285.82,2026-09-28,2014,2.59,nominal,0.6,N,N,VIIRS,near_real_time,West Bengal,EAST_MINERAL_BELT,False,124639.2,Tata Steel Jamshedpur Works,steel_and_heavy_industry,national_tata_steel_jamshedpu,NON_INDUSTRIAL_RURAL,0.1,CLUSTER_158,0.052,3,58,False,19.730000000000018,,UNLABELED,UNVERIFIED,,,,,,16.77,LOW,NON_INDUSTRIAL_RURAL,ROUTINE_MONITORING_RECOMMENDED
1711,23.61052,87.14674,308.53,292.48,2026-09-28,2014,2.01,nominal,0.6,N,N,VIIRS,near_real_time,West Bengal,EAST_MINERAL_BELT,False,133122.2,Tata Steel Jamshedpur Works,steel_and_heavy_industry,national_tata_steel_jamshedpu,NON_INDUSTRIAL_RURAL,0.1,CLUSTER_834,0.017,1,58,False,16.049999999999955,,UNLABELED,UNVERIFIED,,,,,,16.24,LOW,NON_INDUSTRIAL_RURAL,ROUTINE_MONITORING_RECOMMENDED
1712,23.61927,86.88972,300.4,287.02,2026-09-28,2014,0.22,nominal,0.6,N,N,VIIRS,near_real_time,Jharkhand,EAST_MINERAL_BELT,False,116306.4,Tata Steel Jamshedpur Works,steel_and_heavy_industry,national_tata_steel_jamshedpu,NON_INDUSTRIAL_RURAL,0.1,CLUSTER_835,0.017,1,58,False,13.379999999999995,,UNLABELED,UNVERIFIED,,,,,,15.8,LOW,NON_INDUSTRIAL_RURAL,ROUTINE_MONITORING_RECOMMENDED
1713,23.63271,86.8328,305.37,292.27,2026-09-28,2014,0.5,nominal,0.6,N,N,VIIRS,near_real_time,Jharkhand,EAST_MINERAL_BELT,False,114125.6,Tata Steel Jamshedpur Works,steel_and_heavy_industry,national_tata_steel_jamshedpu,NON_INDUSTRIAL_RURAL,0.1,CLUSTER_836,0.017,1,58,False,13.100000000000023,,UNLABELED,UNVERIFIED,,,,,,15.87,LOW,NON_INDUSTRIAL_RURAL,ROUTINE_MONITORING_RECOMMENDED
1714,23.66323,87.15658,323.89,294.95,2026-09-28,2014,2.02,nominal,0.6,N,N,VIIRS,near_real_time,West Bengal,EAST_MINERAL_BELT,False,137922.9,Tata Steel Jamshedpur Works,steel_and_heavy_industry,national_tata_steel_jamshedpu,NON_INDUSTRIAL_RURAL,0.1,CLUSTER_295,0.052,3,58,False,28.939999999999998,,UNLABELED,UNVERIFIED,,,,,,18.17,LOW,NON_INDUSTRIAL_RURAL,ROUTINE_MONITORING_RECOMMENDED
1715,23.66397,87.15239,314.78,295.0,2026-09-28,2014,2.02,nominal,0.6,N,N,VIIRS,near_real_time,West Bengal,EAST_MINERAL_BELT,False,137679.4,Tata Steel Jamshedpur Works,steel_and_heavy_industry,national_tata_steel_jamshedpu,NON_INDUSTRIAL_RURAL,0.1,CLUSTER_295,0.052,3,58,False,19.779999999999973,,UNLABELED,UNVERIFIED,,,,,,18.17,LOW,NON_INDUSTRIAL_RURAL,ROUTINE_MONITORING_RECOMMENDED
1716,23.66542,86.91959,317.68,294.59,2026-09-28,2014,2.09,nominal,0.6,N,N,VIIRS,near_real_time,Jharkhand,EAST_MINERAL_BELT,False,122235.3,Tata Steel Jamshedpur Works,steel_and_heavy_industry,national_tata_steel_jamshedpu,NON_INDUSTRIAL_RURAL,0.1,CLUSTER_837,0.017,1,58,False,23.090000000000032,,UNLABELED,UNVERIFIED,,,,,,19.21,LOW,NON_INDUSTRIAL_RURAL,ROUTINE_MONITORING_RECOMMENDED
1717,23.66597,87.1615,310.87,293.99,2026-09-28,2014,2.31,nominal,0.6,N,N,VIIRS,near_real_time,West Bengal,EAST_MINERAL_BELT,False,138492.8,Tata Steel Jamshedpur Works,steel_and_heavy_industry,national_tata_steel_jamshedpu,NON_INDUSTRIAL_RURAL,0.1,CLUSTER_295,0.052,3,58,False,16.879999999999995,,UNLABELED,UNVERIFIED,,,,,,18.17,LOW,NON_INDUSTRIAL_RURAL,ROUTINE_MONITORING_RECOMMENDED
1718,23.66614,86.91547,309.69,293.62,2026-09-28,2014,2.07,nominal,0.6,N,N,VIIRS,near_real_time,Jharkhand,EAST_MINERAL_BELT,False,122048.1,Tata Steel Jamshedpur Works,steel_and_heavy_industry,national_tata_steel_jamshedpu,NON_INDUSTRIAL_RURAL,0.1,CLUSTER_837,0.017,1,58,False,16.069999999999993,,UNLABELED,UNVERIFIED,,,,,,19.21,LOW,NON_INDUSTRIAL_RURAL,ROUTINE_MONITORING_RECOMMENDED
1719,23.66671,87.1573,314.21,294.67,2026-09-28,2014,2.02,nominal,0.6,N,N,VIIRS,near_real_time,West Bengal,EAST_MINERAL_BELT,False,138248.3,Tata Steel Jamshedpur Works,steel_and_heavy_industry,national_tata_steel_jamshedpu,NON_INDUSTRIAL_RURAL,0.1,CLUSTER_295,0.052,3,58,False,19.539999999999964,,UNLABELED,UNVERIFIED,,,,,,18.17,LOW,NON_INDUSTRIAL_RURAL,ROUTINE_MONITORING_RECOMMENDED
1720,23.66887,86.9203,312.57,293.93,2026-09-28,2014,1.94,nominal,0.6,N,N,VIIRS,near_real_time,Jharkhand,EAST_MINERAL_BELT,False,122585.7,Tata Steel Jamshedpur Works,steel_and_heavy_industry,national_tata_steel_jamshedpu,NON_INDUSTRIAL_RURAL,0.1,CLUSTER_837,0.017,1,58,False,18.639999999999986,,UNLABELED,UNVERIFIED,,,,,,19.21,LOW,NON_INDUSTRIAL_RURAL,ROUTINE_MONITORING_RECOMMENDED
1721,23.6696,86.91618,330.02,294.21,2026-09-28,2014,3.41,nominal,0.6,N,N,VIIRS,near_real_time,Jharkhand,EAST_MINERAL_BELT,False,122399.8,Tata Steel Jamshedpur Works,steel_and_heavy_industry,national_tata_steel_jamshedpu,NON_INDUSTRIAL_RURAL,0.1,CLUSTER_837,0.017,1,58,False,35.81,,UNLABELED,UNVERIFIED,,,,,,19.21,LOW,NON_INDUSTRIAL_RURAL,ROUTINE_MONITORING_RECOMMENDED
1722,23.67503,86.40231,313.09,295.9,2026-09-28,2014,2.74,nominal,0.6,N,N,VIIRS,near_real_time,Jharkhand,EAST_MINERAL_BELT,False,100982.0,Tata Steel Jamshedpur Works,steel_and_heavy_industry,national_tata_steel_jamshedpu,NON_INDUSTRIAL_RURAL,0.1,CLUSTER_164,0.052,3,58,False,17.189999999999998,,UNLABELED,UNVERIFIED,,,,,,18.48,LOW,NON_INDUSTRIAL_RURAL,ROUTINE_MONITORING_RECOMMENDED
1723,23.67571,86.39832,318.41,296.31,2026-09-28,2014,2.46,nominal,0.6,N,N,VIIRS,near_real_time,Jharkhand,EAST_MINERAL_BELT,False,100973.9,Tata Steel Jamshedpur Works,steel_and_heavy_industry,national_tata_steel_jamshedpu,NON_INDUSTRIAL_RURAL,0.1,CLUSTER_164,0.052,3,58,False,22.100000000000023,,UNLABELED,UNVERIFIED,,,,,,18.48,LOW,NON_INDUSTRIAL_RURAL,ROUTINE_MONITORING_RECOMMENDED
1724,23.6764,86.39433,315.36,294.87,2026-09-28,2014,2.46,nominal,0.6,N,N,VIIRS,near_real_time,Jharkhand,EAST_MINERAL_BELT,False,100968.6,Tata Steel Jamshedpur Works,steel_and_heavy_industry,national_tata_steel_jamshedpu,NON_INDUSTRIAL_RURAL,0.1,CLUSTER_164,0.052,3,58,False,20.49000000000001,,UNLABELED,UNVERIFIED,,,,,,18.48,LOW,NON_INDUSTRIAL_RURAL,ROUTINE_MONITORING_RECOMMENDED
1725,23.67911,86.39899,319.7,296.95,2026-09-28,2014,1.93,nominal,0.6,N,N,VIIRS,near_real_time,Jharkhand,EAST_MINERAL_BELT,False,101357.9,Tata Steel Jamshedpur Works,steel_and_heavy_industry,national_tata_steel_jamshedpu,NON_INDUSTRIAL_RURAL,0.1,CLUSTER_164,0.052,3,58,False,22.75,,UNLABELED,UNVERIFIED,,,,,,18.48,LOW,NON_INDUSTRIAL_RURAL,ROUTINE_MONITORING_RECOMMENDED
1726,23.67979,86.395,314.28,295.62,2026-09-28,2014,1.93,nominal,0.6,N,N,VIIRS,near_real_time,Jharkhand,EAST_MINERAL_BELT,False,101351.6,Tata Steel Jamshedpur Works,steel_and_heavy_industry,national_tata_steel_jamshedpu,NON_INDUSTRIAL_RURAL,0.1,CLUSTER_164,0.052,3,58,False,18.659999999999968,,UNLABELED,UNVERIFIED,,,,,,18.48,LOW,NON_INDUSTRIAL_RURAL,ROUTINE_MONITORING_RECOMMENDED
1727,23.68232,87.13007,311.16,295.01,2026-09-28,2014,1.65,nominal,0.6,N,N,VIIRS,near_real_time,West Bengal,EAST_MINERAL_BELT,False,137553.6,Tata Steel Jamshedpur Works,steel_and_heavy_industry,national_tata_steel_jamshedpu,NON_INDUSTRIAL_RURAL,0.1,CLUSTER_838,0.017,1,58,False,16.150000000000034,,UNLABELED,UNVERIFIED,,,,,,16.31,LOW,NON_INDUSTRIAL_RURAL,ROUTINE_MONITORING_RECOMMENDED
1728,23.68319,86.39568,323.49,296.72,2026-09-28,2014,1.93,nominal,0.6,N,N,VIIRS,near_real_time,Jharkhand,EAST_MINERAL_BELT,False,101735.9,Tata Steel Jamshedpur Works,steel_and_heavy_industry,national_tata_steel_jamshedpu,NON_INDUSTRIAL_RURAL,0.1,CLUSTER_164,0.052,3,58,False,26.769999999999982,,UNLABELED,UNVERIFIED,,,,,,18.48,LOW,NON_INDUSTRIAL_RURAL,ROUTINE_MONITORING_RECOMMENDED
1729,23.68387,86.39172,317.46,295.57,2026-09-28,2014,3.57,nominal,0.6,N,N,VIIRS,near_real_time,Jharkhand,EAST_MINERAL_BELT,False,101731.8,Tata Steel Jamshedpur Works,steel_and_heavy_industry,national_tata_steel_jamshedpu,NON_INDUSTRIAL_RURAL,0.1,CLUSTER_164,0.052,3,58,False,21.889999999999986,,UNLABELED,UNVERIFIED,,,,,,18.48,LOW,NON_INDUSTRIAL_RURAL,ROUTINE_MONITORING_RECOMMENDED
1730,23.68726,87.1224,323.59,296.4,2026-09-28,2014,3.42,nominal,0.6,N,N,VIIRS,near_real_time,West Bengal,EAST_MINERAL_BELT,False,137415.5,Tata Steel Jamshedpur Works,steel_and_heavy_industry,national_tata_steel_jamshedpu,NON_INDUSTRIAL_RURAL,0.1,CLUSTER_704,0.052,3,58,False,27.189999999999998,,UNLABELED,UNVERIFIED,,,,,,20.68,LOW,NON_INDUSTRIAL_RURAL,ROUTINE_MONITORING_RECOMMENDED
1731,23.68727,86.39239,314.74,295.08,2026-09-28,2014,2.32,nominal,0.6,N,N,VIIRS,near_real_time,Jharkhand,EAST_MINERAL_BELT,False,102115.9,Tata Steel Jamshedpur Works,steel_and_heavy_industry,national_tata_steel_jamshedpu,NON_INDUSTRIAL_RURAL,0.1,CLUSTER_164,0.052,3,58,False,19.660000000000025,,UNLABELED,UNVERIFIED,,,,,,18.48,LOW,NON_INDUSTRIAL_RURAL,ROUTINE_MONITORING_RECOMMENDED
1732,23.69074,87.12312,315.01,295.52,2026-09-28,2014,1.57,nominal,0.6,N,N,VIIRS,near_real_time,West Bengal,EAST_MINERAL_BELT,False,137747.8,Tata Steel Jamshedpur Works,steel_and_heavy_industry,national_tata_steel_jamshedpu,NON_INDUSTRIAL_RURAL,0.1,CLUSTER_704,0.052,3,58,False,19.49000000000001,,UNLABELED,UNVERIFIED,,,,,,20.68,LOW,NON_INDUSTRIAL_RURAL,ROUTINE_MONITORING_RECOMMENDED
1733,23.69093,87.10142,308.39,295.12,2026-09-28,2014,2.98,nominal,0.6,N,N,VIIRS,near_real_time,West Bengal,EAST_MINERAL_BELT,False,136261.9,Tata Steel Jamshedpur Works,steel_and_heavy_industry,national_tata_steel_jamshedpu,NON_INDUSTRIAL_RURAL,0.1,CLUSTER_704,0.052,3,58,False,13.269999999999982,,UNLABELED,UNVERIFIED,,,,,,20.68,LOW,NON_INDUSTRIAL_RURAL,ROUTINE_MONITORING_RECOMMENDED
1734,23.69294,87.11052,312.33,295.18,2026-09-28,2014,2.82,nominal,0.6,N,N,VIIRS,near_real_time,West Bengal,EAST_MINERAL_BELT,False,137053.3,Tata Steel Jamshedpur Works,steel_and_heavy_industry,national_tata_steel_jamshedpu,NON_INDUSTRIAL_RURAL,0.1,CLUSTER_704,0.052,3,58,False,17.149999999999977,,UNLABELED,UNVERIFIED,,,,,,20.68,LOW,NON_INDUSTRIAL_RURAL,ROUTINE_MONITORING_RECOMMENDED
1735,23.69422,87.12383,317.74,295.94,2026-09-28,2014,1.57,nominal,0.6,N,N,VIIRS,near_real_time,West Bengal,EAST_MINERAL_BELT,False,138079.7,Tata Steel Jamshedpur Works,steel_and_heavy_industry,national_tata_steel_jamshedpu,NON_INDUSTRIAL_RURAL,0.1,CLUSTER_704,0.052,3,58,False,21.80000000000001,,UNLABELED,UNVERIFIED,,,,,,20.68,LOW,NON_INDUSTRIAL_RURAL,ROUTINE_MONITORING_RECOMMENDED
1736,23.69568,87.11543,306.68,294.97,2026-09-28,2014,3.09,nominal,0.6,N,N,VIIRS,near_real_time,West Bengal,EAST_MINERAL_BELT,False,137616.3,Tata Steel Jamshedpur Works,steel_and_heavy_industry,national_tata_steel_jamshedpu,NON_INDUSTRIAL_RURAL,0.1,CLUSTER_704,0.052,3,58,False,11.70999999999998,,UNLABELED,UNVERIFIED,,,,,,20.68,LOW,NON_INDUSTRIAL_RURAL,ROUTINE_MONITORING_RECOMMENDED
1737,23.69587,87.09376,312.85,294.94,2026-09-28,2014,2.47,nominal,0.6,N,N,VIIRS,near_real_time,West Bengal,EAST_MINERAL_BELT,False,136144.0,Tata Steel Jamshedpur Works,steel_and_heavy_industry,national_tata_steel_jamshedpu,NON_INDUSTRIAL_RURAL,0.1,CLUSTER_704,0.052,3,58,False,17.910000000000025,,UNLABELED,UNVERIFIED,,,,,,20.68,LOW,NON_INDUSTRIAL_RURAL,ROUTINE_MONITORING_RECOMMENDED
1738,23.70901,86.45035,306.04,292.94,2026-09-28,2014,0.89,nominal,0.6,N,N,VIIRS,near_real_time,Jharkhand,EAST_MINERAL_BELT,False,105758.0,Tata Steel Jamshedpur Works,steel_and_heavy_industry,national_tata_steel_jamshedpu,NON_INDUSTRIAL_RURAL,0.1,CLUSTER_168,0.052,3,58,False,13.100000000000023,,UNLABELED,UNVERIFIED,,,,,,18.07,LOW,NON_INDUSTRIAL_RURAL,ROUTINE_MONITORING_RECOMMENDED
1739,23.71241,86.45102,323.24,294.72,2026-09-28,2014,2.4,nominal,0.6,N,N,VIIRS,near_real_time,Jharkhand,EAST_MINERAL_BELT,False,106141.4,Tata Steel Jamshedpur Works,steel_and_heavy_industry,national_tata_steel_jamshedpu,NON_INDUSTRIAL_RURAL,0.1,CLUSTER_168,0.052,3,58,False,28.519999999999982,,UNLABELED,UNVERIFIED,,,,,,18.07,LOW,NON_INDUSTRIAL_RURAL,ROUTINE_MONITORING_RECOMMENDED
1740,23.71309,86.44704,306.87,293.13,2026-09-28,2014,1.02,nominal,0.6,N,N,VIIRS,near_real_time,Jharkhand,EAST_MINERAL_BELT,False,106118.0,Tata Steel Jamshedpur Works,steel_and_heavy_industry,national_tata_steel_jamshedpu,NON_INDUSTRIAL_RURAL,0.1,CLUSTER_168,0.052,3,58,False,13.740000000000009,,UNLABELED,UNVERIFIED,,,,,,18.07,LOW,NON_INDUSTRIAL_RURAL,ROUTINE_MONITORING_RECOMMENDED
1741,23.71376,86.42243,311.67,292.91,2026-09-28,2014,1.42,nominal,0.6,N,N,VIIRS,near_real_time,Jharkhand,EAST_MINERAL_BELT,False,105622.2,Tata Steel Jamshedpur Works,steel_and_heavy_industry,national_tata_steel_jamshedpu,NON_INDUSTRIAL_RURAL,0.1,CLUSTER_839,0.017,1,58,False,18.75999999999999,,UNLABELED,UNVERIFIED,,,,,,16.32,LOW,NON_INDUSTRIAL_RURAL,ROUTINE_MONITORING_RECOMMENDED
1742,23.71648,86.42711,308.53,293.09,2026-09-28,2014,1.33,nominal,0.6,N,N,VIIRS,near_real_time,Jharkhand,EAST_MINERAL_BELT,False,106020.7,Tata Steel Jamshedpur Works,steel_and_heavy_industry,national_tata_steel_jamshedpu,NON_INDUSTRIAL_RURAL,0.1,CLUSTER_839,0.017,1,58,False,15.439999999999998,,UNLABELED,UNVERIFIED,,,,,,16.32,LOW,NON_INDUSTRIAL_RURAL,ROUTINE_MONITORING_RECOMMENDED
1743,23.71717,86.44373,308.56,293.5,2026-09-28,2014,1.02,nominal,0.6,N,N,VIIRS,near_real_time,Jharkhand,EAST_MINERAL_BELT,False,106479.8,Tata Steel Jamshedpur Works,steel_and_heavy_industry,national_tata_steel_jamshedpu,NON_INDUSTRIAL_RURAL,0.1,CLUSTER_168,0.052,3,58,False,15.060000000000002,,UNLABELED,UNVERIFIED,,,,,,18.07,LOW,NON_INDUSTRIAL_RURAL,ROUTINE_MONITORING_RECOMMENDED
1744,23.71784,86.43974,306.5,292.57,2026-09-28,2014,1.12,nominal,0.6,N,N,VIIRS,near_real_time,Jharkhand,EAST_MINERAL_BELT,False,106458.4,Tata Steel Jamshedpur Works,steel_and_heavy_industry,national_tata_steel_jamshedpu,NON_INDUSTRIAL_RURAL,0.1,CLUSTER_168,0.052,3,58,False,13.930000000000007,,UNLABELED,UNVERIFIED,,,,,,18.07,LOW,NON_INDUSTRIAL_RURAL,ROUTINE_MONITORING_RECOMMENDED
1745,23.72463,86.42049,305.99,291.47,2026-09-28,2014,1.56,nominal,0.6,N,N,VIIRS,near_real_time,Jharkhand,EAST_MINERAL_BELT,False,106761.3,Tata Steel Jamshedpur Works,steel_and_heavy_industry,national_tata_steel_jamshedpu,NON_INDUSTRIAL_RURAL,0.1,CLUSTER_840,0.017,1,58,False,14.519999999999982,,UNLABELED,UNVERIFIED,,,,,,16.13,LOW,NON_INDUSTRIAL_RURAL,ROUTINE_MONITORING_RECOMMENDED
1746,23.72465,86.44111,309.62,294.51,2026-09-28,2014,2.25,nominal,0.6,N,N,VIIRS,near_real_time,Jharkhand,EAST_MINERAL_BELT,False,107227.5,Tata Steel Jamshedpur Works,steel_and_heavy_industry,national_tata_steel_jamshedpu,NON_INDUSTRIAL_RURAL,0.1,CLUSTER_168,0.052,3,58,False,15.110000000000014,,UNLABELED,UNVERIFIED,,,,,,18.07,LOW,NON_INDUSTRIAL_RURAL,ROUTINE_MONITORING_RECOMMENDED
1747,23.73586,86.43446,326.22,295.52,2026-09-28,2014,2.53,nominal,0.6,N,N,VIIRS,near_real_time,Jharkhand,EAST_MINERAL_BELT,False,108287.4,Tata Steel Jamshedpur Works,steel_and_heavy_industry,national_tata_steel_jamshedpu,NON_INDUSTRIAL_RURAL,0.1,CLUSTER_169,0.069,4,58,False,30.700000000000045,,UNLABELED,UNVERIFIED,,,,,,21.16,LOW,NON_INDUSTRIAL_RURAL,ROUTINE_MONITORING_RECOMMENDED
1748,23.73655,86.43048,315.22,294.49,2026-09-28,2014,2.53,nominal,0.6,N,N,VIIRS,near_real_time,Jharkhand,EAST_MINERAL_BELT,False,108273.5,Tata Steel Jamshedpur Works,steel_and_heavy_industry,national_tata_steel_jamshedpu,NON_INDUSTRIAL_RURAL,0.1,CLUSTER_169,0.069,4,58,False,20.730000000000018,,UNLABELED,UNVERIFIED,,,,,,21.16,LOW,NON_INDUSTRIAL_RURAL,ROUTINE_MONITORING_RECOMMENDED
1749,23.73926,86.43515,322.43,295.09,2026-09-28,2014,2.64,nominal,0.6,N,N,VIIRS,near_real_time,Jharkhand,EAST_MINERAL_BELT,False,108671.6,Tata Steel Jamshedpur Works,steel_and_heavy_industry,national_tata_steel_jamshedpu,NON_INDUSTRIAL_RURAL,0.1,CLUSTER_169,0.069,4,58,False,27.340000000000032,,UNLABELED,UNVERIFIED,,,,,,21.16,LOW,NON_INDUSTRIAL_RURAL,ROUTINE_MONITORING_RECOMMENDED
1750,23.74949,86.41659,309.01,293.0,2026-09-28,2014,1.34,nominal,0.6,N,N,VIIRS,near_real_time,Jharkhand,EAST_MINERAL_BELT,False,109384.3,Tata Steel Jamshedpur Works,steel_and_heavy_industry,national_tata_steel_jamshedpu,NON_INDUSTRIAL_RURAL,0.1,CLUSTER_841,0.017,1,58,False,16.00999999999999,,UNLABELED,UNVERIFIED,,,,,,16.22,LOW,NON_INDUSTRIAL_RURAL,ROUTINE_MONITORING_RECOMMENDED
1751,23.75289,86.41726,311.1,293.88,2026-09-28,2014,1.34,nominal,0.6,N,N,VIIRS,near_real_time,Jharkhand,EAST_MINERAL_BELT,False,109768.3,Tata Steel Jamshedpur Works,steel_and_heavy_industry,national_tata_steel_jamshedpu,NON_INDUSTRIAL_RURAL,0.1,CLUSTER_841,0.017,1,58,False,17.220000000000027,,UNLABELED,UNVERIFIED,,,,,,16.22,LOW,NON_INDUSTRIAL_RURAL,ROUTINE_MONITORING_RECOMMENDED
1752,23.75403,85.85456,315.21,294.79,2026-09-28,2014,1.97,nominal,0.6,N,N,VIIRS,near_real_time,Jharkhand,EAST_MINERAL_BELT,False,113248.1,Tata Steel Jamshedpur Works,steel_and_heavy_industry,national_tata_steel_jamshedpu,NON_INDUSTRIAL_RURAL,0.1,CLUSTER_171,0.052,3,58,False,20.41999999999996,,UNLABELED,UNVERIFIED,,,,,,16.92,LOW,NON_INDUSTRIAL_RURAL,ROUTINE_MONITORING_RECOMMENDED
1753,23.75738,85.85522,311.98,294.79,2026-09-28,2014,1.21,nominal,0.6,N,N,VIIRS,near_real_time,Jharkhand,EAST_MINERAL_BELT,False,113581.4,Tata Steel Jamshedpur Works,steel_and_heavy_industry,national_tata_steel_jamshedpu,NON_INDUSTRIAL_RURAL,0.1,CLUSTER_171,0.052,3,58,False,17.189999999999998,,UNLABELED,UNVERIFIED,,,,,,16.92,LOW,NON_INDUSTRIAL_RURAL,ROUTINE_MONITORING_RECOMMENDED
1754,23.75803,85.85135,307.42,293.66,2026-09-28,2014,1.21,nominal,0.6,N,N,VIIRS,near_real_time,Jharkhand,EAST_MINERAL_BELT,False,113772.6,Tata Steel Jamshedpur Works,steel_and_heavy_industry,national_tata_steel_jamshedpu,NON_INDUSTRIAL_RURAL,0.1,CLUSTER_171,0.052,3,58,False,13.759999999999991,,UNLABELED,UNVERIFIED,,,,,,16.92,LOW,NON_INDUSTRIAL_RURAL,ROUTINE_MONITORING_RECOMMENDED
1755,23.75834,86.40601,310.69,292.48,2026-09-28,2014,2.45,nominal,0.6,N,N,VIIRS,near_real_time,Jharkhand,EAST_MINERAL_BELT,False,110137.8,Tata Steel Jamshedpur Works,steel_and_heavy_industry,national_tata_steel_jamshedpu,NON_INDUSTRIAL_RURAL,0.1,CLUSTER_170,0.069,4,58,False,18.20999999999998,,UNLABELED,UNVERIFIED,,,,,,20.81,LOW,NON_INDUSTRIAL_RURAL,ROUTINE_MONITORING_RECOMMENDED
1756,23.75902,86.40204,326.86,292.61,2026-09-28,2014,2.45,nominal,0.6,N,N,VIIRS,near_real_time,Jharkhand,EAST_MINERAL_BELT,False,110135.8,Tata Steel Jamshedpur Works,steel_and_heavy_industry,national_tata_steel_jamshedpu,NON_INDUSTRIAL_RURAL,0.1,CLUSTER_170,0.069,4,58,False,34.25,,UNLABELED,UNVERIFIED,,,,,,20.81,LOW,NON_INDUSTRIAL_RURAL,ROUTINE_MONITORING_RECOMMENDED
1757,23.76242,86.40271,333.83,294.07,2026-09-28,2014,2.45,nominal,0.6,N,N,VIIRS,near_real_time,Jharkhand,EAST_MINERAL_BELT,False,110519.9,Tata Steel Jamshedpur Works,steel_and_heavy_industry,national_tata_steel_jamshedpu,NON_INDUSTRIAL_RURAL,0.1,CLUSTER_170,0.069,4,58,False,39.75999999999999,,UNLABELED,UNVERIFIED,,,,,,20.81,LOW,NON_INDUSTRIAL_RURAL,ROUTINE_MONITORING_RECOMMENDED
1758,23.7631,86.39875,308.67,293.22,2026-09-28,2014,1.63,nominal,0.6,N,N,VIIRS,near_real_time,Jharkhand,EAST_MINERAL_BELT,False,110519.6,Tata Steel Jamshedpur Works,steel_and_heavy_industry,national_tata_steel_jamshedpu,NON_INDUSTRIAL_RURAL,0.1,CLUSTER_170,0.069,4,58,False,15.449999999999989,,UNLABELED,UNVERIFIED,,,,,,20.81,LOW,NON_INDUSTRIAL_RURAL,ROUTINE_MONITORING_RECOMMENDED
1759,23.76378,86.39478,309.63,292.95,2026-09-28,2014,1.63,nominal,0.6,N,N,VIIRS,near_real_time,Jharkhand,EAST_MINERAL_BELT,False,110520.7,Tata Steel Jamshedpur Works,steel_and_heavy_industry,national_tata_steel_jamshedpu,NON_INDUSTRIAL_RURAL,0.1,CLUSTER_170,0.069,4,58,False,16.680000000000007,,UNLABELED,UNVERIFIED,,,,,,20.81,LOW,NON_INDUSTRIAL_RURAL,ROUTINE_MONITORING_RECOMMENDED
1760,23.76581,86.4034,330.15,294.93,2026-09-28,2014,2.41,nominal,0.6,N,N,VIIRS,near_real_time,Jharkhand,EAST_MINERAL_BELT,False,110903.4,Tata Steel Jamshedpur Works,steel_and_heavy_industry,national_tata_steel_jamshedpu,NON_INDUSTRIAL_RURAL,0.1,CLUSTER_170,0.069,4,58,False,35.21999999999997,,UNLABELED,UNVERIFIED,,,,,,20.81,LOW,NON_INDUSTRIAL_RURAL,ROUTINE_MONITORING_RECOMMENDED
1761,23.76921,86.40408,312.62,293.56,2026-09-28,2014,2.41,nominal,0.6,N,N,VIIRS,near_real_time,Jharkhand,EAST_MINERAL_BELT,False,111287.7,Tata Steel Jamshedpur Works,steel_and_heavy_industry,national_tata_steel_jamshedpu,NON_INDUSTRIAL_RURAL,0.1,CLUSTER_170,0.069,4,58,False,19.060000000000002,,UNLABELED,UNVERIFIED,,,,,,20.81,LOW,NON_INDUSTRIAL_RURAL,ROUTINE_MONITORING_RECOMMENDED
1762,23.76989,86.40011,305.86,293.28,2026-09-28,2014,2.63,nominal,0.6,N,N,VIIRS,near_real_time,Jharkhand,EAST_MINERAL_BELT,False,111287.2,Tata Steel Jamshedpur Works,steel_and_heavy_industry,national_tata_steel_jamshedpu,NON_INDUSTRIAL_RURAL,0.1,CLUSTER_170,0.069,4,58,False,12.580000000000041,,UNLABELED,UNVERIFIED,,,,,,20.81,LOW,NON_INDUSTRIAL_RURAL,ROUTINE_MONITORING_RECOMMENDED
1763,23.77263,86.36367,320.16,292.93,2026-09-28,2014,2.04,nominal,0.6,N,N,VIIRS,near_real_time,Jharkhand,EAST_MINERAL_BELT,False,110969.4,Tata Steel Jamshedpur Works,steel_and_heavy_industry,national_tata_steel_jamshedpu,NON_INDUSTRIAL_RURAL,0.1,CLUSTER_174,0.069,4,58,False,27.230000000000018,,UNLABELED,UNVERIFIED,,,,,,19.97,LOW,NON_INDUSTRIAL_RURAL,ROUTINE_MONITORING_RECOMMENDED
1764,23.77264,86.20028,307.49,294.45,2026-09-28,2014,1.98,nominal,0.6,N,N,VIIRS,near_real_time,Jharkhand,EAST_MINERAL_BELT,False,109709.4,Tata Steel Jamshedpur Works,steel_and_heavy_industry,national_tata_steel_jamshedpu,NON_INDUSTRIAL_RURAL,0.1,CLUSTER_173,0.052,3,58,False,13.04000000000002,,UNLABELED,UNVERIFIED,,,,,,19.32,LOW,NON_INDUSTRIAL_RURAL,ROUTINE_MONITORING_RECOMMENDED
1765,23.77294,86.19678,325.4,295.03,2026-09-28,2014,3.14,nominal,0.6,N,N,VIIRS,near_real_time,Jharkhand,EAST_MINERAL_BELT,False,109743.2,Tata Steel Jamshedpur Works,steel_and_heavy_industry,national_tata_steel_jamshedpu,NON_INDUSTRIAL_RURAL,0.1,CLUSTER_173,0.052,3,58,False,30.370000000000005,,UNLABELED,UNVERIFIED,,,,,,19.32,LOW,NON_INDUSTRIAL_RURAL,ROUTINE_MONITORING_RECOMMENDED
1766,23.77332,86.19633,323.75,294.77,2026-09-28,2014,2.68,nominal,0.6,N,N,VIIRS,near_real_time,Jharkhand,EAST_MINERAL_BELT,False,109785.6,Tata Steel Jamshedpur Works,steel_and_heavy_industry,national_tata_steel_jamshedpu,NON_INDUSTRIAL_RURAL,0.1,CLUSTER_173,0.052,3,58,False,28.980000000000018,,UNLABELED,UNVERIFIED,,,,,,19.32,LOW,NON_INDUSTRIAL_RURAL,ROUTINE_MONITORING_RECOMMENDED
1767,23.77467,86.2088,306.27,294.54,2026-09-28,2014,1.58,nominal,0.6,N,N,VIIRS,near_real_time,Jharkhand,EAST_MINERAL_BELT,False,109938.8,Tata Steel Jamshedpur Works,steel_and_heavy_industry,national_tata_steel_jamshedpu,NON_INDUSTRIAL_RURAL,0.1,CLUSTER_175,0.086,5,58,False,11.729999999999961,,UNLABELED,UNVERIFIED,,,,,,22.38,LOW,NON_INDUSTRIAL_RURAL,ROUTINE_MONITORING_RECOMMENDED
1768,23.77601,86.38486,306.32,293.38,2026-09-28,2014,1.41,nominal,0.6,N,N,VIIRS,near_real_time,Jharkhand,EAST_MINERAL_BELT,False,111684.1,Tata Steel Jamshedpur Works,steel_and_heavy_industry,national_tata_steel_jamshedpu,NON_INDUSTRIAL_RURAL,0.1,CLUSTER_178,0.069,4,58,False,12.939999999999998,,UNLABELED,UNVERIFIED,,,,,,20.93,LOW,NON_INDUSTRIAL_RURAL,ROUTINE_MONITORING_RECOMMENDED
1769,23.77602,86.36436,318.06,294.96,2026-09-28,2014,2.04,nominal,0.6,N,N,VIIRS,near_real_time,Jharkhand,EAST_MINERAL_BELT,False,111352.6,Tata Steel Jamshedpur Works,steel_and_heavy_industry,national_tata_steel_jamshedpu,NON_INDUSTRIAL_RURAL,0.1,CLUSTER_174,0.069,4,58,False,23.100000000000023,,UNLABELED,UNVERIFIED,,,,,,19.97,LOW,NON_INDUSTRIAL_RURAL,ROUTINE_MONITORING_RECOMMENDED
1770,23.77805,86.20947,327.37,296.79,2026-09-28,2014,3.32,nominal,0.6,N,N,VIIRS,near_real_time,Jharkhand,EAST_MINERAL_BELT,False,110315.2,Tata Steel Jamshedpur Works,steel_and_heavy_industry,national_tata_steel_jamshedpu,NON_INDUSTRIAL_RURAL,0.1,CLUSTER_175,0.086,5,58,False,30.579999999999984,,UNLABELED,UNVERIFIED,,,,,,22.38,LOW,NON_INDUSTRIAL_RURAL,ROUTINE_MONITORING_RECOMMENDED
1771,23.77872,86.20553,311.28,295.32,2026-09-28,2014,2.21,nominal,0.6,N,N,VIIRS,near_real_time,Jharkhand,EAST_MINERAL_BELT,False,110386.9,Tata Steel Jamshedpur Works,steel_and_heavy_industry,national_tata_steel_jamshedpu,NON_INDUSTRIAL_RURAL,0.1,CLUSTER_175,0.086,5,58,False,15.95999999999998,,UNLABELED,UNVERIFIED,,,,,,22.38,LOW,NON_INDUSTRIAL_RURAL,ROUTINE_MONITORING_RECOMMENDED
1772,23.77873,86.38952,327.59,295.56,2026-09-28,2014,3.77,nominal,0.6,N,N,VIIRS,near_real_time,Jharkhand,EAST_MINERAL_BELT,False,112063.0,Tata Steel Jamshedpur Works,steel_and_heavy_industry,national_tata_steel_jamshedpu,NON_INDUSTRIAL_RURAL,0.1,CLUSTER_178,0.069,4,58,False,32.02999999999997,,UNLABELED,UNVERIFIED,,,,,,20.93,LOW,NON_INDUSTRIAL_RURAL,ROUTINE_MONITORING_RECOMMENDED
1773,23.77874,86.34852,309.87,293.36,2026-09-28,2014,1.35,nominal,0.6,N,N,VIIRS,near_real_time,Jharkhand,EAST_MINERAL_BELT,False,111421.6,Tata Steel Jamshedpur Works,steel_and_heavy_industry,national_tata_steel_jamshedpu,NON_INDUSTRIAL_RURAL,0.1,CLUSTER_176,0.052,3,58,False,16.50999999999999,,UNLABELED,UNVERIFIED,,,,,,16.72,LOW,NON_INDUSTRIAL_RURAL,ROUTINE_MONITORING_RECOMMENDED
1774,23.78143,86.21013,335.85,296.9,2026-09-28,2014,3.32,nominal,0.6,N,N,VIIRS,near_real_time,Jharkhand,EAST_MINERAL_BELT,False,110691.6,Tata Steel Jamshedpur Works,steel_and_heavy_industry,national_tata_steel_jamshedpu,NON_INDUSTRIAL_RURAL,0.1,CLUSTER_175,0.086,5,58,False,38.950000000000045,,UNLABELED,UNVERIFIED,,,,,,22.38,LOW,NON_INDUSTRIAL_RURAL,ROUTINE_MONITORING_RECOMMENDED
1775,23.78144,86.39417,307.57,294.33,2026-09-28,2014,0.84,nominal,0.6,N,N,VIIRS,near_real_time,Jharkhand,EAST_MINERAL_BELT,False,112442.1,Tata Steel Jamshedpur Works,steel_and_heavy_industry,national_tata_steel_jamshedpu,NON_INDUSTRIAL_RURAL,0.1,CLUSTER_178,0.069,4,58,False,13.240000000000009,,UNLABELED,UNVERIFIED,,,,,,20.93,LOW,NON_INDUSTRIAL_RURAL,ROUTINE_MONITORING_RECOMMENDED
1776,23.78145,86.37364,313.84,294.86,2026-09-28,2014,2.3,nominal,0.6,N,N,VIIRS,near_real_time,Jharkhand,EAST_MINERAL_BELT,False,112094.6,Tata Steel Jamshedpur Works,steel_and_heavy_industry,national_tata_steel_jamshedpu,NON_INDUSTRIAL_RURAL,0.1,CLUSTER_180,0.052,3,58,False,18.97999999999996,,UNLABELED,UNVERIFIED,,,,,,16.81,LOW,NON_INDUSTRIAL_RURAL,ROUTINE_MONITORING_RECOMMENDED
1777,23.78212,86.39019,309.53,294.17,2026-09-28,2014,0.84,nominal,0.6,N,N,VIIRS,near_real_time,Jharkhand,EAST_MINERAL_BELT,False,112446.0,Tata Steel Jamshedpur Works,steel_and_heavy_industry,national_tata_steel_jamshedpu,NON_INDUSTRIAL_RURAL,0.1,CLUSTER_178,0.069,4,58,False,15.359999999999957,,UNLABELED,UNVERIFIED,,,,,,20.93,LOW,NON_INDUSTRIAL_RURAL,ROUTINE_MONITORING_RECOMMENDED
1778,23.78348,86.34126,309.6,294.59,2026-09-28,2014,2.04,nominal,0.6,N,N,VIIRS,near_real_time,Jharkhand,EAST_MINERAL_BELT,False,111844.6,Tata Steel Jamshedpur Works,steel_and_heavy_industry,national_tata_steel_jamshedpu,NON_INDUSTRIAL_RURAL,0.1,CLUSTER_176,0.052,3,58,False,15.010000000000048,,UNLABELED,UNVERIFIED,,,,,,16.72,LOW,NON_INDUSTRIAL_RURAL,ROUTINE_MONITORING_RECOMMENDED
1779,23.79495,86.23321,310.09,294.12,2026-09-28,2014,0.87,nominal,0.6,N,N,VIIRS,near_real_time,Jharkhand,EAST_MINERAL_BELT,False,112241.4,Tata Steel Jamshedpur Works,steel_and_heavy_industry,national_tata_steel_jamshedpu,NON_INDUSTRIAL_RURAL,0.1,CLUSTER_842,0.017,1,58,False,15.96999999999997,,UNLABELED,UNVERIFIED,,,,,,15.98,LOW,NON_INDUSTRIAL_RURAL,ROUTINE_MONITORING_RECOMMENDED
1780,23.79568,86.35191,324.98,295.43,2026-09-28,2014,3.0,nominal,0.6,N,N,VIIRS,near_real_time,Jharkhand,EAST_MINERAL_BELT,False,113334.6,Tata Steel Jamshedpur Works,steel_and_heavy_industry,national_tata_steel_jamshedpu,NON_INDUSTRIAL_RURAL,0.1,CLUSTER_182,0.052,3,58,False,29.55000000000001,,UNLABELED,UNVERIFIED,,,,,,18.55,LOW,NON_INDUSTRIAL_RURAL,ROUTINE_MONITORING_RECOMMENDED
1781,23.79634,86.28653,307.36,294.31,2026-09-28,2014,0.59,nominal,0.6,N,N,VIIRS,near_real_time,Jharkhand,EAST_MINERAL_BELT,False,112690.2,Tata Steel Jamshedpur Works,steel_and_heavy_industry,national_tata_steel_jamshedpu,NON_INDUSTRIAL_RURAL,0.1,CLUSTER_843,0.017,1,58,False,13.050000000000011,,UNLABELED,UNVERIFIED,,,,,,15.89,LOW,NON_INDUSTRIAL_RURAL,ROUTINE_MONITORING_RECOMMENDED
1782,23.80246,86.33274,315.25,295.0,2026-09-28,2014,2.6,nominal,0.6,N,N,VIIRS,near_real_time,Jharkhand,EAST_MINERAL_BELT,False,113831.4,Tata Steel Jamshedpur Works,steel_and_heavy_industry,national_tata_steel_jamshedpu,NON_INDUSTRIAL_RURAL,0.1,CLUSTER_183,0.069,4,58,False,20.25,,UNLABELED,UNVERIFIED,,,,,,22.0,LOW,NON_INDUSTRIAL_RURAL,ROUTINE_MONITORING_RECOMMENDED
1783,23.80313,86.32877,334.15,297.45,2026-09-28,2014,2.6,nominal,0.6,N,N,VIIRS,near_real_time,Jharkhand,EAST_MINERAL_BELT,False,113858.0,Tata Steel Jamshedpur Works,steel_and_heavy_industry,national_tata_steel_jamshedpu,NON_INDUSTRIAL_RURAL,0.1,CLUSTER_183,0.069,4,58,False,36.69999999999999,,UNLABELED,UNVERIFIED,,,,,,22.0,LOW,NON_INDUSTRIAL_RURAL,ROUTINE_MONITORING_RECOMMENDED
1784,23.80381,86.32483,307.17,295.26,2026-09-28,2014,1.81,nominal,0.6,N,N,VIIRS,near_real_time,Jharkhand,EAST_MINERAL_BELT,False,113887.6,Tata Steel Jamshedpur Works,steel_and_heavy_industry,national_tata_steel_jamshedpu,NON_INDUSTRIAL_RURAL,0.1,CLUSTER_183,0.069,4,58,False,11.910000000000025,,UNLABELED,UNVERIFIED,,,,,,22.0,LOW,NON_INDUSTRIAL_RURAL,ROUTINE_MONITORING_RECOMMENDED
1785,23.80527,86.64237,304.27,291.26,2026-09-28,2014,0.65,nominal,0.6,N,N,VIIRS,near_real_time,Jharkhand,EAST_MINERAL_BELT,False,121970.8,Tata Steel Jamshedpur Works,steel_and_heavy_industry,national_tata_steel_jamshedpu,NON_INDUSTRIAL_RURAL,0.1,CLUSTER_844,0.017,1,58,False,13.009999999999991,,UNLABELED,UNVERIFIED,,,,,,15.91,LOW,NON_INDUSTRIAL_RURAL,ROUTINE_MONITORING_RECOMMENDED
1786,23.80566,86.64387,305.17,291.31,2026-09-28,2014,0.57,nominal,0.6,N,N,VIIRS,near_real_time,Jharkhand,EAST_MINERAL_BELT,False,122067.7,Tata Steel Jamshedpur Works,steel_and_heavy_industry,national_tata_steel_jamshedpu,NON_INDUSTRIAL_RURAL,0.1,CLUSTER_844,0.017,1,58,False,13.860000000000014,,UNLABELED,UNVERIFIED,,,,,,15.91,LOW,NON_INDUSTRIAL_RURAL,ROUTINE_MONITORING_RECOMMENDED
1787,23.80652,86.32945,316.51,296.22,2026-09-28,2014,1.62,nominal,0.6,N,N,VIIRS,near_real_time,Jharkhand,EAST_MINERAL_BELT,False,114240.4,Tata Steel Jamshedpur Works,steel_and_heavy_industry,national_tata_steel_jamshedpu,NON_INDUSTRIAL_RURAL,0.1,CLUSTER_183,0.069,4,58,False,20.289999999999964,,UNLABELED,UNVERIFIED,,,,,,22.0,LOW,NON_INDUSTRIAL_RURAL,ROUTINE_MONITORING_RECOMMENDED
1788,23.81117,85.53251,307.58,293.23,2026-09-28,2014,0.7,nominal,0.6,N,N,VIIRS,near_real_time,Jharkhand,EAST_MINERAL_BELT,False,132743.3,Tata Steel Jamshedpur Works,steel_and_heavy_industry,national_tata_steel_jamshedpu,NON_INDUSTRIAL_RURAL,0.1,CLUSTER_845,0.017,1,58,False,14.349999999999966,,UNLABELED,UNVERIFIED,,,,,,15.92,LOW,NON_INDUSTRIAL_RURAL,ROUTINE_MONITORING_RECOMMENDED
1789,23.8235,85.4995,305.7,295.08,2026-09-28,2014,1.26,nominal,0.6,N,N,VIIRS,near_real_time,Jharkhand,EAST_MINERAL_BELT,False,135660.5,Tata Steel Jamshedpur Works,steel_and_heavy_industry,national_tata_steel_jamshedpu,NON_INDUSTRIAL_RURAL,0.1,CLUSTER_184,0.052,3,58,False,10.620000000000005,,UNLABELED,UNVERIFIED,,,,,,16.21,LOW,NON_INDUSTRIAL_RURAL,ROUTINE_MONITORING_RECOMMENDED
1790,23.82413,85.49568,306.08,295.49,2026-09-28,2014,1.19,nominal,0.6,N,N,VIIRS,near_real_time,Jharkhand,EAST_MINERAL_BELT,False,135925.0,Tata Steel Jamshedpur Works,steel_and_heavy_industry,national_tata_steel_jamshedpu,NON_INDUSTRIAL_RURAL,0.1,CLUSTER_184,0.052,3,58,False,10.589999999999975,,UNLABELED,UNVERIFIED,,,,,,16.21,LOW,NON_INDUSTRIAL_RURAL,ROUTINE_MONITORING_RECOMMENDED
1791,23.83851,85.47095,309.07,295.24,2026-09-28,2014,1.19,nominal,0.6,N,N,VIIRS,near_real_time,Jharkhand,EAST_MINERAL_BELT,False,138618.3,Tata Steel Jamshedpur Works,steel_and_heavy_industry,national_tata_steel_jamshedpu,NON_INDUSTRIAL_RURAL,0.1,CLUSTER_708,0.034,2,58,False,13.829999999999984,,UNLABELED,UNVERIFIED,,,,,,16.04,LOW,NON_INDUSTRIAL_RURAL,ROUTINE_MONITORING_RECOMMENDED
1792,23.9269,85.34258,307.93,293.16,2026-09-28,2014,0.77,nominal,0.6,N,N,VIIRS,near_real_time,Jharkhand,EAST_MINERAL_BELT,False,154030.7,Tata Steel Jamshedpur Works,steel_and_heavy_industry,national_tata_steel_jamshedpu,NON_INDUSTRIAL_RURAL,0.1,CLUSTER_709,0.034,2,58,False,14.769999999999982,,UNLABELED,UNVERIFIED,,,,,,15.95,LOW,NON_INDUSTRIAL_RURAL,ROUTINE_MONITORING_RECOMMENDED
1793,24.11447,86.86115,312.55,295.04,2026-09-28,2014,1.14,nominal,0.6,N,N,VIIRS,near_real_time,Jharkhand,EAST_MINERAL_BELT,False,162338.7,Tata Steel Jamshedpur Works,steel_and_heavy_industry,national_tata_steel_jamshedpu,NON_INDUSTRIAL_RURAL,0.1,CLUSTER_132,0.052,3,58,False,17.50999999999999,,UNLABELED,UNVERIFIED,,,,,,16.48,LOW,NON_INDUSTRIAL_RURAL,ROUTINE_MONITORING_RECOMMENDED
1794,25.03727,87.38943,310.53,294.58,2026-09-28,2014,1.29,nominal,0.6,N,N,VIIRS,near_real_time,Eastern India,ALL_INDIA,False,277939.8,Tata Steel Jamshedpur Works,steel_and_heavy_industry,national_tata_steel_jamshedpu,NON_INDUSTRIAL_RURAL,0.1,CLUSTER_189,0.034,2,58,False,15.949999999999989,,UNLABELED,UNVERIFIED,,,,,,16.13,LOW,NON_INDUSTRIAL_RURAL,ROUTINE_MONITORING_RECOMMENDED
1795,25.31033,83.01207,306.53,294.89,2026-09-28,2014,0.47,nominal,0.6,N,N,VIIRS,near_real_time,Central India,ALL_INDIA,False,391542.4,SAIL Rourkela Steel Plant,steel_and_heavy_industry,national_sail_rourkela_steel_,NON_INDUSTRIAL_RURAL,0.1,CLUSTER_846,0.017,1,58,False,11.639999999999986,,UNLABELED,UNVERIFIED,,,,,,15.87,LOW,NON_INDUSTRIAL_RURAL,ROUTINE_MONITORING_RECOMMENDED
1796,25.54025,91.23564,300.26,288.1,2026-09-28,2014,0.43,nominal,0.6,N,N,VIIRS,near_real_time,Eastern India,ALL_INDIA,False,502986.2,Haldia Petrochemicals Complex,chemical_petrochemical,national_haldia_petrochemical,NON_INDUSTRIAL_RURAL,0.1,CLUSTER_130,0.034,2,58,False,12.159999999999968,,UNLABELED,UNVERIFIED,,,,,,15.9,LOW,NON_INDUSTRIAL_RURAL,ROUTINE_MONITORING_RECOMMENDED
1797,26.64013,79.47669,308.84,292.44,2026-09-28,2014,1.08,nominal,0.6,N,N,VIIRS,near_real_time,Central India,ALL_INDIA,False,197356.7,IOCL Mathura Refinery,oil_refinery,national_iocl_mathura_refiner,NON_INDUSTRIAL_RURAL,0.1,CLUSTER_193,0.069,4,58,False,16.399999999999977,,UNLABELED,UNVERIFIED,,,,,,17.37,LOW,NON_INDUSTRIAL_RURAL,ROUTINE_MONITORING_RECOMMENDED
1798,27.32618,95.27929,308.63,290.8,2026-09-28,2014,0.71,nominal,0.6,N,N,VIIRS,near_real_time,Eastern India,ALL_INDIA,False,933449.3,Haldia Petrochemicals Complex,chemical_petrochemical,national_haldia_petrochemical,NON_INDUSTRIAL_RURAL,0.1,CLUSTER_830,0.017,1,58,False,17.829999999999984,,UNLABELED,UNVERIFIED,,,,,,15.93,LOW,NON_INDUSTRIAL_RURAL,ROUTINE_MONITORING_RECOMMENDED
1799,27.37614,95.08903,305.5,290.73,2026-09-28,2014,0.29,nominal,0.6,N,N,VIIRS,near_real_time,Eastern India,ALL_INDIA,False,922018.3,Haldia Petrochemicals Complex,chemical_petrochemical,national_haldia_petrochemical,NON_INDUSTRIAL_RURAL,0.1,CLUSTER_847,0.017,1,58,False,14.769999999999982,,UNLABELED,UNVERIFIED,,,,,,15.82,LOW,NON_INDUSTRIAL_RURAL,ROUTINE_MONITORING_RECOMMENDED
1800,27.37837,95.33486,312.58,291.18,2026-09-28,2014,0.74,nominal,0.6,N,N,VIIRS,near_real_time,Eastern India,ALL_INDIA,False,941333.3,Haldia Petrochemicals Complex,chemical_petrochemical,national_haldia_petrochemical,NON_INDUSTRIAL_RURAL,0.1,CLUSTER_651,0.034,2,58,False,21.399999999999977,,UNLABELED,UNVERIFIED,,,,,,16.4,LOW,NON_INDUSTRIAL_RURAL,ROUTINE_MONITORING_RECOMMENDED
1801,27.46024,95.47667,321.74,291.09,2026-09-28,2014,0.81,nominal,0.6,N,N,VIIRS,near_real_time,Eastern India,ALL_INDIA,False,957983.8,Haldia Petrochemicals Complex,chemical_petrochemical,national_haldia_petrochemical,NON_INDUSTRIAL_RURAL,0.1,CLUSTER_831,0.017,1,58,False,30.650000000000034,,UNLABELED,UNVERIFIED,,,,,,17.48,LOW,NON_INDUSTRIAL_RURAL,ROUTINE_MONITORING_RECOMMENDED
1802,28.34756,77.23086,304.91,290.53,2026-09-28,2014,1.22,nominal,0.6,N,N,VIIRS,near_real_time,Delhi NCR,NORTH_NCR,False,40610.5,NTPC Dadri Thermal Power Station,power_plant,national_ntpc_dadri_thermal_p,NON_INDUSTRIAL_RURAL,0.1,CLUSTER_848,0.017,1,58,False,14.380000000000052,,UNLABELED,UNVERIFIED,,,,,,16.05,LOW,NON_INDUSTRIAL_RURAL,ROUTINE_MONITORING_RECOMMENDED
1803,29.08395,88.00978,313.36,276.39,2026-09-28,2014,1.71,nominal,0.6,N,N,VIIRS,near_real_time,Northern India,ALL_INDIA,False,723250.6,Tata Steel Jamshedpur Works,steel_and_heavy_industry,national_tata_steel_jamshedpu,NON_INDUSTRIAL_RURAL,0.1,CLUSTER_655,0.034,2,58,False,36.97000000000003,,UNLABELED,UNVERIFIED,,,,,,16.61,LOW,NON_INDUSTRIAL_RURAL,ROUTINE_MONITORING_RECOMMENDED
1804,29.22443,88.35073,299.21,278.6,2026-09-28,2014,1.07,nominal,0.6,N,N,VIIRS,near_real_time,Northern India,ALL_INDIA,False,747410.7,Tata Steel Jamshedpur Works,steel_and_heavy_industry,national_tata_steel_jamshedpu,NON_INDUSTRIAL_RURAL,0.1,CLUSTER_286,0.052,3,58,False,20.609999999999957,,UNLABELED,UNVERIFIED,,,,,,16.02,LOW,NON_INDUSTRIAL_RURAL,ROUTINE_MONITORING_RECOMMENDED
1805,29.26162,91.92519,297.23,283.37,2026-09-28,2014,0.39,nominal,0.6,N,N,VIIRS,near_real_time,Northern India,ALL_INDIA,False,888858.4,Haldia Petrochemicals Complex,chemical_petrochemical,national_haldia_petrochemical,NON_INDUSTRIAL_RURAL,0.1,CLUSTER_287,0.052,3,58,False,13.860000000000014,,UNLABELED,UNVERIFIED,,,,,,16.31,LOW,NON_INDUSTRIAL_RURAL,ROUTINE_MONITORING_RECOMMENDED
1806,29.37524,91.14954,296.97,281.48,2026-09-28,2014,1.26,nominal,0.6,N,N,VIIRS,near_real_time,Northern India,ALL_INDIA,False,869859.5,Haldia Petrochemicals Complex,chemical_petrochemical,national_haldia_petrochemical,NON_INDUSTRIAL_RURAL,0.1,CLUSTER_288,0.052,3,58,False,15.490000000000009,,UNLABELED,UNVERIFIED,,,,,,16.46,LOW,NON_INDUSTRIAL_RURAL,ROUTINE_MONITORING_RECOMMENDED
1807,29.78619,91.60715,297.77,279.81,2026-09-28,2014,1.23,nominal,0.6,N,N,VIIRS,near_real_time,Northern India,ALL_INDIA,False,928905.0,Haldia Petrochemicals Complex,chemical_petrochemical,national_haldia_petrochemical,NON_INDUSTRIAL_RURAL,0.1,CLUSTER_849,0.017,1,58,False,17.95999999999998,,UNLABELED,UNVERIFIED,,,,,,16.05,LOW,NON_INDUSTRIAL_RURAL,ROUTINE_MONITORING_RECOMMENDED
1808,31.25778,76.92299,302.33,285.97,2026-09-28,2014,0.55,nominal,0.6,N,N,VIIRS,near_real_time,Northern India,ALL_INDIA,False,204796.8,IOCL Panipat Petrochemical Complex,oil_refinery,national_iocl_panipat_petroch,NON_INDUSTRIAL_RURAL,0.1,CLUSTER_135,0.069,4,58,False,16.359999999999957,,UNLABELED,UNVERIFIED,,,,,,16.1,LOW,NON_INDUSTRIAL_RURAL,ROUTINE_MONITORING_RECOMMENDED
1809,32.57754,72.56148,302.1,289.48,2026-09-28,2014,1.43,nominal,0.6,N,N,VIIRS,near_real_time,Northern India,ALL_INDIA,False,543946.7,IOCL Panipat Petrochemical Complex,oil_refinery,national_iocl_panipat_petroch,NON_INDUSTRIAL_RURAL,0.1,CLUSTER_137,0.069,4,58,False,12.620000000000005,,UNLABELED,UNVERIFIED,,,,,,16.68,LOW,NON_INDUSTRIAL_RURAL,ROUTINE_MONITORING_RECOMMENDED
1810,17.46311,80.65417,312.29,294.55,2026-09-28,2017,1.59,nominal,0.6,N,N,VIIRS,near_real_time,Andhra Pradesh,SOUTH_CORRIDOR,False,275683.6,HPCL Visakhapatnam Refinery,oil_refinery,national_hpcl_visakhapatnam_r,NON_INDUSTRIAL_RURAL,0.1,CLUSTER_850,0.017,1,58,False,17.74000000000001,,UNLABELED,UNVERIFIED,,,,,,16.44,LOW,NON_INDUSTRIAL_RURAL,ROUTINE_MONITORING_RECOMMENDED
1811,17.53288,83.00233,316.93,294.35,2026-09-28,2017,2.12,nominal,0.6,N,N,VIIRS,near_real_time,Andhra Pradesh,SOUTH_CORRIDOR,False,30886.2,HPCL Visakhapatnam Refinery,oil_refinery,national_hpcl_visakhapatnam_r,NON_INDUSTRIAL_RURAL,0.1,CLUSTER_851,0.017,1,58,False,22.579999999999984,,UNLABELED,UNVERIFIED,,,,,,17.17,LOW,NON_INDUSTRIAL_RURAL,ROUTINE_MONITORING_RECOMMENDED
1812,17.58416,80.3184,306.54,294.66,2026-09-28,2017,0.76,nominal,0.6,N,N,VIIRS,near_real_time,Andhra Pradesh,SOUTH_CORRIDOR,False,310240.7,HPCL Visakhapatnam Refinery,oil_refinery,national_hpcl_visakhapatnam_r,NON_INDUSTRIAL_RURAL,0.1,CLUSTER_852,0.017,1,58,False,11.879999999999995,,UNLABELED,UNVERIFIED,,,,,,15.94,LOW,NON_INDUSTRIAL_RURAL,ROUTINE_MONITORING_RECOMMENDED
1813,17.60452,83.18895,309.24,294.22,2026-09-28,2017,1.84,nominal,0.6,N,N,VIIRS,near_real_time,Andhra Pradesh,SOUTH_CORRIDOR,False,10840.2,HPCL Visakhapatnam Refinery,oil_refinery,national_hpcl_visakhapatnam_r,NON_INDUSTRIAL_RURAL,0.1,CLUSTER_853,0.017,1,58,False,15.019999999999982,,UNLABELED,UNVERIFIED,,,,,,16.2,LOW,NON_INDUSTRIAL_RURAL,ROUTINE_MONITORING_RECOMMENDED
1814,17.60611,83.20035,310.47,293.82,2026-09-28,2017,1.76,nominal,0.6,N,N,VIIRS,near_real_time,Andhra Pradesh,SOUTH_CORRIDOR,False,10049.8,HPCL Visakhapatnam Refinery,oil_refinery,national_hpcl_visakhapatnam_r,NON_INDUSTRIAL_RURAL,0.1,CLUSTER_812,0.017,1,58,False,16.650000000000034,,UNLABELED,UNVERIFIED,,,,,,19.51,LOW,NON_INDUSTRIAL_RURAL,ROUTINE_MONITORING_RECOMMENDED
1815,17.60884,83.20452,316.69,294.47,2026-09-28,2017,1.76,nominal,0.6,N,N,VIIRS,near_real_time,Andhra Pradesh,SOUTH_CORRIDOR,False,9570.5,HPCL Visakhapatnam Refinery,oil_refinery,national_hpcl_visakhapatnam_r,NON_INDUSTRIAL_RURAL,0.1,CLUSTER_812,0.017,1,58,False,22.21999999999997,,UNLABELED,UNVERIFIED,,,,,,19.51,LOW,NON_INDUSTRIAL_RURAL,ROUTINE_MONITORING_RECOMMENDED
1816,17.61216,83.20511,314.95,294.1,2026-09-28,2017,1.86,nominal,0.6,N,N,VIIRS,near_real_time,Andhra Pradesh,SOUTH_CORRIDOR,False,9216.3,HPCL Visakhapatnam Refinery,oil_refinery,national_hpcl_visakhapatnam_r,NON_INDUSTRIAL_RURAL,0.1,CLUSTER_812,0.017,1,58,False,20.849999999999966,,UNLABELED,UNVERIFIED,,,,,,19.51,LOW,NON_INDUSTRIAL_RURAL,ROUTINE_MONITORING_RECOMMENDED
1817,17.61446,83.19067,306.1,293.7,2026-09-28,2017,1.72,nominal,0.6,N,N,VIIRS,near_real_time,Andhra Pradesh,SOUTH_CORRIDOR,False,9837.2,HPCL Visakhapatnam Refinery,oil_refinery,national_hpcl_visakhapatnam_r,NON_INDUSTRIAL_RURAL,0.1,CLUSTER_854,0.017,1,58,False,12.400000000000034,,UNLABELED,UNVERIFIED,,,,,,16.17,LOW,NON_INDUSTRIAL_RURAL,ROUTINE_MONITORING_RECOMMENDED
1818,17.95708,80.79752,313.04,294.18,2026-09-28,2017,1.89,nominal,0.6,N,N,VIIRS,near_real_time,Andhra Pradesh,SOUTH_CORRIDOR,False,260669.7,HPCL Visakhapatnam Refinery,oil_refinery,national_hpcl_visakhapatnam_r,NON_INDUSTRIAL_RURAL,0.1,CLUSTER_737,0.034,2,58,False,18.860000000000014,,UNLABELED,UNVERIFIED,,,,,,17.71,LOW,NON_INDUSTRIAL_RURAL,ROUTINE_MONITORING_RECOMMENDED
1819,17.95766,80.79356,307.06,293.26,2026-09-28,2017,2.09,nominal,0.6,N,N,VIIRS,near_real_time,Andhra Pradesh,SOUTH_CORRIDOR,False,261093.1,HPCL Visakhapatnam Refinery,oil_refinery,national_hpcl_visakhapatnam_r,NON_INDUSTRIAL_RURAL,0.1,CLUSTER_737,0.034,2,58,False,13.800000000000011,,UNLABELED,UNVERIFIED,,,,,,17.71,LOW,NON_INDUSTRIAL_RURAL,ROUTINE_MONITORING_RECOMMENDED
1820,17.98474,80.82625,309.58,294.18,2026-09-28,2017,2.48,nominal,0.6,N,N,VIIRS,near_real_time,Andhra Pradesh,SOUTH_CORRIDOR,False,258000.5,HPCL Visakhapatnam Refinery,oil_refinery,national_hpcl_visakhapatnam_r,NON_INDUSTRIAL_RURAL,0.1,CLUSTER_855,0.017,1,58,False,15.399999999999977,,UNLABELED,UNVERIFIED,,,,,,16.36,LOW,NON_INDUSTRIAL_RURAL,ROUTINE_MONITORING_RECOMMENDED
1821,18.6839,73.03446,303.44,289.31,2026-09-28,2017,2.37,nominal,0.6,N,N,VIIRS,near_real_time,Maharashtra,WEST_MAHARASHTRA,False,27290.0,Rasayani Petrochemical Complex,chemical_petrochemical,national_rasayani_petrochemic,NON_INDUSTRIAL_RURAL,0.1,CLUSTER_390,0.052,3,58,False,14.129999999999995,,UNLABELED,UNVERIFIED,,,,,,16.61,LOW,NON_INDUSTRIAL_RURAL,ROUTINE_MONITORING_RECOMMENDED
1822,18.6843,73.03053,311.71,289.07,2026-09-28,2017,1.95,nominal,0.6,N,N,VIIRS,near_real_time,Maharashtra,WEST_MAHARASHTRA,False,27465.3,Rasayani Petrochemical Complex,chemical_petrochemical,national_rasayani_petrochemic,NON_INDUSTRIAL_RURAL,0.1,CLUSTER_390,0.052,3,58,False,22.639999999999986,,UNLABELED,UNVERIFIED,,,,,,16.61,LOW,NON_INDUSTRIAL_RURAL,ROUTINE_MONITORING_RECOMMENDED
1823,18.69471,73.03976,305.41,288.69,2026-09-28,2017,0.58,nominal,0.6,N,N,VIIRS,near_real_time,Maharashtra,WEST_MAHARASHTRA,False,25971.6,Rasayani Petrochemical Complex,chemical_petrochemical,national_rasayani_petrochemic,NON_INDUSTRIAL_RURAL,0.1,CLUSTER_393,0.052,3,58,False,16.720000000000027,,UNLABELED,UNVERIFIED,,,,,,16.85,LOW,NON_INDUSTRIAL_RURAL,ROUTINE_MONITORING_RECOMMENDED
1824,18.72098,79.53907,314.02,296.73,2026-09-28,2017,2.52,nominal,0.6,N,N,VIIRS,near_real_time,Central India,ALL_INDIA,False,333686.8,SAIL Bhilai Steel Plant,steel_and_heavy_industry,national_sail_bhilai_steel_pl,NON_INDUSTRIAL_RURAL,0.1,CLUSTER_739,0.034,2,58,False,17.289999999999964,,UNLABELED,UNVERIFIED,,,,,,16.97,LOW,NON_INDUSTRIAL_RURAL,ROUTINE_MONITORING_RECOMMENDED
1825,19.09062,82.16976,303.59,292.65,2026-09-28,2017,1.04,nominal,0.6,N,N,VIIRS,near_real_time,Central India,ALL_INDIA,False,192339.8,HPCL Visakhapatnam Refinery,oil_refinery,national_hpcl_visakhapatnam_r,NON_INDUSTRIAL_RURAL,0.1,CLUSTER_555,0.034,2,58,False,10.939999999999998,,UNLABELED,UNVERIFIED,,,,,,20.04,LOW,NON_INDUSTRIAL_RURAL,ROUTINE_MONITORING_RECOMMENDED
1826,19.09397,82.17033,331.66,295.11,2026-09-28,2017,2.68,nominal,0.6,N,N,VIIRS,near_real_time,Central India,ALL_INDIA,False,192604.4,HPCL Visakhapatnam Refinery,oil_refinery,national_hpcl_visakhapatnam_r,NON_INDUSTRIAL_RURAL,0.1,CLUSTER_555,0.034,2,58,False,36.55000000000001,,UNLABELED,UNVERIFIED,,,,,,20.04,LOW,NON_INDUSTRIAL_RURAL,ROUTINE_MONITORING_RECOMMENDED
1827,19.09789,82.16715,327.06,293.63,2026-09-28,2017,3.02,nominal,0.6,N,N,VIIRS,near_real_time,Central India,ALL_INDIA,False,193153.5,HPCL Visakhapatnam Refinery,oil_refinery,national_hpcl_visakhapatnam_r,NON_INDUSTRIAL_RURAL,0.1,CLUSTER_555,0.034,2,58,False,33.43000000000001,,UNLABELED,UNVERIFIED,,,,,,20.04,LOW,NON_INDUSTRIAL_RURAL,ROUTINE_MONITORING_RECOMMENDED
1828,19.10124,82.16772,305.21,293.55,2026-09-28,2017,1.33,nominal,0.6,N,N,VIIRS,near_real_time,Central India,ALL_INDIA,False,193418.5,HPCL Visakhapatnam Refinery,oil_refinery,national_hpcl_visakhapatnam_r,NON_INDUSTRIAL_RURAL,0.1,CLUSTER_555,0.034,2,58,False,11.659999999999968,,UNLABELED,UNVERIFIED,,,,,,20.04,LOW,NON_INDUSTRIAL_RURAL,ROUTINE_MONITORING_RECOMMENDED
1829,19.78505,79.14864,306.81,295.32,2026-09-28,2017,1.38,nominal,0.6,N,N,VIIRS,near_real_time,Central India,ALL_INDIA,False,278789.5,SAIL Bhilai Steel Plant,steel_and_heavy_industry,national_sail_bhilai_steel_pl,NON_INDUSTRIAL_RURAL,0.1,CLUSTER_209,0.052,3,58,False,11.490000000000009,,UNLABELED,UNVERIFIED,,,,,,16.52,LOW,NON_INDUSTRIAL_RURAL,ROUTINE_MONITORING_RECOMMENDED
1830,19.96372,79.33511,312.11,294.79,2026-09-28,2017,2.05,nominal,0.6,N,N,VIIRS,near_real_time,Central India,ALL_INDIA,False,251571.6,SAIL Bhilai Steel Plant,steel_and_heavy_industry,national_sail_bhilai_steel_pl,NON_INDUSTRIAL_RURAL,0.1,CLUSTER_657,0.034,2,58,False,17.319999999999993,,UNLABELED,UNVERIFIED,,,,,,17.24,LOW,NON_INDUSTRIAL_RURAL,ROUTINE_MONITORING_RECOMMENDED
1831,20.75938,85.29865,324.92,294.87,2026-09-28,2017,1.83,nominal,0.6,N,N,VIIRS,near_real_time,Odisha,EAST_MINERAL_BELT,False,147511.3,IOCL Paradip Refinery Complex,oil_refinery,national_iocl_paradip_refiner,NON_INDUSTRIAL_RURAL,0.1,CLUSTER_659,0.052,3,58,False,30.05000000000001,,UNLABELED,UNVERIFIED,,,,,,19.7,LOW,NON_INDUSTRIAL_RURAL,ROUTINE_MONITORING_RECOMMENDED
1832,20.76002,85.29483,311.75,294.02,2026-09-28,2017,1.83,nominal,0.6,N,N,VIIRS,near_real_time,Odisha,EAST_MINERAL_BELT,False,147908.4,IOCL Paradip Refinery Complex,oil_refinery,national_iocl_paradip_refiner,NON_INDUSTRIAL_RURAL,0.1,CLUSTER_659,0.052,3,58,False,17.730000000000018,,UNLABELED,UNVERIFIED,,,,,,19.7,LOW,NON_INDUSTRIAL_RURAL,ROUTINE_MONITORING_RECOMMENDED
1833,20.76065,85.29102,311.91,293.57,2026-09-28,2017,1.18,nominal,0.6,N,N,VIIRS,near_real_time,Odisha,EAST_MINERAL_BELT,False,148304.2,IOCL Paradip Refinery Complex,oil_refinery,national_iocl_paradip_refiner,NON_INDUSTRIAL_RURAL,0.1,CLUSTER_659,0.052,3,58,False,18.340000000000032,,UNLABELED,UNVERIFIED,,,,,,19.7,LOW,NON_INDUSTRIAL_RURAL,ROUTINE_MONITORING_RECOMMENDED
1834,20.77427,85.3402,305.56,293.06,2026-09-28,2017,0.85,nominal,0.6,N,N,VIIRS,near_real_time,Odisha,EAST_MINERAL_BELT,False,144068.7,IOCL Paradip Refinery Complex,oil_refinery,national_iocl_paradip_refiner,NON_INDUSTRIAL_RURAL,0.1,CLUSTER_660,0.034,2,58,False,12.5,,UNLABELED,UNVERIFIED,,,,,,16.01,LOW,NON_INDUSTRIAL_RURAL,ROUTINE_MONITORING_RECOMMENDED
1835,20.78383,85.26303,307.66,293.62,2026-09-28,2017,1.89,nominal,0.6,N,N,VIIRS,near_real_time,Odisha,EAST_MINERAL_BELT,False,151932.1,IOCL Paradip Refinery Complex,oil_refinery,national_iocl_paradip_refiner,NON_INDUSTRIAL_RURAL,0.1,CLUSTER_558,0.052,3,58,False,14.04000000000002,,UNLABELED,UNVERIFIED,,,,,,22.76,LOW,NON_INDUSTRIAL_RURAL,ROUTINE_MONITORING_RECOMMENDED
1836,20.78512,85.25539,307.3,293.77,2026-09-28,2017,1.44,nominal,0.6,N,N,VIIRS,near_real_time,Odisha,EAST_MINERAL_BELT,False,152725.5,IOCL Paradip Refinery Complex,oil_refinery,national_iocl_paradip_refiner,NON_INDUSTRIAL_RURAL,0.1,CLUSTER_558,0.052,3,58,False,13.53000000000003,,UNLABELED,UNVERIFIED,,,,,,22.76,LOW,NON_INDUSTRIAL_RURAL,ROUTINE_MONITORING_RECOMMENDED
1837,20.78655,85.26749,311.91,294.18,2026-09-28,2017,1.27,nominal,0.6,N,N,VIIRS,near_real_time,Odisha,EAST_MINERAL_BELT,False,151607.1,IOCL Paradip Refinery Complex,oil_refinery,national_iocl_paradip_refiner,NON_INDUSTRIAL_RURAL,0.1,CLUSTER_558,0.052,3,58,False,17.730000000000018,,UNLABELED,UNVERIFIED,,,,,,22.76,LOW,NON_INDUSTRIAL_RURAL,ROUTINE_MONITORING_RECOMMENDED
1838,20.78784,85.25984,315.46,294.41,2026-09-28,2017,1.75,nominal,0.6,N,N,VIIRS,near_real_time,Odisha,EAST_MINERAL_BELT,False,152401.0,IOCL Paradip Refinery Complex,oil_refinery,national_iocl_paradip_refiner,NON_INDUSTRIAL_RURAL,0.1,CLUSTER_558,0.052,3,58,False,21.049999999999955,,UNLABELED,UNVERIFIED,,,,,,22.76,LOW,NON_INDUSTRIAL_RURAL,ROUTINE_MONITORING_RECOMMENDED
1839,20.79121,85.26048,309.84,294.48,2026-09-28,2017,1.75,nominal,0.6,N,N,VIIRS,near_real_time,Odisha,EAST_MINERAL_BELT,False,152473.3,IOCL Paradip Refinery Complex,oil_refinery,national_iocl_paradip_refiner,NON_INDUSTRIAL_RURAL,0.1,CLUSTER_558,0.052,3,58,False,15.359999999999957,,UNLABELED,UNVERIFIED,,,,,,22.76,LOW,NON_INDUSTRIAL_RURAL,ROUTINE_MONITORING_RECOMMENDED
1840,20.7925,85.25282,327.5,293.32,2026-09-28,2017,4.84,nominal,0.6,N,N,VIIRS,near_real_time,Odisha,EAST_MINERAL_BELT,False,153268.0,IOCL Paradip Refinery Complex,oil_refinery,national_iocl_paradip_refiner,NON_INDUSTRIAL_RURAL,0.1,CLUSTER_558,0.052,3,58,False,34.18000000000001,,UNLABELED,UNVERIFIED,,,,,,22.76,LOW,NON_INDUSTRIAL_RURAL,ROUTINE_MONITORING_RECOMMENDED
1841,20.79522,85.25728,308.29,293.15,2026-09-28,2017,3.48,nominal,0.6,N,N,VIIRS,near_real_time,Odisha,EAST_MINERAL_BELT,False,152944.5,IOCL Paradip Refinery Complex,oil_refinery,national_iocl_paradip_refiner,NON_INDUSTRIAL_RURAL,0.1,CLUSTER_558,0.052,3,58,False,15.140000000000043,,UNLABELED,UNVERIFIED,,,,,,22.76,LOW,NON_INDUSTRIAL_RURAL,ROUTINE_MONITORING_RECOMMENDED
1842,20.79587,85.25346,345.25,295.04,2026-09-28,2017,3.48,nominal,0.6,N,N,VIIRS,near_real_time,Odisha,EAST_MINERAL_BELT,False,153340.8,IOCL Paradip Refinery Complex,oil_refinery,national_iocl_paradip_refiner,NON_INDUSTRIAL_RURAL,0.1,CLUSTER_558,0.052,3,58,False,50.20999999999998,,UNLABELED,UNVERIFIED,,,,,,22.76,LOW,NON_INDUSTRIAL_RURAL,ROUTINE_MONITORING_RECOMMENDED
1843,20.79859,85.25793,329.6,293.68,2026-09-28,2017,3.48,nominal,0.6,N,N,VIIRS,near_real_time,Odisha,EAST_MINERAL_BELT,False,153017.5,IOCL Paradip Refinery Complex,oil_refinery,national_iocl_paradip_refiner,NON_INDUSTRIAL_RURAL,0.1,CLUSTER_558,0.052,3,58,False,35.920000000000016,,UNLABELED,UNVERIFIED,,,,,,22.76,LOW,NON_INDUSTRIAL_RURAL,ROUTINE_MONITORING_RECOMMENDED
1844,20.80532,85.25921,312.25,293.75,2026-09-28,2017,1.61,nominal,0.6,N,N,VIIRS,near_real_time,Odisha,EAST_MINERAL_BELT,False,153167.8,IOCL Paradip Refinery Complex,oil_refinery,national_iocl_paradip_refiner,NON_INDUSTRIAL_RURAL,0.1,CLUSTER_558,0.052,3,58,False,18.5,,UNLABELED,UNVERIFIED,,,,,,22.76,LOW,NON_INDUSTRIAL_RURAL,ROUTINE_MONITORING_RECOMMENDED
1845,20.80596,85.25539,317.12,294.62,2026-09-28,2017,1.61,nominal,0.6,N,N,VIIRS,near_real_time,Odisha,EAST_MINERAL_BELT,False,161546.5,SAIL Rourkela Steel Plant,steel_and_heavy_industry,national_sail_rourkela_steel_,NON_INDUSTRIAL_RURAL,0.1,CLUSTER_558,0.052,3,58,False,22.5,,UNLABELED,UNVERIFIED,,,,,,22.76,LOW,NON_INDUSTRIAL_RURAL,ROUTINE_MONITORING_RECOMMENDED
1846,20.80933,85.25603,313.82,294.23,2026-09-28,2017,1.68,nominal,0.6,N,N,VIIRS,near_real_time,Odisha,EAST_MINERAL_BELT,False,161199.5,SAIL Rourkela Steel Plant,steel_and_heavy_industry,national_sail_rourkela_steel_,NON_INDUSTRIAL_RURAL,0.1,CLUSTER_558,0.052,3,58,False,19.589999999999975,,UNLABELED,UNVERIFIED,,,,,,22.76,LOW,NON_INDUSTRIAL_RURAL,ROUTINE_MONITORING_RECOMMENDED
1847,20.86316,84.99596,317.8,293.3,2026-09-28,2017,1.67,nominal,0.6,N,N,VIIRS,near_real_time,Odisha,EAST_MINERAL_BELT,False,150768.4,SAIL Rourkela Steel Plant,steel_and_heavy_industry,national_sail_rourkela_steel_,NON_INDUSTRIAL_RURAL,0.1,CLUSTER_559,0.034,2,58,False,24.5,,UNLABELED,UNVERIFIED,,,,,,21.95,LOW,NON_INDUSTRIAL_RURAL,ROUTINE_MONITORING_RECOMMENDED
1848,20.86379,84.99218,318.89,294.4,2026-09-28,2017,1.67,nominal,0.6,N,N,VIIRS,near_real_time,Odisha,EAST_MINERAL_BELT,False,150665.5,SAIL Rourkela Steel Plant,steel_and_heavy_industry,national_sail_rourkela_steel_,NON_INDUSTRIAL_RURAL,0.1,CLUSTER_559,0.034,2,58,False,24.49000000000001,,UNLABELED,UNVERIFIED,,,,,,21.95,LOW,NON_INDUSTRIAL_RURAL,ROUTINE_MONITORING_RECOMMENDED
1849,20.86442,84.9884,337.74,295.43,2026-09-28,2017,3.98,nominal,0.6,N,N,VIIRS,near_real_time,Odisha,EAST_MINERAL_BELT,False,150563.5,SAIL Rourkela Steel Plant,steel_and_heavy_industry,national_sail_rourkela_steel_,NON_INDUSTRIAL_RURAL,0.1,CLUSTER_559,0.034,2,58,False,42.31,,UNLABELED,UNVERIFIED,,,,,,21.95,LOW,NON_INDUSTRIAL_RURAL,ROUTINE_MONITORING_RECOMMENDED
1850,20.86651,84.99659,314.34,294.07,2026-09-28,2017,2.8,nominal,0.6,N,N,VIIRS,near_real_time,Odisha,EAST_MINERAL_BELT,False,150402.9,SAIL Rourkela Steel Plant,steel_and_heavy_industry,national_sail_rourkela_steel_,NON_INDUSTRIAL_RURAL,0.1,CLUSTER_559,0.034,2,58,False,20.269999999999982,,UNLABELED,UNVERIFIED,,,,,,21.95,LOW,NON_INDUSTRIAL_RURAL,ROUTINE_MONITORING_RECOMMENDED
1851,20.86777,84.989,314.34,294.98,2026-09-28,2017,1.45,nominal,0.6,N,N,VIIRS,near_real_time,Odisha,EAST_MINERAL_BELT,False,150197.3,SAIL Rourkela Steel Plant,steel_and_heavy_industry,national_sail_rourkela_steel_,NON_INDUSTRIAL_RURAL,0.1,CLUSTER_559,0.034,2,58,False,19.359999999999957,,UNLABELED,UNVERIFIED,,,,,,21.95,LOW,NON_INDUSTRIAL_RURAL,ROUTINE_MONITORING_RECOMMENDED
1852,20.87446,84.99026,304.99,292.58,2026-09-28,2017,0.86,nominal,0.6,N,N,VIIRS,near_real_time,Odisha,EAST_MINERAL_BELT,False,149466.6,SAIL Rourkela Steel Plant,steel_and_heavy_industry,national_sail_rourkela_steel_,NON_INDUSTRIAL_RURAL,0.1,CLUSTER_559,0.034,2,58,False,12.410000000000025,,UNLABELED,UNVERIFIED,,,,,,21.95,LOW,NON_INDUSTRIAL_RURAL,ROUTINE_MONITORING_RECOMMENDED
1853,20.88574,84.98464,319.44,293.81,2026-09-28,2017,1.94,nominal,0.6,N,N,VIIRS,near_real_time,Odisha,EAST_MINERAL_BELT,False,148169.2,SAIL Rourkela Steel Plant,steel_and_heavy_industry,national_sail_rourkela_steel_,NON_INDUSTRIAL_RURAL,0.1,CLUSTER_560,0.034,2,58,False,25.629999999999995,,UNLABELED,UNVERIFIED,,,,,,20.43,LOW,NON_INDUSTRIAL_RURAL,ROUTINE_MONITORING_RECOMMENDED
1854,20.88636,84.98087,317.39,293.49,2026-09-28,2017,1.94,nominal,0.6,N,N,VIIRS,near_real_time,Odisha,EAST_MINERAL_BELT,False,148069.9,SAIL Rourkela Steel Plant,steel_and_heavy_industry,national_sail_rourkela_steel_,NON_INDUSTRIAL_RURAL,0.1,CLUSTER_560,0.034,2,58,False,23.899999999999977,,UNLABELED,UNVERIFIED,,,,,,20.43,LOW,NON_INDUSTRIAL_RURAL,ROUTINE_MONITORING_RECOMMENDED
1855,20.88971,84.9815,332.22,294.04,2026-09-28,2017,3.83,nominal,0.6,N,N,VIIRS,near_real_time,Odisha,EAST_MINERAL_BELT,False,147703.6,SAIL Rourkela Steel Plant,steel_and_heavy_industry,national_sail_rourkela_steel_,NON_INDUSTRIAL_RURAL,0.1,CLUSTER_560,0.034,2,58,False,38.18000000000001,,UNLABELED,UNVERIFIED,,,,,,20.43,LOW,NON_INDUSTRIAL_RURAL,ROUTINE_MONITORING_RECOMMENDED
1856,20.94245,86.06287,315.31,294.52,2026-09-28,2017,2.81,nominal,0.6,N,N,VIIRS,near_real_time,Odisha,EAST_MINERAL_BELT,False,92875.3,IOCL Paradip Refinery Complex,oil_refinery,national_iocl_paradip_refiner,NON_INDUSTRIAL_RURAL,0.1,CLUSTER_856,0.017,1,58,False,20.79000000000002,,UNLABELED,UNVERIFIED,,,,,,17.13,LOW,NON_INDUSTRIAL_RURAL,ROUTINE_MONITORING_RECOMMENDED
1857,20.95277,86.04405,331.78,294.12,2026-09-28,2017,4.43,nominal,0.6,N,N,VIIRS,near_real_time,Odisha,EAST_MINERAL_BELT,False,95003.6,IOCL Paradip Refinery Complex,oil_refinery,national_iocl_paradip_refiner,NON_INDUSTRIAL_RURAL,0.1,CLUSTER_561,0.034,2,58,False,37.65999999999997,,UNLABELED,UNVERIFIED,,,,,,20.23,LOW,NON_INDUSTRIAL_RURAL,ROUTINE_MONITORING_RECOMMENDED
1858,20.955,85.01239,308.57,293.97,2026-09-28,2017,1.87,nominal,0.6,N,N,VIIRS,near_real_time,Odisha,EAST_MINERAL_BELT,False,140763.3,SAIL Rourkela Steel Plant,steel_and_heavy_industry,national_sail_rourkela_steel_,NON_INDUSTRIAL_RURAL,0.1,CLUSTER_662,0.034,2,58,False,14.599999999999966,,UNLABELED,UNVERIFIED,,,,,,16.21,LOW,NON_INDUSTRIAL_RURAL,ROUTINE_MONITORING_RECOMMENDED
1859,20.95553,86.04874,307.77,294.29,2026-09-28,2017,2.13,nominal,0.6,N,N,VIIRS,near_real_time,Odisha,EAST_MINERAL_BELT,False,94930.2,IOCL Paradip Refinery Complex,oil_refinery,national_iocl_paradip_refiner,NON_INDUSTRIAL_RURAL,0.1,CLUSTER_561,0.034,2,58,False,13.479999999999961,,UNLABELED,UNVERIFIED,,,,,,20.23,LOW,NON_INDUSTRIAL_RURAL,ROUTINE_MONITORING_RECOMMENDED
1860,20.95835,85.01302,306.74,294.48,2026-09-28,2017,1.64,nominal,0.6,N,N,VIIRS,near_real_time,Odisha,EAST_MINERAL_BELT,False,140399.6,SAIL Rourkela Steel Plant,steel_and_heavy_industry,national_sail_rourkela_steel_,NON_INDUSTRIAL_RURAL,0.1,CLUSTER_662,0.034,2,58,False,12.259999999999991,,UNLABELED,UNVERIFIED,,,,,,16.21,LOW,NON_INDUSTRIAL_RURAL,ROUTINE_MONITORING_RECOMMENDED
1861,20.96076,85.18537,307.06,294.27,2026-09-28,2017,1.72,nominal,0.6,N,N,VIIRS,near_real_time,Odisha,EAST_MINERAL_BELT,False,143103.7,SAIL Rourkela Steel Plant,steel_and_heavy_industry,national_sail_rourkela_steel_,NON_INDUSTRIAL_RURAL,0.1,CLUSTER_563,0.052,3,58,False,12.79000000000002,,UNLABELED,UNVERIFIED,,,,,,23.07,LOW,NON_INDUSTRIAL_RURAL,ROUTINE_MONITORING_RECOMMENDED
1862,20.96235,86.00869,329.72,293.9,2026-09-28,2017,2.5,nominal,0.6,N,N,VIIRS,near_real_time,Odisha,EAST_MINERAL_BELT,False,98196.7,IOCL Paradip Refinery Complex,oil_refinery,national_iocl_paradip_refiner,NON_INDUSTRIAL_RURAL,0.1,CLUSTER_562,0.034,2,58,False,35.82000000000005,,UNLABELED,UNVERIFIED,,,,,,23.14,LOW,NON_INDUSTRIAL_RURAL,ROUTINE_MONITORING_RECOMMENDED
1863,20.96266,85.17397,323.63,294.95,2026-09-28,2017,3.06,nominal,0.6,N,N,VIIRS,near_real_time,Odisha,EAST_MINERAL_BELT,False,142633.7,SAIL Rourkela Steel Plant,steel_and_heavy_industry,national_sail_rourkela_steel_,NON_INDUSTRIAL_RURAL,0.1,CLUSTER_563,0.052,3,58,False,28.680000000000007,,UNLABELED,UNVERIFIED,,,,,,23.07,LOW,NON_INDUSTRIAL_RURAL,ROUTINE_MONITORING_RECOMMENDED
1864,20.96304,86.00468,315.69,293.59,2026-09-28,2017,3.55,nominal,0.6,N,N,VIIRS,near_real_time,Odisha,EAST_MINERAL_BELT,False,98527.9,IOCL Paradip Refinery Complex,oil_refinery,national_iocl_paradip_refiner,NON_INDUSTRIAL_RURAL,0.1,CLUSTER_562,0.034,2,58,False,22.100000000000023,,UNLABELED,UNVERIFIED,,,,,,23.14,LOW,NON_INDUSTRIAL_RURAL,ROUTINE_MONITORING_RECOMMENDED
1865,20.96329,85.17017,308.94,294.53,2026-09-28,2017,2.06,nominal,0.6,N,N,VIIRS,near_real_time,Odisha,EAST_MINERAL_BELT,False,142479.6,SAIL Rourkela Steel Plant,steel_and_heavy_industry,national_sail_rourkela_steel_,NON_INDUSTRIAL_RURAL,0.1,CLUSTER_563,0.052,3,58,False,14.410000000000025,,UNLABELED,UNVERIFIED,,,,,,23.07,LOW,NON_INDUSTRIAL_RURAL,ROUTINE_MONITORING_RECOMMENDED
1866,20.96348,85.18983,334.05,296.76,2026-09-28,2017,3.66,nominal,0.6,N,N,VIIRS,near_real_time,Odisha,EAST_MINERAL_BELT,False,142915.7,SAIL Rourkela Steel Plant,steel_and_heavy_industry,national_sail_rourkela_steel_,NON_INDUSTRIAL_RURAL,0.1,CLUSTER_563,0.052,3,58,False,37.29000000000002,,UNLABELED,UNVERIFIED,,,,,,23.07,LOW,NON_INDUSTRIAL_RURAL,ROUTINE_MONITORING_RECOMMENDED
1867,20.96392,85.16637,319.39,294.91,2026-09-28,2017,2.06,nominal,0.6,N,N,VIIRS,near_real_time,Odisha,EAST_MINERAL_BELT,False,142326.4,SAIL Rourkela Steel Plant,steel_and_heavy_industry,national_sail_rourkela_steel_,NON_INDUSTRIAL_RURAL,0.1,CLUSTER_563,0.052,3,58,False,24.47999999999996,,UNLABELED,UNVERIFIED,,,,,,23.07,LOW,NON_INDUSTRIAL_RURAL,ROUTINE_MONITORING_RECOMMENDED
1868,20.96412,85.18601,327.88,295.3,2026-09-28,2017,2.24,nominal,0.6,N,N,VIIRS,near_real_time,Odisha,EAST_MINERAL_BELT,False,142756.0,SAIL Rourkela Steel Plant,steel_and_heavy_industry,national_sail_rourkela_steel_,NON_INDUSTRIAL_RURAL,0.1,CLUSTER_563,0.052,3,58,False,32.579999999999984,,UNLABELED,UNVERIFIED,,,,,,23.07,LOW,NON_INDUSTRIAL_RURAL,ROUTINE_MONITORING_RECOMMENDED
1869,20.96456,85.16257,311.93,294.48,2026-09-28,2017,1.88,nominal,0.6,N,N,VIIRS,near_real_time,Odisha,EAST_MINERAL_BELT,False,142173.1,SAIL Rourkela Steel Plant,steel_and_heavy_industry,national_sail_rourkela_steel_,NON_INDUSTRIAL_RURAL,0.1,CLUSTER_563,0.052,3,58,False,17.44999999999999,,UNLABELED,UNVERIFIED,,,,,,23.07,LOW,NON_INDUSTRIAL_RURAL,ROUTINE_MONITORING_RECOMMENDED
1870,20.96475,85.18221,307.31,294.53,2026-09-28,2017,2.24,nominal,0.6,N,N,VIIRS,near_real_time,Odisha,EAST_MINERAL_BELT,False,142596.6,SAIL Rourkela Steel Plant,steel_and_heavy_industry,national_sail_rourkela_steel_,NON_INDUSTRIAL_RURAL,0.1,CLUSTER_563,0.052,3,58,False,12.78000000000003,,UNLABELED,UNVERIFIED,,,,,,23.07,LOW,NON_INDUSTRIAL_RURAL,ROUTINE_MONITORING_RECOMMENDED
1871,20.96511,86.01337,307.86,293.61,2026-09-28,2017,2.5,nominal,0.6,N,N,VIIRS,near_real_time,Odisha,EAST_MINERAL_BELT,False,98111.7,IOCL Paradip Refinery Complex,oil_refinery,national_iocl_paradip_refiner,NON_INDUSTRIAL_RURAL,0.1,CLUSTER_562,0.034,2,58,False,14.25,,UNLABELED,UNVERIFIED,,,,,,23.14,LOW,NON_INDUSTRIAL_RURAL,ROUTINE_MONITORING_RECOMMENDED
1872,20.96538,85.17841,312.94,294.71,2026-09-28,2017,2.45,nominal,0.6,N,N,VIIRS,near_real_time,Odisha,EAST_MINERAL_BELT,False,142440.2,SAIL Rourkela Steel Plant,steel_and_heavy_industry,national_sail_rourkela_steel_,NON_INDUSTRIAL_RURAL,0.1,CLUSTER_563,0.052,3,58,False,18.230000000000018,,UNLABELED,UNVERIFIED,,,,,,23.07,LOW,NON_INDUSTRIAL_RURAL,ROUTINE_MONITORING_RECOMMENDED
1873,20.96579,86.00937,327.35,294.51,2026-09-28,2017,2.5,nominal,0.6,N,N,VIIRS,near_real_time,Odisha,EAST_MINERAL_BELT,False,98439.8,IOCL Paradip Refinery Complex,oil_refinery,national_iocl_paradip_refiner,NON_INDUSTRIAL_RURAL,0.1,CLUSTER_562,0.034,2,58,False,32.84000000000003,,UNLABELED,UNVERIFIED,,,,,,23.14,LOW,NON_INDUSTRIAL_RURAL,ROUTINE_MONITORING_RECOMMENDED
1874,20.96582,85.15498,307.2,293.35,2026-09-28,2017,1.29,nominal,0.6,N,N,VIIRS,near_real_time,Odisha,EAST_MINERAL_BELT,False,141871.8,SAIL Rourkela Steel Plant,steel_and_heavy_industry,national_sail_rourkela_steel_,NON_INDUSTRIAL_RURAL,0.1,CLUSTER_291,0.052,3,58,False,13.849999999999966,,UNLABELED,UNVERIFIED,,,,,,17.17,LOW,NON_INDUSTRIAL_RURAL,ROUTINE_MONITORING_RECOMMENDED
1875,20.96601,85.17461,309.01,294.58,2026-09-28,2017,2.45,nominal,0.6,N,N,VIIRS,near_real_time,Odisha,EAST_MINERAL_BELT,False,142284.8,SAIL Rourkela Steel Plant,steel_and_heavy_industry,national_sail_rourkela_steel_,NON_INDUSTRIAL_RURAL,0.1,CLUSTER_563,0.052,3,58,False,14.430000000000007,,UNLABELED,UNVERIFIED,,,,,,23.07,LOW,NON_INDUSTRIAL_RURAL,ROUTINE_MONITORING_RECOMMENDED
1876,20.96665,85.17081,307.38,293.68,2026-09-28,2017,1.31,nominal,0.6,N,N,VIIRS,near_real_time,Odisha,EAST_MINERAL_BELT,False,142129.2,SAIL Rourkela Steel Plant,steel_and_heavy_industry,national_sail_rourkela_steel_,NON_INDUSTRIAL_RURAL,0.1,CLUSTER_563,0.052,3,58,False,13.699999999999989,,UNLABELED,UNVERIFIED,,,,,,23.07,LOW,NON_INDUSTRIAL_RURAL,ROUTINE_MONITORING_RECOMMENDED
1877,20.96728,85.16702,316.95,294.28,2026-09-28,2017,1.31,nominal,0.6,N,N,VIIRS,near_real_time,Odisha,EAST_MINERAL_BELT,False,141975.9,SAIL Rourkela Steel Plant,steel_and_heavy_industry,national_sail_rourkela_steel_,NON_INDUSTRIAL_RURAL,0.1,CLUSTER_563,0.052,3,58,False,22.670000000000016,,UNLABELED,UNVERIFIED,,,,,,23.07,LOW,NON_INDUSTRIAL_RURAL,ROUTINE_MONITORING_RECOMMENDED
1878,20.96854,86.01405,326.44,295.53,2026-09-28,2017,2.77,nominal,0.6,N,N,VIIRS,near_real_time,Odisha,EAST_MINERAL_BELT,False,98355.7,IOCL Paradip Refinery Complex,oil_refinery,national_iocl_paradip_refiner,NON_INDUSTRIAL_RURAL,0.1,CLUSTER_562,0.034,2,58,False,30.910000000000025,,UNLABELED,UNVERIFIED,,,,,,23.14,LOW,NON_INDUSTRIAL_RURAL,ROUTINE_MONITORING_RECOMMENDED
1879,20.96922,86.01006,310.43,295.55,2026-09-28,2017,2.77,nominal,0.6,N,N,VIIRS,near_real_time,Odisha,EAST_MINERAL_BELT,False,98682.3,IOCL Paradip Refinery Complex,oil_refinery,national_iocl_paradip_refiner,NON_INDUSTRIAL_RURAL,0.1,CLUSTER_562,0.034,2,58,False,14.879999999999995,,UNLABELED,UNVERIFIED,,,,,,23.14,LOW,NON_INDUSTRIAL_RURAL,ROUTINE_MONITORING_RECOMMENDED
1880,20.96937,85.17525,347.04,296.49,2026-09-28,2017,2.45,nominal,0.6,N,N,VIIRS,near_real_time,Odisha,EAST_MINERAL_BELT,False,141935.0,SAIL Rourkela Steel Plant,steel_and_heavy_industry,national_sail_rourkela_steel_,NON_INDUSTRIAL_RURAL,0.1,CLUSTER_563,0.052,3,58,False,50.55000000000001,,UNLABELED,UNVERIFIED,,,,,,23.07,LOW,NON_INDUSTRIAL_RURAL,ROUTINE_MONITORING_RECOMMENDED
1881,20.97,85.17145,306.19,294.06,2026-09-28,2017,1.31,nominal,0.6,N,N,VIIRS,near_real_time,Odisha,EAST_MINERAL_BELT,False,141780.1,SAIL Rourkela Steel Plant,steel_and_heavy_industry,national_sail_rourkela_steel_,NON_INDUSTRIAL_RURAL,0.1,CLUSTER_563,0.052,3,58,False,12.129999999999995,,UNLABELED,UNVERIFIED,,,,,,23.07,LOW,NON_INDUSTRIAL_RURAL,ROUTINE_MONITORING_RECOMMENDED
1882,20.97058,86.00204,308.99,294.1,2026-09-28,2017,1.97,nominal,0.6,N,N,VIIRS,near_real_time,Odisha,EAST_MINERAL_BELT,False,99340.5,IOCL Paradip Refinery Complex,oil_refinery,national_iocl_paradip_refiner,NON_INDUSTRIAL_RURAL,0.1,CLUSTER_562,0.034,2,58,False,14.889999999999986,,UNLABELED,UNVERIFIED,,,,,,23.14,LOW,NON_INDUSTRIAL_RURAL,ROUTINE_MONITORING_RECOMMENDED
1883,20.97273,85.17589,312.32,294.52,2026-09-28,2017,1.41,nominal,0.6,N,N,VIIRS,near_real_time,Odisha,EAST_MINERAL_BELT,False,141585.3,SAIL Rourkela Steel Plant,steel_and_heavy_industry,national_sail_rourkela_steel_,NON_INDUSTRIAL_RURAL,0.1,CLUSTER_563,0.052,3,58,False,17.80000000000001,,UNLABELED,UNVERIFIED,,,,,,23.07,LOW,NON_INDUSTRIAL_RURAL,ROUTINE_MONITORING_RECOMMENDED
1884,20.97402,86.00272,312.27,294.24,2026-09-28,2017,1.97,nominal,0.6,N,N,VIIRS,near_real_time,Odisha,EAST_MINERAL_BELT,False,99583.8,IOCL Paradip Refinery Complex,oil_refinery,national_iocl_paradip_refiner,NON_INDUSTRIAL_RURAL,0.1,CLUSTER_562,0.034,2,58,False,18.029999999999973,,UNLABELED,UNVERIFIED,,,,,,23.14,LOW,NON_INDUSTRIAL_RURAL,ROUTINE_MONITORING_RECOMMENDED
1885,20.97631,85.13349,306.7,294.48,2026-09-28,2017,1.21,nominal,0.6,N,N,VIIRS,near_real_time,Odisha,EAST_MINERAL_BELT,False,140284.2,SAIL Rourkela Steel Plant,steel_and_heavy_industry,national_sail_rourkela_steel_,NON_INDUSTRIAL_RURAL,0.1,CLUSTER_564,0.034,2,58,False,12.21999999999997,,UNLABELED,UNVERIFIED,,,,,,19.3,LOW,NON_INDUSTRIAL_RURAL,ROUTINE_MONITORING_RECOMMENDED
1886,20.97672,85.17272,322.06,294.56,2026-09-28,2017,2.0,nominal,0.6,N,N,VIIRS,near_real_time,Odisha,EAST_MINERAL_BELT,False,141079.9,SAIL Rourkela Steel Plant,steel_and_heavy_industry,national_sail_rourkela_steel_,NON_INDUSTRIAL_RURAL,0.1,CLUSTER_563,0.052,3,58,False,27.5,,UNLABELED,UNVERIFIED,,,,,,23.07,LOW,NON_INDUSTRIAL_RURAL,ROUTINE_MONITORING_RECOMMENDED
1887,20.97734,85.16894,315.74,294.25,2026-09-28,2017,2.0,nominal,0.6,N,N,VIIRS,near_real_time,Odisha,EAST_MINERAL_BELT,False,140926.8,SAIL Rourkela Steel Plant,steel_and_heavy_industry,national_sail_rourkela_steel_,NON_INDUSTRIAL_RURAL,0.1,CLUSTER_563,0.052,3,58,False,21.49000000000001,,UNLABELED,UNVERIFIED,,,,,,23.07,LOW,NON_INDUSTRIAL_RURAL,ROUTINE_MONITORING_RECOMMENDED
1888,20.97904,85.13792,308.06,294.47,2026-09-28,2017,1.37,nominal,0.6,N,N,VIIRS,near_real_time,Odisha,EAST_MINERAL_BELT,False,140075.7,SAIL Rourkela Steel Plant,steel_and_heavy_industry,national_sail_rourkela_steel_,NON_INDUSTRIAL_RURAL,0.1,CLUSTER_564,0.034,2,58,False,13.589999999999975,,UNLABELED,UNVERIFIED,,,,,,19.3,LOW,NON_INDUSTRIAL_RURAL,ROUTINE_MONITORING_RECOMMENDED
1889,20.97967,85.13412,317.28,294.94,2026-09-28,2017,2.84,nominal,0.6,N,N,VIIRS,near_real_time,Odisha,EAST_MINERAL_BELT,False,139930.2,SAIL Rourkela Steel Plant,steel_and_heavy_industry,national_sail_rourkela_steel_,NON_INDUSTRIAL_RURAL,0.1,CLUSTER_564,0.034,2,58,False,22.339999999999975,,UNLABELED,UNVERIFIED,,,,,,19.3,LOW,NON_INDUSTRIAL_RURAL,ROUTINE_MONITORING_RECOMMENDED
1890,20.99801,86.01897,307.86,293.6,2026-09-28,2017,1.23,nominal,0.6,N,N,VIIRS,near_real_time,Odisha,EAST_MINERAL_BELT,False,100544.1,IOCL Paradip Refinery Complex,oil_refinery,national_iocl_paradip_refiner,NON_INDUSTRIAL_RURAL,0.1,CLUSTER_857,0.017,1,58,False,14.259999999999991,,UNLABELED,UNVERIFIED,,,,,,16.05,LOW,NON_INDUSTRIAL_RURAL,ROUTINE_MONITORING_RECOMMENDED
1891,21.00006,86.02763,307.39,293.75,2026-09-28,2017,1.21,nominal,0.6,N,N,VIIRS,near_real_time,Odisha,EAST_MINERAL_BELT,False,100158.5,IOCL Paradip Refinery Complex,oil_refinery,national_iocl_paradip_refiner,NON_INDUSTRIAL_RURAL,0.1,CLUSTER_858,0.017,1,58,False,13.639999999999986,,UNLABELED,UNVERIFIED,,,,,,16.05,LOW,NON_INDUSTRIAL_RURAL,ROUTINE_MONITORING_RECOMMENDED
1892,21.05061,72.8506,308.84,293.27,2026-09-28,2017,1.21,nominal,0.6,N,N,VIIRS,near_real_time,Gujarat,WEST_GUJARAT,False,2933.7,GIDC,general_industry,way/138964954,VICINITY_ZONE,0.4,CLUSTER_859,0.017,1,58,False,15.569999999999993,,UNLABELED,UNVERIFIED,,,,,,21.31,LOW,NON_INDUSTRIAL_RURAL,ROUTINE_MONITORING_RECOMMENDED
1893,21.05644,72.85127,327.65,293.19,2026-09-28,2017,2.8,nominal,0.6,N,N,VIIRS,near_real_time,Gujarat,WEST_GUJARAT,False,2293.0,GIDC,general_industry,way/138964954,VICINITY_ZONE,0.4,CLUSTER_859,0.017,1,58,False,34.45999999999998,,UNLABELED,UNVERIFIED,,,,,,21.31,LOW,NON_INDUSTRIAL_RURAL,ROUTINE_MONITORING_RECOMMENDED
1894,21.07273,85.04177,305.59,293.72,2026-09-28,2017,1.86,nominal,0.6,N,N,VIIRS,near_real_time,Odisha,EAST_MINERAL_BELT,False,128135.2,SAIL Rourkela Steel Plant,steel_and_heavy_industry,national_sail_rourkela_steel_,NON_INDUSTRIAL_RURAL,0.1,CLUSTER_663,0.052,3,58,False,11.869999999999948,,UNLABELED,UNVERIFIED,,,,,,22.17,LOW,NON_INDUSTRIAL_RURAL,ROUTINE_MONITORING_RECOMMENDED
1895,21.07545,85.04617,307.58,294.48,2026-09-28,2017,1.8,nominal,0.6,N,N,VIIRS,near_real_time,Odisha,EAST_MINERAL_BELT,False,127899.1,SAIL Rourkela Steel Plant,steel_and_heavy_industry,national_sail_rourkela_steel_,NON_INDUSTRIAL_RURAL,0.1,CLUSTER_663,0.052,3,58,False,13.099999999999966,,UNLABELED,UNVERIFIED,,,,,,22.17,LOW,NON_INDUSTRIAL_RURAL,ROUTINE_MONITORING_RECOMMENDED
1896,21.07608,85.0424,312.1,293.99,2026-09-28,2017,1.63,nominal,0.6,N,N,VIIRS,near_real_time,Odisha,EAST_MINERAL_BELT,False,127775.2,SAIL Rourkela Steel Plant,steel_and_heavy_industry,national_sail_rourkela_steel_,NON_INDUSTRIAL_RURAL,0.1,CLUSTER_663,0.052,3,58,False,18.110000000000014,,UNLABELED,UNVERIFIED,,,,,,22.17,LOW,NON_INDUSTRIAL_RURAL,ROUTINE_MONITORING_RECOMMENDED
1897,21.07671,85.03863,328.39,296.23,2026-09-28,2017,1.63,nominal,0.6,N,N,VIIRS,near_real_time,Odisha,EAST_MINERAL_BELT,False,127651.1,SAIL Rourkela Steel Plant,steel_and_heavy_industry,national_sail_rourkela_steel_,NON_INDUSTRIAL_RURAL,0.1,CLUSTER_663,0.052,3,58,False,32.15999999999997,,UNLABELED,UNVERIFIED,,,,,,22.17,LOW,NON_INDUSTRIAL_RURAL,ROUTINE_MONITORING_RECOMMENDED
1898,21.07733,85.03485,308.59,295.32,2026-09-28,2017,2.71,nominal,0.6,N,N,VIIRS,near_real_time,Odisha,EAST_MINERAL_BELT,False,127530.2,SAIL Rourkela Steel Plant,steel_and_heavy_industry,national_sail_rourkela_steel_,NON_INDUSTRIAL_RURAL,0.1,CLUSTER_663,0.052,3,58,False,13.269999999999982,,UNLABELED,UNVERIFIED,,,,,,22.17,LOW,NON_INDUSTRIAL_RURAL,ROUTINE_MONITORING_RECOMMENDED
1899,21.08005,85.03925,307.02,294.65,2026-09-28,2017,1.63,nominal,0.6,N,N,VIIRS,near_real_time,Odisha,EAST_MINERAL_BELT,False,127292.8,SAIL Rourkela Steel Plant,steel_and_heavy_industry,national_sail_rourkela_steel_,NON_INDUSTRIAL_RURAL,0.1,CLUSTER_663,0.052,3,58,False,12.370000000000005,,UNLABELED,UNVERIFIED,,,,,,22.17,LOW,NON_INDUSTRIAL_RURAL,ROUTINE_MONITORING_RECOMMENDED
1900,21.08068,85.03549,331.12,296.13,2026-09-28,2017,2.71,nominal,0.6,N,N,VIIRS,near_real_time,Odisha,EAST_MINERAL_BELT,False,127169.8,SAIL Rourkela Steel Plant,steel_and_heavy_industry,national_sail_rourkela_steel_,NON_INDUSTRIAL_RURAL,0.1,CLUSTER_663,0.052,3,58,False,34.99000000000001,,UNLABELED,UNVERIFIED,,,,,,22.17,LOW,NON_INDUSTRIAL_RURAL,ROUTINE_MONITORING_RECOMMENDED
1901,21.10026,72.63673,319.74,293.21,2026-09-28,2017,2.2,nominal,0.6,N,N,VIIRS,near_real_time,Gujarat,WEST_GUJARAT,False,102.0,ArcelorMittal Nippon Steel India,works,way/104647203,NEARBY_INDUSTRIAL_BUFFER,0.8,CLUSTER_009,0.345,20,58,True,26.53000000000003,,UNLABELED,UNVERIFIED,,,,,,79.34,HIGH,ELEVATED_THERMAL_ACTIVITY,ESCALATED_INVESTIGATION_RECOMMENDED
1902,21.10068,72.63219,318.86,293.71,2026-09-28,2017,5.14,nominal,0.6,N,N,VIIRS,near_real_time,Gujarat,WEST_GUJARAT,False,93.5,ArcelorMittal Nippon Steel India,works,way/104647203,NEARBY_INDUSTRIAL_BUFFER,0.8,CLUSTER_009,0.345,20,58,True,25.150000000000034,,UNLABELED,UNVERIFIED,,,,,,79.34,HIGH,ELEVATED_THERMAL_ACTIVITY,ESCALATED_INVESTIGATION_RECOMMENDED
1903,21.10532,72.64635,326.58,294.72,2026-09-28,2017,4.3,nominal,0.6,N,N,VIIRS,near_real_time,Gujarat,WEST_GUJARAT,True,0.0,ArcelorMittal Nippon Steel India,works,way/104647203,INSIDE_INDUSTRIAL_ZONE,1.0,CLUSTER_009,0.345,20,58,True,31.859999999999957,,UNLABELED,UNVERIFIED,,,,,,79.34,HIGH,ELEVATED_THERMAL_ACTIVITY,ESCALATED_INVESTIGATION_RECOMMENDED
1904,21.10575,72.64185,310.98,293.29,2026-09-28,2017,2.2,nominal,0.6,N,N,VIIRS,near_real_time,Gujarat,WEST_GUJARAT,True,0.0,ArcelorMittal Nippon Steel India,works,way/104647203,INSIDE_INDUSTRIAL_ZONE,1.0,CLUSTER_009,0.345,20,58,True,17.689999999999998,,UNLABELED,UNVERIFIED,,,,,,79.34,HIGH,ELEVATED_THERMAL_ACTIVITY,ESCALATED_INVESTIGATION_RECOMMENDED
1905,21.10617,72.63735,305.38,294.14,2026-09-28,2017,2.2,nominal,0.6,N,N,VIIRS,near_real_time,Gujarat,WEST_GUJARAT,True,0.0,ArcelorMittal Nippon Steel India,works,way/104647203,INSIDE_INDUSTRIAL_ZONE,1.0,CLUSTER_009,0.345,20,58,True,11.240000000000009,,UNLABELED,UNVERIFIED,,,,,,79.34,HIGH,ELEVATED_THERMAL_ACTIVITY,ESCALATED_INVESTIGATION_RECOMMENDED
1906,21.10948,72.64446,304.14,293.91,2026-09-28,2017,0.39,nominal,0.6,N,N,VIIRS,near_real_time,Gujarat,WEST_GUJARAT,True,0.0,ArcelorMittal Nippon Steel India,works,way/104647203,INSIDE_INDUSTRIAL_ZONE,1.0,CLUSTER_009,0.345,20,58,True,10.229999999999961,,UNLABELED,UNVERIFIED,,,,,,79.34,HIGH,ELEVATED_THERMAL_ACTIVITY,ESCALATED_INVESTIGATION_RECOMMENDED
1907,21.18039,81.37975,307.35,296.46,2026-09-28,2017,0.56,nominal,0.6,N,N,VIIRS,near_real_time,Chhattisgarh,EAST_MINERAL_BELT,True,0.0,SAIL Bhilai Steel Plant,steel_and_heavy_industry,national_sail_bhilai_steel_pl,INSIDE_INDUSTRIAL_ZONE,1.0,CLUSTER_048,0.052,3,58,True,10.890000000000043,,UNLABELED,UNVERIFIED,,,,,,90.68,CRITICAL,SEVERE_THERMAL_ANOMALY,HIGH_PRIORITY_INVESTIGATION_REQUIRED
1908,21.18329,81.38441,312.29,297.83,2026-09-28,2017,2.95,nominal,0.6,N,N,VIIRS,near_real_time,Chhattisgarh,EAST_MINERAL_BELT,True,0.0,SAIL Bhilai Steel Plant,steel_and_heavy_industry,national_sail_bhilai_steel_pl,INSIDE_INDUSTRIAL_ZONE,1.0,CLUSTER_048,0.052,3,58,True,14.460000000000036,,UNLABELED,UNVERIFIED,,,,,,90.68,CRITICAL,SEVERE_THERMAL_ANOMALY,HIGH_PRIORITY_INVESTIGATION_REQUIRED
1909,21.18388,81.3803,307.83,296.45,2026-09-28,2017,0.56,nominal,0.6,N,N,VIIRS,near_real_time,Chhattisgarh,EAST_MINERAL_BELT,True,0.0,SAIL Bhilai Steel Plant,steel_and_heavy_industry,national_sail_bhilai_steel_pl,INSIDE_INDUSTRIAL_ZONE,1.0,CLUSTER_048,0.052,3,58,True,11.379999999999995,,UNLABELED,UNVERIFIED,,,,,,90.68,CRITICAL,SEVERE_THERMAL_ANOMALY,HIGH_PRIORITY_INVESTIGATION_REQUIRED
1910,21.19199,81.39841,306.79,296.56,2026-09-28,2017,1.13,nominal,0.6,N,N,VIIRS,near_real_time,Chhattisgarh,EAST_MINERAL_BELT,False,1692.0,SAIL Bhilai Steel Plant,steel_and_heavy_industry,national_sail_bhilai_steel_pl,VICINITY_ZONE,0.4,CLUSTER_860,0.017,1,58,False,10.230000000000018,,UNLABELED,UNVERIFIED,,,,,,19.49,LOW,NON_INDUSTRIAL_RURAL,ROUTINE_MONITORING_RECOMMENDED
1911,21.19316,81.39023,310.9,298.17,2026-09-28,2017,0.97,nominal,0.6,N,N,VIIRS,near_real_time,Chhattisgarh,EAST_MINERAL_BELT,False,1158.2,SAIL Bhilai Steel Plant,steel_and_heavy_industry,national_sail_bhilai_steel_pl,VICINITY_ZONE,0.4,CLUSTER_048,0.052,3,58,True,12.729999999999961,,UNLABELED,UNVERIFIED,,,,,,90.68,CRITICAL,SEVERE_THERMAL_ANOMALY,HIGH_PRIORITY_INVESTIGATION_REQUIRED
1912,21.23426,79.62821,308.07,295.93,2026-09-28,2017,1.66,nominal,0.6,N,N,VIIRS,near_real_time,Central India,ALL_INDIA,False,181076.4,SAIL Bhilai Steel Plant,steel_and_heavy_industry,national_sail_bhilai_steel_pl,NON_INDUSTRIAL_RURAL,0.1,CLUSTER_665,0.034,2,58,False,12.139999999999986,,UNLABELED,UNVERIFIED,,,,,,16.16,LOW,NON_INDUSTRIAL_RURAL,ROUTINE_MONITORING_RECOMMENDED
1913,21.24234,79.22671,307.19,295.99,2026-09-28,2017,1.36,nominal,0.6,N,N,VIIRS,near_real_time,Central India,ALL_INDIA,False,222698.2,SAIL Bhilai Steel Plant,steel_and_heavy_industry,national_sail_bhilai_steel_pl,NON_INDUSTRIAL_RURAL,0.1,CLUSTER_214,0.052,3,58,False,11.199999999999989,,UNLABELED,UNVERIFIED,,,,,,16.84,LOW,NON_INDUSTRIAL_RURAL,ROUTINE_MONITORING_RECOMMENDED
1914,21.24364,79.22328,312.65,296.33,2026-09-28,2017,1.71,nominal,0.6,N,N,VIIRS,near_real_time,Central India,ALL_INDIA,False,223057.1,SAIL Bhilai Steel Plant,steel_and_heavy_industry,national_sail_bhilai_steel_pl,NON_INDUSTRIAL_RURAL,0.1,CLUSTER_214,0.052,3,58,False,16.319999999999993,,UNLABELED,UNVERIFIED,,,,,,16.84,LOW,NON_INDUSTRIAL_RURAL,ROUTINE_MONITORING_RECOMMENDED
1915,21.24691,79.22212,306.28,296.14,2026-09-28,2017,1.36,nominal,0.6,N,N,VIIRS,near_real_time,Central India,ALL_INDIA,False,223186.7,SAIL Bhilai Steel Plant,steel_and_heavy_industry,national_sail_bhilai_steel_pl,NON_INDUSTRIAL_RURAL,0.1,CLUSTER_214,0.052,3,58,False,10.139999999999986,,UNLABELED,UNVERIFIED,,,,,,16.84,LOW,NON_INDUSTRIAL_RURAL,ROUTINE_MONITORING_RECOMMENDED
1916,21.29834,81.6058,309.29,296.03,2026-09-28,2017,0.56,nominal,0.6,N,N,VIIRS,near_real_time,Chhattisgarh,EAST_MINERAL_BELT,False,26215.8,SAIL Bhilai Steel Plant,steel_and_heavy_industry,national_sail_bhilai_steel_pl,NON_INDUSTRIAL_RURAL,0.1,CLUSTER_666,0.034,2,58,False,13.260000000000048,,UNLABELED,UNVERIFIED,,,,,,16.29,LOW,NON_INDUSTRIAL_RURAL,ROUTINE_MONITORING_RECOMMENDED
1917,21.31106,81.59132,311.34,297.67,2026-09-28,2017,1.15,nominal,0.6,N,N,VIIRS,near_real_time,Chhattisgarh,EAST_MINERAL_BELT,False,25670.3,SAIL Bhilai Steel Plant,steel_and_heavy_industry,national_sail_bhilai_steel_pl,NON_INDUSTRIAL_RURAL,0.1,CLUSTER_667,0.034,2,58,False,13.669999999999959,,UNLABELED,UNVERIFIED,,,,,,16.2,LOW,NON_INDUSTRIAL_RURAL,ROUTINE_MONITORING_RECOMMENDED
1918,21.33594,78.9688,317.67,295.84,2026-09-28,2017,2.97,nominal,0.6,N,N,VIIRS,near_real_time,Central India,ALL_INDIA,False,249846.2,SAIL Bhilai Steel Plant,steel_and_heavy_industry,national_sail_bhilai_steel_pl,NON_INDUSTRIAL_RURAL,0.1,CLUSTER_216,0.052,3,58,False,21.83000000000004,,UNLABELED,UNVERIFIED,,,,,,17.49,LOW,NON_INDUSTRIAL_RURAL,ROUTINE_MONITORING_RECOMMENDED
1919,21.3419,81.67077,306.55,295.95,2026-09-28,2017,0.8,nominal,0.6,N,N,VIIRS,near_real_time,Chhattisgarh,EAST_MINERAL_BELT,False,34467.6,SAIL Bhilai Steel Plant,steel_and_heavy_industry,national_sail_bhilai_steel_pl,NON_INDUSTRIAL_RURAL,0.1,CLUSTER_861,0.017,1,58,False,10.600000000000023,,UNLABELED,UNVERIFIED,,,,,,15.95,LOW,NON_INDUSTRIAL_RURAL,ROUTINE_MONITORING_RECOMMENDED
1920,21.36442,81.65263,309.7,297.34,2026-09-28,2017,0.78,nominal,0.6,N,N,VIIRS,near_real_time,Chhattisgarh,EAST_MINERAL_BELT,False,34271.5,SAIL Bhilai Steel Plant,steel_and_heavy_industry,national_sail_bhilai_steel_pl,NON_INDUSTRIAL_RURAL,0.1,CLUSTER_862,0.017,1,58,False,12.360000000000014,,UNLABELED,UNVERIFIED,,,,,,15.94,LOW,NON_INDUSTRIAL_RURAL,ROUTINE_MONITORING_RECOMMENDED
1921,21.37475,81.67912,312.82,297.35,2026-09-28,2017,1.83,nominal,0.6,N,N,VIIRS,near_real_time,Chhattisgarh,EAST_MINERAL_BELT,False,37172.9,SAIL Bhilai Steel Plant,steel_and_heavy_industry,national_sail_bhilai_steel_pl,NON_INDUSTRIAL_RURAL,0.1,CLUSTER_669,0.034,2,58,False,15.46999999999997,,UNLABELED,UNVERIFIED,,,,,,16.68,LOW,NON_INDUSTRIAL_RURAL,ROUTINE_MONITORING_RECOMMENDED
1922,21.37653,81.64223,310.66,297.52,2026-09-28,2017,1.4,nominal,0.6,N,N,VIIRS,near_real_time,Chhattisgarh,EAST_MINERAL_BELT,False,34228.5,SAIL Bhilai Steel Plant,steel_and_heavy_industry,national_sail_bhilai_steel_pl,NON_INDUSTRIAL_RURAL,0.1,CLUSTER_668,0.034,2,58,False,13.140000000000043,,UNLABELED,UNVERIFIED,,,,,,16.37,LOW,NON_INDUSTRIAL_RURAL,ROUTINE_MONITORING_RECOMMENDED
1923,21.45766,81.80244,307.26,296.86,2026-09-28,2017,0.6,nominal,0.6,N,N,VIIRS,near_real_time,Chhattisgarh,EAST_MINERAL_BELT,False,52918.0,SAIL Bhilai Steel Plant,steel_and_heavy_industry,national_sail_bhilai_steel_pl,NON_INDUSTRIAL_RURAL,0.1,CLUSTER_863,0.017,1,58,False,10.399999999999977,,UNLABELED,UNVERIFIED,,,,,,15.9,LOW,NON_INDUSTRIAL_RURAL,ROUTINE_MONITORING_RECOMMENDED
1924,21.48696,81.77039,309.7,297.33,2026-09-28,2017,0.62,nominal,0.6,N,N,VIIRS,near_real_time,Chhattisgarh,EAST_MINERAL_BELT,False,52274.5,SAIL Bhilai Steel Plant,steel_and_heavy_industry,national_sail_bhilai_steel_pl,NON_INDUSTRIAL_RURAL,0.1,CLUSTER_672,0.034,2,58,False,12.370000000000005,,UNLABELED,UNVERIFIED,,,,,,15.9,LOW,NON_INDUSTRIAL_RURAL,ROUTINE_MONITORING_RECOMMENDED
1925,21.60475,81.82591,306.58,296.57,2026-09-28,2017,0.59,nominal,0.6,N,N,VIIRS,near_real_time,Chhattisgarh,EAST_MINERAL_BELT,False,65400.9,SAIL Bhilai Steel Plant,steel_and_heavy_industry,national_sail_bhilai_steel_pl,NON_INDUSTRIAL_RURAL,0.1,CLUSTER_864,0.017,1,58,False,10.009999999999991,,UNLABELED,UNVERIFIED,,,,,,15.89,LOW,NON_INDUSTRIAL_RURAL,ROUTINE_MONITORING_RECOMMENDED
1926,21.67246,84.04279,306.41,293.82,2026-09-28,2017,0.81,nominal,0.6,N,N,VIIRS,near_real_time,Odisha,EAST_MINERAL_BELT,False,104178.7,SAIL Rourkela Steel Plant,steel_and_heavy_industry,national_sail_rourkela_steel_,NON_INDUSTRIAL_RURAL,0.1,CLUSTER_312,0.052,3,58,False,12.590000000000032,,UNLABELED,UNVERIFIED,,,,,,20.08,LOW,NON_INDUSTRIAL_RURAL,ROUTINE_MONITORING_RECOMMENDED
1927,21.67635,84.0397,307.14,293.34,2026-09-28,2017,1.03,nominal,0.6,N,N,VIIRS,near_real_time,Odisha,EAST_MINERAL_BELT,False,104187.3,SAIL Rourkela Steel Plant,steel_and_heavy_industry,national_sail_rourkela_steel_,NON_INDUSTRIAL_RURAL,0.1,CLUSTER_312,0.052,3,58,False,13.800000000000011,,UNLABELED,UNVERIFIED,,,,,,20.08,LOW,NON_INDUSTRIAL_RURAL,ROUTINE_MONITORING_RECOMMENDED
1928,21.67694,84.036,305.14,293.0,2026-09-28,2017,1.03,nominal,0.6,N,N,VIIRS,near_real_time,Odisha,EAST_MINERAL_BELT,False,104461.5,SAIL Rourkela Steel Plant,steel_and_heavy_industry,national_sail_rourkela_steel_,NON_INDUSTRIAL_RURAL,0.1,CLUSTER_312,0.052,3,58,False,12.139999999999986,,UNLABELED,UNVERIFIED,,,,,,20.08,LOW,NON_INDUSTRIAL_RURAL,ROUTINE_MONITORING_RECOMMENDED
1929,21.67966,84.04029,318.02,295.25,2026-09-28,2017,2.79,nominal,0.6,N,N,VIIRS,near_real_time,Odisha,EAST_MINERAL_BELT,False,103924.9,SAIL Rourkela Steel Plant,steel_and_heavy_industry,national_sail_rourkela_steel_,NON_INDUSTRIAL_RURAL,0.1,CLUSTER_312,0.052,3,58,False,22.769999999999982,,UNLABELED,UNVERIFIED,,,,,,20.08,LOW,NON_INDUSTRIAL_RURAL,ROUTINE_MONITORING_RECOMMENDED
1930,21.71333,84.04262,305.64,292.98,2026-09-28,2017,0.51,nominal,0.6,N,N,VIIRS,near_real_time,Odisha,EAST_MINERAL_BELT,False,101610.9,SAIL Rourkela Steel Plant,steel_and_heavy_industry,national_sail_rourkela_steel_,NON_INDUSTRIAL_RURAL,0.1,CLUSTER_865,0.017,1,58,False,12.659999999999968,,UNLABELED,UNVERIFIED,,,,,,15.88,LOW,NON_INDUSTRIAL_RURAL,ROUTINE_MONITORING_RECOMMENDED
1931,21.73232,82.21436,308.07,296.08,2026-09-28,2017,0.93,nominal,0.6,N,N,VIIRS,near_real_time,Chhattisgarh,EAST_MINERAL_BELT,False,105323.7,SAIL Bhilai Steel Plant,steel_and_heavy_industry,national_sail_bhilai_steel_pl,NON_INDUSTRIAL_RURAL,0.1,CLUSTER_677,0.034,2,58,False,11.990000000000009,,UNLABELED,UNVERIFIED,,,,,,16.04,LOW,NON_INDUSTRIAL_RURAL,ROUTINE_MONITORING_RECOMMENDED
1932,21.7383,83.84177,311.12,295.73,2026-09-28,2017,1.15,nominal,0.6,N,N,VIIRS,near_real_time,Odisha,EAST_MINERAL_BELT,False,118160.7,SAIL Rourkela Steel Plant,steel_and_heavy_industry,national_sail_rourkela_steel_,NON_INDUSTRIAL_RURAL,0.1,CLUSTER_145,0.069,4,58,False,15.389999999999986,,UNLABELED,UNVERIFIED,,,,,,20.45,LOW,NON_INDUSTRIAL_RURAL,ROUTINE_MONITORING_RECOMMENDED
1933,21.74161,83.84237,312.19,296.08,2026-09-28,2017,1.15,nominal,0.6,N,N,VIIRS,near_real_time,Odisha,EAST_MINERAL_BELT,False,117938.8,SAIL Rourkela Steel Plant,steel_and_heavy_industry,national_sail_rourkela_steel_,NON_INDUSTRIAL_RURAL,0.1,CLUSTER_145,0.069,4,58,False,16.110000000000014,,UNLABELED,UNVERIFIED,,,,,,20.45,LOW,NON_INDUSTRIAL_RURAL,ROUTINE_MONITORING_RECOMMENDED
1934,21.74492,83.84296,309.73,295.77,2026-09-28,2017,2.04,nominal,0.6,N,N,VIIRS,near_real_time,Odisha,EAST_MINERAL_BELT,False,117718.5,SAIL Rourkela Steel Plant,steel_and_heavy_industry,national_sail_rourkela_steel_,NON_INDUSTRIAL_RURAL,0.1,CLUSTER_145,0.069,4,58,False,13.960000000000036,,UNLABELED,UNVERIFIED,,,,,,20.45,LOW,NON_INDUSTRIAL_RURAL,ROUTINE_MONITORING_RECOMMENDED
1935,21.74824,83.84354,335.3,297.29,2026-09-28,2017,2.04,nominal,0.6,N,N,VIIRS,near_real_time,Odisha,EAST_MINERAL_BELT,False,117499.4,SAIL Rourkela Steel Plant,steel_and_heavy_industry,national_sail_rourkela_steel_,NON_INDUSTRIAL_RURAL,0.1,CLUSTER_145,0.069,4,58,False,38.00999999999999,,UNLABELED,UNVERIFIED,,,,,,20.45,LOW,NON_INDUSTRIAL_RURAL,ROUTINE_MONITORING_RECOMMENDED
1936,21.75084,83.97321,328.65,295.61,2026-09-28,2017,3.31,nominal,0.6,N,N,VIIRS,near_real_time,Odisha,EAST_MINERAL_BELT,False,105538.6,SAIL Rourkela Steel Plant,steel_and_heavy_industry,national_sail_rourkela_steel_,NON_INDUSTRIAL_RURAL,0.1,CLUSTER_565,0.034,2,58,False,33.039999999999964,,UNLABELED,UNVERIFIED,,,,,,20.64,LOW,NON_INDUSTRIAL_RURAL,ROUTINE_MONITORING_RECOMMENDED
1937,21.75315,84.02308,319.08,294.49,2026-09-28,2017,1.99,nominal,0.6,N,N,VIIRS,near_real_time,Odisha,EAST_MINERAL_BELT,False,100959.5,SAIL Rourkela Steel Plant,steel_and_heavy_industry,national_sail_rourkela_steel_,NON_INDUSTRIAL_RURAL,0.1,CLUSTER_678,0.034,2,58,False,24.589999999999975,,UNLABELED,UNVERIFIED,,,,,,17.54,LOW,NON_INDUSTRIAL_RURAL,ROUTINE_MONITORING_RECOMMENDED
1938,21.75485,83.84476,331.46,297.27,2026-09-28,2017,2.84,nominal,0.6,N,N,VIIRS,near_real_time,Odisha,EAST_MINERAL_BELT,False,117059.5,SAIL Rourkela Steel Plant,steel_and_heavy_industry,national_sail_rourkela_steel_,NON_INDUSTRIAL_RURAL,0.1,CLUSTER_145,0.069,4,58,False,34.19,,UNLABELED,UNVERIFIED,,,,,,20.45,LOW,NON_INDUSTRIAL_RURAL,ROUTINE_MONITORING_RECOMMENDED
1939,21.75646,84.02368,311.25,295.45,2026-09-28,2017,2.4,nominal,0.6,N,N,VIIRS,near_real_time,Odisha,EAST_MINERAL_BELT,False,100717.8,SAIL Rourkela Steel Plant,steel_and_heavy_industry,national_sail_rourkela_steel_,NON_INDUSTRIAL_RURAL,0.1,CLUSTER_678,0.034,2,58,False,15.800000000000011,,UNLABELED,UNVERIFIED,,,,,,17.54,LOW,NON_INDUSTRIAL_RURAL,ROUTINE_MONITORING_RECOMMENDED
1940,21.75893,83.81886,307.04,295.03,2026-09-28,2017,1.0,nominal,0.6,N,N,VIIRS,near_real_time,Odisha,EAST_MINERAL_BELT,False,119267.7,SAIL Rourkela Steel Plant,steel_and_heavy_industry,national_sail_rourkela_steel_,NON_INDUSTRIAL_RURAL,0.1,CLUSTER_866,0.017,1,58,False,12.010000000000048,,UNLABELED,UNVERIFIED,,,,,,16.0,LOW,NON_INDUSTRIAL_RURAL,ROUTINE_MONITORING_RECOMMENDED
1941,21.76031,83.85332,309.03,294.5,2026-09-28,2017,0.94,nominal,0.6,N,N,VIIRS,near_real_time,Odisha,EAST_MINERAL_BELT,False,115998.2,SAIL Rourkela Steel Plant,steel_and_heavy_industry,national_sail_rourkela_steel_,NON_INDUSTRIAL_RURAL,0.1,CLUSTER_145,0.069,4,58,False,14.529999999999973,,UNLABELED,UNVERIFIED,,,,,,20.45,LOW,NON_INDUSTRIAL_RURAL,ROUTINE_MONITORING_RECOMMENDED
1942,21.76089,83.84963,313.61,295.27,2026-09-28,2017,1.97,nominal,0.6,N,N,VIIRS,near_real_time,Odisha,EAST_MINERAL_BELT,False,116311.9,SAIL Rourkela Steel Plant,steel_and_heavy_industry,national_sail_rourkela_steel_,NON_INDUSTRIAL_RURAL,0.1,CLUSTER_145,0.069,4,58,False,18.340000000000032,,UNLABELED,UNVERIFIED,,,,,,20.45,LOW,NON_INDUSTRIAL_RURAL,ROUTINE_MONITORING_RECOMMENDED
1943,21.76147,83.84595,316.09,295.09,2026-09-28,2017,1.97,nominal,0.6,N,N,VIIRS,near_real_time,Odisha,EAST_MINERAL_BELT,False,116625.1,SAIL Rourkela Steel Plant,steel_and_heavy_industry,national_sail_rourkela_steel_,NON_INDUSTRIAL_RURAL,0.1,CLUSTER_145,0.069,4,58,False,21.0,,UNLABELED,UNVERIFIED,,,,,,20.45,LOW,NON_INDUSTRIAL_RURAL,ROUTINE_MONITORING_RECOMMENDED
1944,21.76366,84.02119,311.89,295.65,2026-09-28,2017,2.38,nominal,0.6,N,N,VIIRS,near_real_time,Odisha,EAST_MINERAL_BELT,False,100533.0,SAIL Rourkela Steel Plant,steel_and_heavy_industry,national_sail_rourkela_steel_,NON_INDUSTRIAL_RURAL,0.1,CLUSTER_679,0.034,2,58,False,16.24000000000001,,UNLABELED,UNVERIFIED,,,,,,19.67,LOW,NON_INDUSTRIAL_RURAL,ROUTINE_MONITORING_RECOMMENDED
1945,21.7642,83.85022,320.63,296.7,2026-09-28,2017,2.4,nominal,0.6,N,N,VIIRS,near_real_time,Odisha,EAST_MINERAL_BELT,False,116095.7,SAIL Rourkela Steel Plant,steel_and_heavy_industry,national_sail_rourkela_steel_,NON_INDUSTRIAL_RURAL,0.1,CLUSTER_145,0.069,4,58,False,23.930000000000007,,UNLABELED,UNVERIFIED,,,,,,20.45,LOW,NON_INDUSTRIAL_RURAL,ROUTINE_MONITORING_RECOMMENDED
1946,21.76425,84.01749,308.99,295.02,2026-09-28,2017,1.73,nominal,0.6,N,N,VIIRS,near_real_time,Odisha,EAST_MINERAL_BELT,False,100830.3,SAIL Rourkela Steel Plant,steel_and_heavy_industry,national_sail_rourkela_steel_,NON_INDUSTRIAL_RURAL,0.1,CLUSTER_679,0.034,2,58,False,13.970000000000027,,UNLABELED,UNVERIFIED,,,,,,19.67,LOW,NON_INDUSTRIAL_RURAL,ROUTINE_MONITORING_RECOMMENDED
1947,21.76756,84.0181,324.19,296.99,2026-09-28,2017,1.73,nominal,0.6,N,N,VIIRS,near_real_time,Odisha,EAST_MINERAL_BELT,False,100591.5,SAIL Rourkela Steel Plant,steel_and_heavy_industry,national_sail_rourkela_steel_,NON_INDUSTRIAL_RURAL,0.1,CLUSTER_679,0.034,2,58,False,27.19999999999999,,UNLABELED,UNVERIFIED,,,,,,19.67,LOW,NON_INDUSTRIAL_RURAL,ROUTINE_MONITORING_RECOMMENDED
1948,21.79582,83.88242,311.65,295.31,2026-09-28,2017,1.37,nominal,0.6,N,N,VIIRS,near_real_time,Odisha,EAST_MINERAL_BELT,False,111581.3,SAIL Rourkela Steel Plant,steel_and_heavy_industry,national_sail_rourkela_steel_,NON_INDUSTRIAL_RURAL,0.1,CLUSTER_681,0.034,2,58,False,16.339999999999975,,UNLABELED,UNVERIFIED,,,,,,16.39,LOW,NON_INDUSTRIAL_RURAL,ROUTINE_MONITORING_RECOMMENDED
1949,21.79913,83.88302,307.69,295.62,2026-09-28,2017,1.45,nominal,0.6,N,N,VIIRS,near_real_time,Odisha,EAST_MINERAL_BELT,False,111369.8,SAIL Rourkela Steel Plant,steel_and_heavy_industry,national_sail_rourkela_steel_,NON_INDUSTRIAL_RURAL,0.1,CLUSTER_681,0.034,2,58,False,12.069999999999993,,UNLABELED,UNVERIFIED,,,,,,16.39,LOW,NON_INDUSTRIAL_RURAL,ROUTINE_MONITORING_RECOMMENDED
1950,21.79986,82.04023,307.16,296.18,2026-09-28,2017,0.66,nominal,0.6,N,N,VIIRS,near_real_time,Chhattisgarh,EAST_MINERAL_BELT,False,96396.3,SAIL Bhilai Steel Plant,steel_and_heavy_industry,national_sail_bhilai_steel_pl,NON_INDUSTRIAL_RURAL,0.1,CLUSTER_682,0.034,2,58,False,10.980000000000018,,UNLABELED,UNVERIFIED,,,,,,16.39,LOW,NON_INDUSTRIAL_RURAL,ROUTINE_MONITORING_RECOMMENDED
1951,21.80022,85.56812,308.76,290.93,2026-09-28,2017,0.84,nominal,0.6,N,N,VIIRS,near_real_time,Odisha,EAST_MINERAL_BELT,False,85148.5,SAIL Rourkela Steel Plant,steel_and_heavy_industry,national_sail_rourkela_steel_,NON_INDUSTRIAL_RURAL,0.1,CLUSTER_683,0.034,2,58,False,17.829999999999984,,UNLABELED,UNVERIFIED,,,,,,16.01,LOW,NON_INDUSTRIAL_RURAL,ROUTINE_MONITORING_RECOMMENDED
1952,21.82187,83.99752,312.4,294.8,2026-09-28,2017,1.68,nominal,0.6,N,N,VIIRS,near_real_time,Odisha,EAST_MINERAL_BELT,False,99617.8,SAIL Rourkela Steel Plant,steel_and_heavy_industry,national_sail_rourkela_steel_,NON_INDUSTRIAL_RURAL,0.1,CLUSTER_867,0.017,1,58,False,17.599999999999966,,UNLABELED,UNVERIFIED,,,,,,16.48,LOW,NON_INDUSTRIAL_RURAL,ROUTINE_MONITORING_RECOMMENDED
1953,21.82716,83.89951,308.3,295.49,2026-09-28,2017,1.06,nominal,0.6,N,N,VIIRS,near_real_time,Odisha,EAST_MINERAL_BELT,False,108534.5,SAIL Rourkela Steel Plant,steel_and_heavy_industry,national_sail_rourkela_steel_,NON_INDUSTRIAL_RURAL,0.1,CLUSTER_684,0.034,2,58,False,12.810000000000002,,UNLABELED,UNVERIFIED,,,,,,16.14,LOW,NON_INDUSTRIAL_RURAL,ROUTINE_MONITORING_RECOMMENDED
1954,21.84134,83.98203,308.84,295.73,2026-09-28,2017,1.05,nominal,0.6,N,N,VIIRS,near_real_time,Odisha,EAST_MINERAL_BELT,False,100123.0,SAIL Rourkela Steel Plant,steel_and_heavy_industry,national_sail_rourkela_steel_,NON_INDUSTRIAL_RURAL,0.1,CLUSTER_868,0.017,1,58,False,13.109999999999957,,UNLABELED,UNVERIFIED,,,,,,16.01,LOW,NON_INDUSTRIAL_RURAL,ROUTINE_MONITORING_RECOMMENDED
1955,21.86059,83.96589,311.75,295.83,2026-09-28,2017,0.91,nominal,0.6,N,N,VIIRS,near_real_time,Odisha,EAST_MINERAL_BELT,False,100768.5,SAIL Rourkela Steel Plant,steel_and_heavy_industry,national_sail_rourkela_steel_,NON_INDUSTRIAL_RURAL,0.1,CLUSTER_685,0.034,2,58,False,15.920000000000016,,UNLABELED,UNVERIFIED,,,,,,16.28,LOW,NON_INDUSTRIAL_RURAL,ROUTINE_MONITORING_RECOMMENDED
1956,21.8766,83.49665,315.74,296.62,2026-09-28,2017,1.67,nominal,0.6,N,N,VIIRS,near_real_time,Odisha,EAST_MINERAL_BELT,False,145982.0,SAIL Rourkela Steel Plant,steel_and_heavy_industry,national_sail_rourkela_steel_,NON_INDUSTRIAL_RURAL,0.1,CLUSTER_341,0.052,3,58,False,19.120000000000005,,UNLABELED,UNVERIFIED,,,,,,16.93,LOW,NON_INDUSTRIAL_RURAL,ROUTINE_MONITORING_RECOMMENDED
1957,21.87788,83.55421,315.61,295.76,2026-09-28,2017,1.64,nominal,0.6,N,N,VIIRS,near_real_time,Odisha,EAST_MINERAL_BELT,False,140221.6,SAIL Rourkela Steel Plant,steel_and_heavy_industry,national_sail_rourkela_steel_,NON_INDUSTRIAL_RURAL,0.1,CLUSTER_686,0.034,2,58,False,19.850000000000023,,UNLABELED,UNVERIFIED,,,,,,16.89,LOW,NON_INDUSTRIAL_RURAL,ROUTINE_MONITORING_RECOMMENDED
1958,21.87904,83.54678,310.09,295.37,2026-09-28,2017,0.91,nominal,0.6,N,N,VIIRS,near_real_time,Odisha,EAST_MINERAL_BELT,False,140923.9,SAIL Rourkela Steel Plant,steel_and_heavy_industry,national_sail_rourkela_steel_,NON_INDUSTRIAL_RURAL,0.1,CLUSTER_869,0.017,1,58,False,14.71999999999997,,UNLABELED,UNVERIFIED,,,,,,15.98,LOW,NON_INDUSTRIAL_RURAL,ROUTINE_MONITORING_RECOMMENDED
1959,21.91961,83.3511,329.36,298.76,2026-09-28,2017,1.76,nominal,0.6,N,N,VIIRS,near_real_time,Odisha,EAST_MINERAL_BELT,False,159422.5,SAIL Rourkela Steel Plant,steel_and_heavy_industry,national_sail_rourkela_steel_,NON_INDUSTRIAL_RURAL,0.1,CLUSTER_146,0.086,5,58,False,30.600000000000023,,UNLABELED,UNVERIFIED,,,,,,20.16,LOW,NON_INDUSTRIAL_RURAL,ROUTINE_MONITORING_RECOMMENDED
1960,21.92018,83.34737,306.07,295.53,2026-09-28,2017,1.76,nominal,0.6,N,N,VIIRS,near_real_time,Odisha,EAST_MINERAL_BELT,False,159784.9,SAIL Rourkela Steel Plant,steel_and_heavy_industry,national_sail_rourkela_steel_,NON_INDUSTRIAL_RURAL,0.1,CLUSTER_146,0.086,5,58,False,10.54000000000002,,UNLABELED,UNVERIFIED,,,,,,20.16,LOW,NON_INDUSTRIAL_RURAL,ROUTINE_MONITORING_RECOMMENDED
1961,21.92293,83.35168,326.12,297.77,2026-09-28,2017,3.57,nominal,0.6,N,N,VIIRS,near_real_time,Odisha,EAST_MINERAL_BELT,False,159285.6,SAIL Rourkela Steel Plant,steel_and_heavy_industry,national_sail_rourkela_steel_,NON_INDUSTRIAL_RURAL,0.1,CLUSTER_146,0.086,5,58,False,28.350000000000023,,UNLABELED,UNVERIFIED,,,,,,20.16,LOW,NON_INDUSTRIAL_RURAL,ROUTINE_MONITORING_RECOMMENDED
1962,21.92466,83.34048,314.26,296.41,2026-09-28,2017,2.74,nominal,0.6,N,N,VIIRS,near_real_time,Odisha,EAST_MINERAL_BELT,False,160374.7,SAIL Rourkela Steel Plant,steel_and_heavy_industry,national_sail_rourkela_steel_,NON_INDUSTRIAL_RURAL,0.1,CLUSTER_687,0.034,2,58,False,17.849999999999966,,UNLABELED,UNVERIFIED,,,,,,16.99,LOW,NON_INDUSTRIAL_RURAL,ROUTINE_MONITORING_RECOMMENDED
1963,21.92476,85.2243,314.63,292.73,2026-09-28,2017,1.24,nominal,0.6,N,N,VIIRS,near_real_time,Odisha,EAST_MINERAL_BELT,False,48460.4,SAIL Rourkela Steel Plant,steel_and_heavy_industry,national_sail_rourkela_steel_,NON_INDUSTRIAL_RURAL,0.1,CLUSTER_870,0.017,1,58,False,21.899999999999977,,UNLABELED,UNVERIFIED,,,,,,16.66,LOW,NON_INDUSTRIAL_RURAL,ROUTINE_MONITORING_RECOMMENDED
1964,21.92873,85.22114,305.11,291.77,2026-09-28,2017,1.19,nominal,0.6,N,N,VIIRS,near_real_time,Odisha,EAST_MINERAL_BELT,False,47922.9,SAIL Rourkela Steel Plant,steel_and_heavy_industry,national_sail_rourkela_steel_,NON_INDUSTRIAL_RURAL,0.1,CLUSTER_870,0.017,1,58,False,13.340000000000032,,UNLABELED,UNVERIFIED,,,,,,16.66,LOW,NON_INDUSTRIAL_RURAL,ROUTINE_MONITORING_RECOMMENDED
1965,21.96605,83.77164,305.65,295.12,2026-09-28,2017,0.72,nominal,0.6,N,N,VIIRS,near_real_time,Odisha,EAST_MINERAL_BELT,False,116014.7,SAIL Rourkela Steel Plant,steel_and_heavy_industry,national_sail_rourkela_steel_,NON_INDUSTRIAL_RURAL,0.1,CLUSTER_147,0.069,4,58,False,10.529999999999973,,UNLABELED,UNVERIFIED,,,,,,16.16,LOW,NON_INDUSTRIAL_RURAL,ROUTINE_MONITORING_RECOMMENDED
1966,21.96984,85.31438,308.05,292.29,2026-09-28,2017,1.25,nominal,0.6,N,N,VIIRS,near_real_time,Odisha,EAST_MINERAL_BELT,False,52942.9,SAIL Rourkela Steel Plant,steel_and_heavy_industry,national_sail_rourkela_steel_,NON_INDUSTRIAL_RURAL,0.1,CLUSTER_688,0.034,2,58,False,15.759999999999991,,UNLABELED,UNVERIFIED,,,,,,16.22,LOW,NON_INDUSTRIAL_RURAL,ROUTINE_MONITORING_RECOMMENDED
1967,21.98051,83.23817,308.91,296.35,2026-09-28,2017,1.58,nominal,0.6,N,N,VIIRS,near_real_time,Odisha,EAST_MINERAL_BELT,False,169597.0,SAIL Rourkela Steel Plant,steel_and_heavy_industry,national_sail_rourkela_steel_,NON_INDUSTRIAL_RURAL,0.1,CLUSTER_293,0.086,5,58,False,12.560000000000002,,UNLABELED,UNVERIFIED,,,,,,20.43,LOW,NON_INDUSTRIAL_RURAL,ROUTINE_MONITORING_RECOMMENDED
1968,21.98499,83.23125,320.8,297.26,2026-09-28,2017,2.35,nominal,0.6,N,N,VIIRS,near_real_time,Odisha,EAST_MINERAL_BELT,False,170221.6,SAIL Rourkela Steel Plant,steel_and_heavy_industry,national_sail_rourkela_steel_,NON_INDUSTRIAL_RURAL,0.1,CLUSTER_293,0.086,5,58,False,23.54000000000002,,UNLABELED,UNVERIFIED,,,,,,20.43,LOW,NON_INDUSTRIAL_RURAL,ROUTINE_MONITORING_RECOMMENDED
1969,21.99199,85.32645,305.67,292.15,2026-09-28,2017,0.76,nominal,0.6,N,N,VIIRS,near_real_time,Odisha,EAST_MINERAL_BELT,False,52794.6,SAIL Rourkela Steel Plant,steel_and_heavy_industry,national_sail_rourkela_steel_,NON_INDUSTRIAL_RURAL,0.1,CLUSTER_871,0.017,1,58,False,13.520000000000039,,UNLABELED,UNVERIFIED,,,,,,15.94,LOW,NON_INDUSTRIAL_RURAL,ROUTINE_MONITORING_RECOMMENDED
1970,22.00309,82.66725,306.12,295.1,2026-09-28,2017,0.75,nominal,0.6,N,N,VIIRS,near_real_time,Chhattisgarh,EAST_MINERAL_BELT,False,160886.0,SAIL Bhilai Steel Plant,steel_and_heavy_industry,national_sail_bhilai_steel_pl,NON_INDUSTRIAL_RURAL,0.1,CLUSTER_148,0.052,3,58,False,11.019999999999982,,UNLABELED,UNVERIFIED,,,,,,16.87,LOW,NON_INDUSTRIAL_RURAL,ROUTINE_MONITORING_RECOMMENDED
1971,22.0057,84.03344,305.76,293.99,2026-09-28,2017,0.68,nominal,0.6,N,N,VIIRS,near_real_time,Odisha,EAST_MINERAL_BELT,False,88791.4,SAIL Rourkela Steel Plant,steel_and_heavy_industry,national_sail_rourkela_steel_,NON_INDUSTRIAL_RURAL,0.1,CLUSTER_872,0.017,1,58,False,11.769999999999982,,UNLABELED,UNVERIFIED,,,,,,15.92,LOW,NON_INDUSTRIAL_RURAL,ROUTINE_MONITORING_RECOMMENDED
1972,22.00588,82.67168,315.24,295.76,2026-09-28,2017,1.22,nominal,0.6,N,N,VIIRS,near_real_time,Chhattisgarh,EAST_MINERAL_BELT,False,161438.2,SAIL Bhilai Steel Plant,steel_and_heavy_industry,national_sail_bhilai_steel_pl,NON_INDUSTRIAL_RURAL,0.1,CLUSTER_148,0.052,3,58,False,19.480000000000018,,UNLABELED,UNVERIFIED,,,,,,16.87,LOW,NON_INDUSTRIAL_RURAL,ROUTINE_MONITORING_RECOMMENDED
1973,22.00779,83.32768,306.54,294.99,2026-09-28,2017,0.64,nominal,0.6,N,N,VIIRS,near_real_time,Odisha,EAST_MINERAL_BELT,False,160006.5,SAIL Rourkela Steel Plant,steel_and_heavy_industry,national_sail_rourkela_steel_,NON_INDUSTRIAL_RURAL,0.1,CLUSTER_873,0.017,1,58,False,11.550000000000011,,UNLABELED,UNVERIFIED,,,,,,15.91,LOW,NON_INDUSTRIAL_RURAL,ROUTINE_MONITORING_RECOMMENDED
1974,22.01578,83.75319,320.74,296.84,2026-09-28,2017,2.46,nominal,0.6,N,N,VIIRS,near_real_time,Odisha,EAST_MINERAL_BELT,False,116645.0,SAIL Rourkela Steel Plant,steel_and_heavy_industry,national_sail_rourkela_steel_,NON_INDUSTRIAL_RURAL,0.1,CLUSTER_149,0.069,4,58,False,23.900000000000034,,UNLABELED,UNVERIFIED,,,,,,17.81,LOW,NON_INDUSTRIAL_RURAL,ROUTINE_MONITORING_RECOMMENDED
1975,22.01936,83.34125,307.7,294.97,2026-09-28,2017,0.5,nominal,0.6,N,N,VIIRS,near_real_time,Odisha,EAST_MINERAL_BELT,False,158431.8,SAIL Rourkela Steel Plant,steel_and_heavy_industry,national_sail_rourkela_steel_,NON_INDUSTRIAL_RURAL,0.1,CLUSTER_874,0.034,2,58,False,12.729999999999961,,UNLABELED,UNVERIFIED,,,,,,19.41,LOW,NON_INDUSTRIAL_RURAL,ROUTINE_MONITORING_RECOMMENDED
1976,22.02919,83.36604,306.55,295.17,2026-09-28,2017,1.48,nominal,0.6,N,N,VIIRS,near_real_time,Odisha,EAST_MINERAL_BELT,False,155746.4,SAIL Rourkela Steel Plant,steel_and_heavy_industry,national_sail_rourkela_steel_,NON_INDUSTRIAL_RURAL,0.1,CLUSTER_689,0.034,2,58,False,11.379999999999995,,UNLABELED,UNVERIFIED,,,,,,16.16,LOW,NON_INDUSTRIAL_RURAL,ROUTINE_MONITORING_RECOMMENDED
1977,22.03309,83.36289,305.72,295.28,2026-09-28,2017,1.41,nominal,0.6,N,N,VIIRS,near_real_time,Odisha,EAST_MINERAL_BELT,False,156007.6,SAIL Rourkela Steel Plant,steel_and_heavy_industry,national_sail_rourkela_steel_,NON_INDUSTRIAL_RURAL,0.1,CLUSTER_689,0.034,2,58,False,10.440000000000055,,UNLABELED,UNVERIFIED,,,,,,16.16,LOW,NON_INDUSTRIAL_RURAL,ROUTINE_MONITORING_RECOMMENDED
1978,22.03424,83.35542,309.05,295.85,2026-09-28,2017,1.03,nominal,0.6,N,N,VIIRS,near_real_time,Odisha,EAST_MINERAL_BELT,False,156752.7,SAIL Rourkela Steel Plant,steel_and_heavy_industry,national_sail_rourkela_steel_,NON_INDUSTRIAL_RURAL,0.1,CLUSTER_690,0.034,2,58,False,13.199999999999989,,UNLABELED,UNVERIFIED,,,,,,17.97,LOW,NON_INDUSTRIAL_RURAL,ROUTINE_MONITORING_RECOMMENDED
1979,22.03814,83.35226,321.21,297.48,2026-09-28,2017,1.92,nominal,0.6,N,N,VIIRS,near_real_time,Odisha,EAST_MINERAL_BELT,False,157017.0,SAIL Rourkela Steel Plant,steel_and_heavy_industry,national_sail_rourkela_steel_,NON_INDUSTRIAL_RURAL,0.1,CLUSTER_690,0.034,2,58,False,23.72999999999996,,UNLABELED,UNVERIFIED,,,,,,17.97,LOW,NON_INDUSTRIAL_RURAL,ROUTINE_MONITORING_RECOMMENDED
1980,22.03913,83.73449,311.7,296.06,2026-09-28,2017,2.38,nominal,0.6,N,N,VIIRS,near_real_time,Odisha,EAST_MINERAL_BELT,False,118059.0,SAIL Rourkela Steel Plant,steel_and_heavy_industry,national_sail_rourkela_steel_,NON_INDUSTRIAL_RURAL,0.1,CLUSTER_150,0.086,5,58,False,15.639999999999986,,UNLABELED,UNVERIFIED,,,,,,21.54,LOW,NON_INDUSTRIAL_RURAL,ROUTINE_MONITORING_RECOMMENDED
1981,22.03971,83.73078,335.89,297.75,2026-09-28,2017,2.72,nominal,0.6,N,N,VIIRS,near_real_time,Odisha,EAST_MINERAL_BELT,False,118424.5,SAIL Rourkela Steel Plant,steel_and_heavy_industry,national_sail_rourkela_steel_,NON_INDUSTRIAL_RURAL,0.1,CLUSTER_150,0.086,5,58,False,38.139999999999986,,UNLABELED,UNVERIFIED,,,,,,21.54,LOW,NON_INDUSTRIAL_RURAL,ROUTINE_MONITORING_RECOMMENDED
1982,22.04029,83.72707,308.87,294.89,2026-09-28,2017,2.72,nominal,0.6,N,N,VIIRS,near_real_time,Odisha,EAST_MINERAL_BELT,False,118790.2,SAIL Rourkela Steel Plant,steel_and_heavy_industry,national_sail_rourkela_steel_,NON_INDUSTRIAL_RURAL,0.1,CLUSTER_150,0.086,5,58,False,13.980000000000018,,UNLABELED,UNVERIFIED,,,,,,21.54,LOW,NON_INDUSTRIAL_RURAL,ROUTINE_MONITORING_RECOMMENDED
1983,22.05104,88.12393,319.8,286.16,2026-09-28,2017,2.33,nominal,0.6,N,N,VIIRS,near_real_time,West Bengal,EAST_MINERAL_BELT,False,3910.8,Haldia Petrochemicals Complex,chemical_petrochemical,national_haldia_petrochemical,VICINITY_ZONE,0.4,CLUSTER_151,0.069,4,58,False,33.639999999999986,,UNLABELED,UNVERIFIED,,,,,,20.4,LOW,NON_INDUSTRIAL_RURAL,ROUTINE_MONITORING_RECOMMENDED
1984,22.0535,85.46431,311.73,292.31,2026-09-28,2017,1.12,nominal,0.6,N,N,VIIRS,near_real_time,Odisha,EAST_MINERAL_BELT,False,63329.7,SAIL Rourkela Steel Plant,steel_and_heavy_industry,national_sail_rourkela_steel_,NON_INDUSTRIAL_RURAL,0.1,CLUSTER_875,0.017,1,58,False,19.420000000000016,,UNLABELED,UNVERIFIED,,,,,,16.25,LOW,NON_INDUSTRIAL_RURAL,ROUTINE_MONITORING_RECOMMENDED
1985,22.05476,88.12471,319.91,287.78,2026-09-28,2017,2.33,nominal,0.6,N,N,VIIRS,near_real_time,West Bengal,EAST_MINERAL_BELT,False,4019.3,Haldia Petrochemicals Complex,chemical_petrochemical,national_haldia_petrochemical,VICINITY_ZONE,0.4,CLUSTER_151,0.069,4,58,False,32.13000000000005,,UNLABELED,UNVERIFIED,,,,,,20.4,LOW,NON_INDUSTRIAL_RURAL,ROUTINE_MONITORING_RECOMMENDED
1986,22.06422,83.70464,311.96,293.9,2026-09-28,2017,0.84,nominal,0.6,N,N,VIIRS,near_real_time,Odisha,EAST_MINERAL_BELT,False,120651.1,SAIL Rourkela Steel Plant,steel_and_heavy_industry,national_sail_rourkela_steel_,NON_INDUSTRIAL_RURAL,0.1,CLUSTER_342,0.052,3,58,False,18.060000000000002,,UNLABELED,UNVERIFIED,,,,,,16.34,LOW,NON_INDUSTRIAL_RURAL,ROUTINE_MONITORING_RECOMMENDED
1987,22.06753,83.70525,306.4,294.8,2026-09-28,2017,0.84,nominal,0.6,N,N,VIIRS,near_real_time,Odisha,EAST_MINERAL_BELT,False,120535.4,SAIL Rourkela Steel Plant,steel_and_heavy_industry,national_sail_rourkela_steel_,NON_INDUSTRIAL_RURAL,0.1,CLUSTER_342,0.052,3,58,False,11.599999999999966,,UNLABELED,UNVERIFIED,,,,,,16.34,LOW,NON_INDUSTRIAL_RURAL,ROUTINE_MONITORING_RECOMMENDED
1988,22.09679,85.3505,303.51,291.71,2026-09-28,2017,0.54,nominal,0.6,N,N,VIIRS,near_real_time,Odisha,EAST_MINERAL_BELT,False,50723.5,SAIL Rourkela Steel Plant,steel_and_heavy_industry,national_sail_rourkela_steel_,NON_INDUSTRIAL_RURAL,0.1,CLUSTER_876,0.017,1,58,False,11.800000000000011,,UNLABELED,UNVERIFIED,,,,,,15.88,LOW,NON_INDUSTRIAL_RURAL,ROUTINE_MONITORING_RECOMMENDED
1989,22.13314,85.38105,304.86,291.51,2026-09-28,2017,0.82,nominal,0.6,N,N,VIIRS,near_real_time,Odisha,EAST_MINERAL_BELT,False,52882.2,SAIL Rourkela Steel Plant,steel_and_heavy_industry,national_sail_rourkela_steel_,NON_INDUSTRIAL_RURAL,0.1,CLUSTER_691,0.034,2,58,False,13.350000000000023,,UNLABELED,UNVERIFIED,,,,,,16.05,LOW,NON_INDUSTRIAL_RURAL,ROUTINE_MONITORING_RECOMMENDED
1990,22.16156,85.41801,304.83,290.5,2026-09-28,2017,0.43,nominal,0.6,N,N,VIIRS,near_real_time,Odisha,EAST_MINERAL_BELT,False,56177.3,SAIL Rourkela Steel Plant,steel_and_heavy_industry,national_sail_rourkela_steel_,NON_INDUSTRIAL_RURAL,0.1,CLUSTER_877,0.017,1,58,False,14.329999999999984,,UNLABELED,UNVERIFIED,,,,,,15.86,LOW,NON_INDUSTRIAL_RURAL,ROUTINE_MONITORING_RECOMMENDED
1991,22.20705,84.86976,306.67,293.5,2026-09-28,2017,0.96,nominal,0.6,N,N,VIIRS,near_real_time,Jharkhand,EAST_MINERAL_BELT,False,773.2,SAIL Rourkela Steel Plant,steel_and_heavy_industry,national_sail_rourkela_steel_,NEARBY_INDUSTRIAL_BUFFER,0.8,CLUSTER_566,0.034,2,58,False,13.170000000000016,,UNLABELED,UNVERIFIED,,,,,,48.95,MODERATE,RECURRING_INTERMITTENT_HEAT,ANALYST_REVIEW_RECOMMENDED
1992,22.20764,84.5507,310.78,294.04,2026-09-28,2017,1.14,nominal,0.6,N,N,VIIRS,near_real_time,Jharkhand,EAST_MINERAL_BELT,False,32281.0,SAIL Rourkela Steel Plant,steel_and_heavy_industry,national_sail_rourkela_steel_,NON_INDUSTRIAL_RURAL,0.1,CLUSTER_878,0.017,1,58,False,16.739999999999952,,UNLABELED,UNVERIFIED,,,,,,16.13,LOW,NON_INDUSTRIAL_RURAL,ROUTINE_MONITORING_RECOMMENDED
1993,22.20827,84.86227,317.47,294.32,2026-09-28,2017,2.01,nominal,0.6,N,N,VIIRS,near_real_time,Jharkhand,EAST_MINERAL_BELT,False,875.6,SAIL Rourkela Steel Plant,steel_and_heavy_industry,national_sail_rourkela_steel_,NEARBY_INDUSTRIAL_BUFFER,0.8,CLUSTER_566,0.034,2,58,False,23.150000000000034,,UNLABELED,UNVERIFIED,,,,,,48.95,MODERATE,RECURRING_INTERMITTENT_HEAT,ANALYST_REVIEW_RECOMMENDED
1994,22.20915,84.87788,309.21,293.27,2026-09-28,2017,1.1,nominal,0.6,N,N,VIIRS,near_real_time,Jharkhand,EAST_MINERAL_BELT,False,803.5,SAIL Rourkela Steel Plant,steel_and_heavy_industry,national_sail_rourkela_steel_,NEARBY_INDUSTRIAL_BUFFER,0.8,CLUSTER_566,0.034,2,58,False,15.939999999999998,,UNLABELED,UNVERIFIED,,,,,,48.95,MODERATE,RECURRING_INTERMITTENT_HEAT,ANALYST_REVIEW_RECOMMENDED
1995,22.21099,84.86665,306.02,293.17,2026-09-28,2017,2.01,nominal,0.6,N,N,VIIRS,near_real_time,Jharkhand,EAST_MINERAL_BELT,False,399.2,SAIL Rourkela Steel Plant,steel_and_heavy_industry,national_sail_rourkela_steel_,NEARBY_INDUSTRIAL_BUFFER,0.8,CLUSTER_566,0.034,2,58,False,12.849999999999966,,UNLABELED,UNVERIFIED,,,,,,48.95,MODERATE,RECURRING_INTERMITTENT_HEAT,ANALYST_REVIEW_RECOMMENDED
1996,22.21308,84.87476,308.18,294.64,2026-09-28,2017,1.1,nominal,0.6,N,N,VIIRS,near_real_time,Jharkhand,EAST_MINERAL_BELT,False,260.2,SAIL Rourkela Steel Plant,steel_and_heavy_industry,national_sail_rourkela_steel_,NEARBY_INDUSTRIAL_BUFFER,0.8,CLUSTER_566,0.034,2,58,False,13.54000000000002,,UNLABELED,UNVERIFIED,,,,,,48.95,MODERATE,RECURRING_INTERMITTENT_HEAT,ANALYST_REVIEW_RECOMMENDED
1997,22.21869,84.75632,311.75,294.21,2026-09-28,2017,1.8,nominal,0.6,N,N,VIIRS,near_real_time,Jharkhand,EAST_MINERAL_BELT,False,11085.3,SAIL Rourkela Steel Plant,steel_and_heavy_industry,national_sail_rourkela_steel_,NON_INDUSTRIAL_RURAL,0.1,CLUSTER_879,0.017,1,58,False,17.54000000000002,,UNLABELED,UNVERIFIED,,,,,,16.43,LOW,NON_INDUSTRIAL_RURAL,ROUTINE_MONITORING_RECOMMENDED
1998,22.22261,84.75321,307.17,293.84,2026-09-28,2017,1.58,nominal,0.6,N,N,VIIRS,near_real_time,Jharkhand,EAST_MINERAL_BELT,False,11408.0,SAIL Rourkela Steel Plant,steel_and_heavy_industry,national_sail_rourkela_steel_,NON_INDUSTRIAL_RURAL,0.1,CLUSTER_879,0.017,1,58,False,13.330000000000041,,UNLABELED,UNVERIFIED,,,,,,16.43,LOW,NON_INDUSTRIAL_RURAL,ROUTINE_MONITORING_RECOMMENDED
1999,22.24446,87.38916,308.44,289.69,2026-09-28,2017,1.57,nominal,0.6,N,N,VIIRS,near_real_time,West Bengal,EAST_MINERAL_BELT,False,73740.6,Haldia Petrochemicals Complex,chemical_petrochemical,national_haldia_petrochemical,NON_INDUSTRIAL_RURAL,0.1,CLUSTER_880,0.017,1,58,False,18.75,,UNLABELED,UNVERIFIED,,,,,,16.13,LOW,NON_INDUSTRIAL_RURAL,ROUTINE_MONITORING_RECOMMENDED
2000,22.26373,75.13213,314.63,295.32,2026-09-28,2017,1.35,nominal,0.6,N,N,VIIRS,near_real_time,Central India,ALL_INDIA,False,134193.7,Unnamed Industrial Facility,depot,way/1278600800,NON_INDUSTRIAL_RURAL,0.1,CLUSTER_343,0.069,4,58,False,19.310000000000002,,UNLABELED,UNVERIFIED,,,,,,16.71,LOW,NON_INDUSTRIAL_RURAL,ROUTINE_MONITORING_RECOMMENDED
2001,22.26598,75.13197,313.19,296.03,2026-09-28,2017,1.47,nominal,0.6,N,N,VIIRS,near_real_time,Central India,ALL_INDIA,False,134087.0,Unnamed Industrial Facility,depot,way/1278600800,NON_INDUSTRIAL_RURAL,0.1,CLUSTER_343,0.069,4,58,False,17.160000000000025,,UNLABELED,UNVERIFIED,,,,,,16.71,LOW,NON_INDUSTRIAL_RURAL,ROUTINE_MONITORING_RECOMMENDED
2002,22.31589,82.56006,307.96,295.94,2026-09-28,2017,1.43,nominal,0.6,N,N,VIIRS,near_real_time,Chhattisgarh,EAST_MINERAL_BELT,False,174872.1,SAIL Bhilai Steel Plant,steel_and_heavy_industry,national_sail_bhilai_steel_pl,NON_INDUSTRIAL_RURAL,0.1,CLUSTER_693,0.034,2,58,False,12.019999999999982,,UNLABELED,UNVERIFIED,,,,,,17.01,LOW,NON_INDUSTRIAL_RURAL,ROUTINE_MONITORING_RECOMMENDED
2003,22.31595,82.53616,305.72,294.65,2026-09-28,2017,1.51,nominal,0.6,N,N,VIIRS,near_real_time,Chhattisgarh,EAST_MINERAL_BELT,False,173172.0,SAIL Bhilai Steel Plant,steel_and_heavy_industry,national_sail_bhilai_steel_pl,NON_INDUSTRIAL_RURAL,0.1,CLUSTER_692,0.034,2,58,False,11.07000000000005,,UNLABELED,UNVERIFIED,,,,,,16.12,LOW,NON_INDUSTRIAL_RURAL,ROUTINE_MONITORING_RECOMMENDED
2004,22.3187,82.56453,311.46,296.82,2026-09-28,2017,1.18,nominal,0.6,N,N,VIIRS,near_real_time,Chhattisgarh,EAST_MINERAL_BELT,False,175416.7,SAIL Bhilai Steel Plant,steel_and_heavy_industry,national_sail_bhilai_steel_pl,NON_INDUSTRIAL_RURAL,0.1,CLUSTER_693,0.034,2,58,False,14.639999999999986,,UNLABELED,UNVERIFIED,,,,,,17.01,LOW,NON_INDUSTRIAL_RURAL,ROUTINE_MONITORING_RECOMMENDED
2005,22.31927,82.56065,315.5,295.76,2026-09-28,2017,1.97,nominal,0.6,N,N,VIIRS,near_real_time,Chhattisgarh,EAST_MINERAL_BELT,False,175184.0,SAIL Bhilai Steel Plant,steel_and_heavy_industry,national_sail_bhilai_steel_pl,NON_INDUSTRIAL_RURAL,0.1,CLUSTER_693,0.034,2,58,False,19.74000000000001,,UNLABELED,UNVERIFIED,,,,,,17.01,LOW,NON_INDUSTRIAL_RURAL,ROUTINE_MONITORING_RECOMMENDED
2006,22.32201,82.58895,332.75,295.57,2026-09-28,2017,4.97,nominal,0.6,N,N,VIIRS,near_real_time,Chhattisgarh,EAST_MINERAL_BELT,False,177439.6,SAIL Bhilai Steel Plant,steel_and_heavy_industry,national_sail_bhilai_steel_pl,NON_INDUSTRIAL_RURAL,0.1,CLUSTER_153,0.086,5,58,False,37.18000000000001,,UNLABELED,UNVERIFIED,,,,,,21.05,LOW,NON_INDUSTRIAL_RURAL,ROUTINE_MONITORING_RECOMMENDED
2007,22.32208,82.5651,312.34,296.71,2026-09-28,2017,1.18,nominal,0.6,N,N,VIIRS,near_real_time,Chhattisgarh,EAST_MINERAL_BELT,False,175727.0,SAIL Bhilai Steel Plant,steel_and_heavy_industry,national_sail_bhilai_steel_pl,NON_INDUSTRIAL_RURAL,0.1,CLUSTER_693,0.034,2,58,False,15.629999999999995,,UNLABELED,UNVERIFIED,,,,,,17.01,LOW,NON_INDUSTRIAL_RURAL,ROUTINE_MONITORING_RECOMMENDED
2008,22.32984,82.60618,319.87,295.36,2026-09-28,2017,2.04,nominal,0.6,N,N,VIIRS,near_real_time,Chhattisgarh,EAST_MINERAL_BELT,False,179306.8,SAIL Bhilai Steel Plant,steel_and_heavy_industry,national_sail_bhilai_steel_pl,NON_INDUSTRIAL_RURAL,0.1,CLUSTER_154,0.052,3,58,False,24.50999999999999,,UNLABELED,UNVERIFIED,,,,,,18.77,LOW,NON_INDUSTRIAL_RURAL,ROUTINE_MONITORING_RECOMMENDED
2009,22.35722,82.30238,329.87,297.39,2026-09-28,2017,3.05,nominal,0.6,N,N,VIIRS,near_real_time,Chhattisgarh,EAST_MINERAL_BELT,False,161237.0,SAIL Bhilai Steel Plant,steel_and_heavy_industry,national_sail_bhilai_steel_pl,NON_INDUSTRIAL_RURAL,0.1,CLUSTER_155,0.086,5,58,False,32.48000000000002,,UNLABELED,UNVERIFIED,,,,,,22.5,LOW,NON_INDUSTRIAL_RURAL,ROUTINE_MONITORING_RECOMMENDED
2010,22.35906,87.2926,307.08,289.4,2026-09-28,2017,1.83,nominal,0.6,N,N,VIIRS,near_real_time,West Bengal,EAST_MINERAL_BELT,False,87419.8,Haldia Petrochemicals Complex,chemical_petrochemical,national_haldia_petrochemical,NON_INDUSTRIAL_RURAL,0.1,CLUSTER_694,0.034,2,58,False,17.680000000000007,,UNLABELED,UNVERIFIED,,,,,,16.2,LOW,NON_INDUSTRIAL_RURAL,ROUTINE_MONITORING_RECOMMENDED
2011,22.35983,87.28825,306.28,289.52,2026-09-28,2017,1.54,nominal,0.6,N,N,VIIRS,near_real_time,West Bengal,EAST_MINERAL_BELT,False,87865.4,Haldia Petrochemicals Complex,chemical_petrochemical,national_haldia_petrochemical,NON_INDUSTRIAL_RURAL,0.1,CLUSTER_694,0.034,2,58,False,16.75999999999999,,UNLABELED,UNVERIFIED,,,,,,16.2,LOW,NON_INDUSTRIAL_RURAL,ROUTINE_MONITORING_RECOMMENDED
2012,22.36037,87.01652,307.74,288.14,2026-09-28,2017,1.1,nominal,0.6,N,N,VIIRS,near_real_time,West Bengal,EAST_MINERAL_BELT,False,95321.7,Tata Steel Jamshedpur Works,steel_and_heavy_industry,national_tata_steel_jamshedpu,NON_INDUSTRIAL_RURAL,0.1,CLUSTER_695,0.034,2,58,False,19.600000000000023,,UNLABELED,UNVERIFIED,,,,,,16.54,LOW,NON_INDUSTRIAL_RURAL,ROUTINE_MONITORING_RECOMMENDED
2013,22.36062,82.30297,326.0,297.57,2026-09-28,2017,3.05,nominal,0.6,N,N,VIIRS,near_real_time,Chhattisgarh,EAST_MINERAL_BELT,False,161577.9,SAIL Bhilai Steel Plant,steel_and_heavy_industry,national_sail_bhilai_steel_pl,NON_INDUSTRIAL_RURAL,0.1,CLUSTER_155,0.086,5,58,False,28.430000000000007,,UNLABELED,UNVERIFIED,,,,,,22.5,LOW,NON_INDUSTRIAL_RURAL,ROUTINE_MONITORING_RECOMMENDED
2014,22.36389,87.01722,310.72,288.62,2026-09-28,2017,1.1,nominal,0.6,N,N,VIIRS,near_real_time,West Bengal,EAST_MINERAL_BELT,False,95194.0,Tata Steel Jamshedpur Works,steel_and_heavy_industry,national_tata_steel_jamshedpu,NON_INDUSTRIAL_RURAL,0.1,CLUSTER_695,0.034,2,58,False,22.100000000000023,,UNLABELED,UNVERIFIED,,,,,,16.54,LOW,NON_INDUSTRIAL_RURAL,ROUTINE_MONITORING_RECOMMENDED
2015,22.36463,87.30279,320.95,290.31,2026-09-28,2017,2.68,nominal,0.6,N,N,VIIRS,near_real_time,West Bengal,EAST_MINERAL_BELT,False,86699.7,Haldia Petrochemicals Complex,chemical_petrochemical,national_haldia_petrochemical,NON_INDUSTRIAL_RURAL,0.1,CLUSTER_696,0.052,3,58,False,30.639999999999986,,UNLABELED,UNVERIFIED,,,,,,20.34,LOW,NON_INDUSTRIAL_RURAL,ROUTINE_MONITORING_RECOMMENDED
2016,22.3674,87.01793,308.11,288.36,2026-09-28,2017,0.86,nominal,0.6,N,N,VIIRS,near_real_time,West Bengal,EAST_MINERAL_BELT,False,95069.3,Tata Steel Jamshedpur Works,steel_and_heavy_industry,national_tata_steel_jamshedpu,NON_INDUSTRIAL_RURAL,0.1,CLUSTER_695,0.034,2,58,False,19.75,,UNLABELED,UNVERIFIED,,,,,,16.54,LOW,NON_INDUSTRIAL_RURAL,ROUTINE_MONITORING_RECOMMENDED
2017,22.36896,87.29916,332.74,290.22,2026-09-28,2017,4.3,nominal,0.6,N,N,VIIRS,near_real_time,West Bengal,EAST_MINERAL_BELT,False,87234.3,Haldia Petrochemicals Complex,chemical_petrochemical,national_haldia_petrochemical,NON_INDUSTRIAL_RURAL,0.1,CLUSTER_696,0.052,3,58,False,42.51999999999998,,UNLABELED,UNVERIFIED,,,,,,20.34,LOW,NON_INDUSTRIAL_RURAL,ROUTINE_MONITORING_RECOMMENDED
2018,22.37635,87.27812,327.86,291.64,2026-09-28,2017,5.22,nominal,0.6,N,N,VIIRS,near_real_time,West Bengal,EAST_MINERAL_BELT,False,89545.7,Haldia Petrochemicals Complex,chemical_petrochemical,national_haldia_petrochemical,NON_INDUSTRIAL_RURAL,0.1,CLUSTER_567,0.034,2,58,False,36.22000000000003,,UNLABELED,UNVERIFIED,,,,,,22.66,LOW,NON_INDUSTRIAL_RURAL,ROUTINE_MONITORING_RECOMMENDED
2019,22.3799,87.27886,315.14,290.15,2026-09-28,2017,2.96,nominal,0.6,N,N,VIIRS,near_real_time,West Bengal,EAST_MINERAL_BELT,False,89634.8,Haldia Petrochemicals Complex,chemical_petrochemical,national_haldia_petrochemical,NON_INDUSTRIAL_RURAL,0.1,CLUSTER_567,0.034,2,58,False,24.99000000000001,,UNLABELED,UNVERIFIED,,,,,,22.66,LOW,NON_INDUSTRIAL_RURAL,ROUTINE_MONITORING_RECOMMENDED
2020,22.57229,85.89647,315.19,292.16,2026-09-28,2017,1.24,nominal,0.6,N,N,VIIRS,near_real_time,Jharkhand,EAST_MINERAL_BELT,False,38140.3,Tata Steel Jamshedpur Works,steel_and_heavy_industry,national_tata_steel_jamshedpu,NON_INDUSTRIAL_RURAL,0.1,CLUSTER_697,0.034,2,58,False,23.029999999999973,,UNLABELED,UNVERIFIED,,,,,,16.77,LOW,NON_INDUSTRIAL_RURAL,ROUTINE_MONITORING_RECOMMENDED
2021,22.57294,85.89257,308.78,291.81,2026-09-28,2017,1.24,nominal,0.6,N,N,VIIRS,near_real_time,Jharkhand,EAST_MINERAL_BELT,False,38419.7,Tata Steel Jamshedpur Works,steel_and_heavy_industry,national_tata_steel_jamshedpu,NON_INDUSTRIAL_RURAL,0.1,CLUSTER_697,0.034,2,58,False,16.96999999999997,,UNLABELED,UNVERIFIED,,,,,,16.77,LOW,NON_INDUSTRIAL_RURAL,ROUTINE_MONITORING_RECOMMENDED
2022,22.58851,85.90372,305.9,291.52,2026-09-28,2017,1.47,nominal,0.6,N,N,VIIRS,near_real_time,Jharkhand,EAST_MINERAL_BELT,False,36480.7,Tata Steel Jamshedpur Works,steel_and_heavy_industry,national_tata_steel_jamshedpu,NON_INDUSTRIAL_RURAL,0.1,CLUSTER_881,0.017,1,58,False,14.379999999999995,,UNLABELED,UNVERIFIED,,,,,,16.11,LOW,NON_INDUSTRIAL_RURAL,ROUTINE_MONITORING_RECOMMENDED
2023,22.78916,86.20958,308.96,292.1,2026-09-28,2017,1.98,nominal,0.6,N,N,VIIRS,near_real_time,Jharkhand,EAST_MINERAL_BELT,False,773.5,Tata Steel Jamshedpur Works,steel_and_heavy_industry,national_tata_steel_jamshedpu,NEARBY_INDUSTRIAL_BUFFER,0.8,CLUSTER_047,0.121,7,58,True,16.859999999999957,,UNLABELED,UNVERIFIED,,,,,,82.57,CRITICAL,SEVERE_THERMAL_ANOMALY,HIGH_PRIORITY_INVESTIGATION_REQUIRED
2024,22.7905,86.20164,311.38,291.89,2026-09-28,2017,2.59,nominal,0.6,N,N,VIIRS,near_real_time,Jharkhand,EAST_MINERAL_BELT,False,514.5,Tata Steel Jamshedpur Works,steel_and_heavy_industry,national_tata_steel_jamshedpu,NEARBY_INDUSTRIAL_BUFFER,0.8,CLUSTER_047,0.121,7,58,True,19.49000000000001,,UNLABELED,UNVERIFIED,,,,,,82.57,CRITICAL,SEVERE_THERMAL_ANOMALY,HIGH_PRIORITY_INVESTIGATION_REQUIRED
2025,22.79117,86.19769,306.55,292.2,2026-09-28,2017,1.14,nominal,0.6,N,N,VIIRS,near_real_time,Jharkhand,EAST_MINERAL_BELT,False,599.2,Tata Steel Jamshedpur Works,steel_and_heavy_industry,national_tata_steel_jamshedpu,NEARBY_INDUSTRIAL_BUFFER,0.8,CLUSTER_047,0.121,7,58,True,14.350000000000023,,UNLABELED,UNVERIFIED,,,,,,82.57,CRITICAL,SEVERE_THERMAL_ANOMALY,HIGH_PRIORITY_INVESTIGATION_REQUIRED
2026,22.79246,86.20996,307.34,292.2,2026-09-28,2017,1.21,nominal,0.6,N,N,VIIRS,near_real_time,Jharkhand,EAST_MINERAL_BELT,False,1074.4,Tata Steel Jamshedpur Works,steel_and_heavy_industry,national_tata_steel_jamshedpu,VICINITY_ZONE,0.4,CLUSTER_047,0.121,7,58,True,15.139999999999986,,UNLABELED,UNVERIFIED,,,,,,82.57,CRITICAL,SEVERE_THERMAL_ANOMALY,HIGH_PRIORITY_INVESTIGATION_REQUIRED
2027,22.79457,86.19836,311.49,290.86,2026-09-28,2017,1.14,nominal,0.6,N,N,VIIRS,near_real_time,Jharkhand,EAST_MINERAL_BELT,False,962.2,Tata Steel Jamshedpur Works,steel_and_heavy_industry,national_tata_steel_jamshedpu,NEARBY_INDUSTRIAL_BUFFER,0.8,CLUSTER_047,0.121,7,58,True,20.629999999999995,,UNLABELED,UNVERIFIED,,,,,,82.57,CRITICAL,SEVERE_THERMAL_ANOMALY,HIGH_PRIORITY_INVESTIGATION_REQUIRED
2028,22.79723,86.20271,305.99,291.24,2026-09-28,2017,2.07,nominal,0.6,N,N,VIIRS,near_real_time,Jharkhand,EAST_MINERAL_BELT,False,1270.9,Tata Steel Jamshedpur Works,steel_and_heavy_industry,national_tata_steel_jamshedpu,VICINITY_ZONE,0.4,CLUSTER_047,0.121,7,58,True,14.75,,UNLABELED,UNVERIFIED,,,,,,82.57,CRITICAL,SEVERE_THERMAL_ANOMALY,HIGH_PRIORITY_INVESTIGATION_REQUIRED
2029,22.80988,86.08699,307.89,293.59,2026-09-28,2017,1.4,nominal,0.6,N,N,VIIRS,near_real_time,Jharkhand,EAST_MINERAL_BELT,False,11432.5,Tata Steel Jamshedpur Works,steel_and_heavy_industry,national_tata_steel_jamshedpu,NON_INDUSTRIAL_RURAL,0.1,CLUSTER_700,0.034,2,58,False,14.300000000000011,,UNLABELED,UNVERIFIED,,,,,,16.52,LOW,NON_INDUSTRIAL_RURAL,ROUTINE_MONITORING_RECOMMENDED
2030,22.85754,86.05555,309.26,293.89,2026-09-28,2017,0.87,nominal,0.6,N,N,VIIRS,near_real_time,Jharkhand,EAST_MINERAL_BELT,False,16505.6,Tata Steel Jamshedpur Works,steel_and_heavy_industry,national_tata_steel_jamshedpu,NON_INDUSTRIAL_RURAL,0.1,CLUSTER_882,0.017,1,58,False,15.370000000000005,,UNLABELED,UNVERIFIED,,,,,,15.96,LOW,NON_INDUSTRIAL_RURAL,ROUTINE_MONITORING_RECOMMENDED
2031,22.8738,86.06283,318.45,294.57,2026-09-28,2017,1.84,nominal,0.6,N,N,VIIRS,near_real_time,Jharkhand,EAST_MINERAL_BELT,False,16873.1,Tata Steel Jamshedpur Works,steel_and_heavy_industry,national_tata_steel_jamshedpu,NON_INDUSTRIAL_RURAL,0.1,CLUSTER_701,0.034,2,58,False,23.879999999999995,,UNLABELED,UNVERIFIED,,,,,,17.3,LOW,NON_INDUSTRIAL_RURAL,ROUTINE_MONITORING_RECOMMENDED
2032,23.00855,70.10307,305.18,293.04,2026-09-28,2017,0.91,nominal,0.6,N,N,VIIRS,near_real_time,Gujarat,WEST_GUJARAT,False,171.3,Unnamed Industrial Facility,general_industry,way/140994243,NEARBY_INDUSTRIAL_BUFFER,0.8,CLUSTER_883,0.017,1,58,False,12.139999999999986,,UNLABELED,UNVERIFIED,,,,,,44.74,MODERATE,RECURRING_INTERMITTENT_HEAT,ANALYST_REVIEW_RECOMMENDED
2033,23.00977,70.10394,303.39,292.72,2026-09-28,2017,2.02,nominal,0.6,N,N,VIIRS,near_real_time,Gujarat,WEST_GUJARAT,False,31.3,Unnamed Industrial Facility,general_industry,way/140994243,NEARBY_INDUSTRIAL_BUFFER,0.8,CLUSTER_883,0.017,1,58,False,10.669999999999959,,UNLABELED,UNVERIFIED,,,,,,44.74,MODERATE,RECURRING_INTERMITTENT_HEAT,ANALYST_REVIEW_RECOMMENDED
2034,23.16379,82.33981,318.08,294.11,2026-09-28,2017,1.43,nominal,0.6,N,N,VIIRS,near_real_time,Chhattisgarh,EAST_MINERAL_BELT,False,241056.9,SAIL Bhilai Steel Plant,steel_and_heavy_industry,national_sail_bhilai_steel_pl,NON_INDUSTRIAL_RURAL,0.1,CLUSTER_157,0.069,4,58,False,23.96999999999997,,UNLABELED,UNVERIFIED,,,,,,19.49,LOW,NON_INDUSTRIAL_RURAL,ROUTINE_MONITORING_RECOMMENDED
2035,23.16438,82.33582,314.32,293.94,2026-09-28,2017,1.32,nominal,0.6,N,N,VIIRS,near_real_time,Chhattisgarh,EAST_MINERAL_BELT,False,240949.1,SAIL Bhilai Steel Plant,steel_and_heavy_industry,national_sail_bhilai_steel_pl,NON_INDUSTRIAL_RURAL,0.1,CLUSTER_157,0.069,4,58,False,20.379999999999995,,UNLABELED,UNVERIFIED,,,,,,19.49,LOW,NON_INDUSTRIAL_RURAL,ROUTINE_MONITORING_RECOMMENDED
2036,23.16662,82.34441,313.59,293.94,2026-09-28,2017,1.43,nominal,0.6,N,N,VIIRS,near_real_time,Chhattisgarh,EAST_MINERAL_BELT,False,241537.5,SAIL Bhilai Steel Plant,steel_and_heavy_industry,national_sail_bhilai_steel_pl,NON_INDUSTRIAL_RURAL,0.1,CLUSTER_157,0.069,4,58,False,19.649999999999977,,UNLABELED,UNVERIFIED,,,,,,19.49,LOW,NON_INDUSTRIAL_RURAL,ROUTINE_MONITORING_RECOMMENDED
2037,23.16721,82.34041,314.37,294.61,2026-09-28,2017,1.43,nominal,0.6,N,N,VIIRS,near_real_time,Chhattisgarh,EAST_MINERAL_BELT,False,241428.7,SAIL Bhilai Steel Plant,steel_and_heavy_industry,national_sail_bhilai_steel_pl,NON_INDUSTRIAL_RURAL,0.1,CLUSTER_157,0.069,4,58,False,19.75999999999999,,UNLABELED,UNVERIFIED,,,,,,19.49,LOW,NON_INDUSTRIAL_RURAL,ROUTINE_MONITORING_RECOMMENDED
2038,23.41068,72.3528,305.57,293.13,2026-09-28,2017,0.68,nominal,0.6,N,N,VIIRS,near_real_time,Gujarat,WEST_GUJARAT,False,4418.9,Unnamed Industrial Facility,general_industry,way/677937905,VICINITY_ZONE,0.4,CLUSTER_884,0.017,1,58,False,12.439999999999998,,UNLABELED,UNVERIFIED,,,,,,15.29,LOW,NON_INDUSTRIAL_RURAL,ROUTINE_MONITORING_RECOMMENDED
2039,23.48179,87.36222,310.79,281.44,2026-09-28,2017,1.4,nominal,0.6,N,N,VIIRS,near_real_time,West Bengal,EAST_MINERAL_BELT,False,141541.6,Tata Steel Jamshedpur Works,steel_and_heavy_industry,national_tata_steel_jamshedpu,NON_INDUSTRIAL_RURAL,0.1,CLUSTER_885,0.017,1,58,False,29.350000000000023,,UNLABELED,UNVERIFIED,,,,,,16.2,LOW,NON_INDUSTRIAL_RURAL,ROUTINE_MONITORING_RECOMMENDED
2040,23.54881,86.54353,306.81,294.34,2026-09-28,2017,2.24,nominal,0.6,N,N,VIIRS,near_real_time,Jharkhand,EAST_MINERAL_BELT,False,91760.6,Tata Steel Jamshedpur Works,steel_and_heavy_industry,national_tata_steel_jamshedpu,NON_INDUSTRIAL_RURAL,0.1,CLUSTER_886,0.017,1,58,False,12.470000000000027,,UNLABELED,UNVERIFIED,,,,,,16.3,LOW,NON_INDUSTRIAL_RURAL,ROUTINE_MONITORING_RECOMMENDED
2041,23.58032,86.72468,306.63,293.84,2026-09-28,2017,1.62,nominal,0.6,N,N,VIIRS,near_real_time,Jharkhand,EAST_MINERAL_BELT,False,103251.3,Tata Steel Jamshedpur Works,steel_and_heavy_industry,national_tata_steel_jamshedpu,NON_INDUSTRIAL_RURAL,0.1,CLUSTER_887,0.017,1,58,False,12.79000000000002,,UNLABELED,UNVERIFIED,,,,,,16.15,LOW,NON_INDUSTRIAL_RURAL,ROUTINE_MONITORING_RECOMMENDED
2042,23.64708,85.43956,328.29,295.12,2026-09-28,2017,1.71,nominal,0.6,N,N,VIIRS,near_real_time,Jharkhand,EAST_MINERAL_BELT,False,123187.0,Tata Steel Jamshedpur Works,steel_and_heavy_industry,national_tata_steel_jamshedpu,NON_INDUSTRIAL_RURAL,0.1,CLUSTER_160,0.069,4,58,False,33.170000000000016,,UNLABELED,UNVERIFIED,,,,,,20.18,LOW,NON_INDUSTRIAL_RURAL,ROUTINE_MONITORING_RECOMMENDED
2043,23.6477,85.43575,312.87,294.23,2026-09-28,2017,1.71,nominal,0.6,N,N,VIIRS,near_real_time,Jharkhand,EAST_MINERAL_BELT,False,123485.2,Tata Steel Jamshedpur Works,steel_and_heavy_industry,national_tata_steel_jamshedpu,NON_INDUSTRIAL_RURAL,0.1,CLUSTER_160,0.069,4,58,False,18.639999999999986,,UNLABELED,UNVERIFIED,,,,,,20.18,LOW,NON_INDUSTRIAL_RURAL,ROUTINE_MONITORING_RECOMMENDED
2044,23.65103,85.43639,307.54,293.69,2026-09-28,2017,1.09,nominal,0.6,N,N,VIIRS,near_real_time,Jharkhand,EAST_MINERAL_BELT,False,123731.5,Tata Steel Jamshedpur Works,steel_and_heavy_industry,national_tata_steel_jamshedpu,NON_INDUSTRIAL_RURAL,0.1,CLUSTER_160,0.069,4,58,False,13.850000000000023,,UNLABELED,UNVERIFIED,,,,,,20.18,LOW,NON_INDUSTRIAL_RURAL,ROUTINE_MONITORING_RECOMMENDED
2045,23.65209,85.3464,307.28,295.16,2026-09-28,2017,1.03,nominal,0.6,N,N,VIIRS,near_real_time,Jharkhand,EAST_MINERAL_BELT,False,129790.1,Tata Steel Jamshedpur Works,steel_and_heavy_industry,national_tata_steel_jamshedpu,NON_INDUSTRIAL_RURAL,0.1,CLUSTER_888,0.017,1,58,False,12.119999999999948,,UNLABELED,UNVERIFIED,,,,,,16.0,LOW,NON_INDUSTRIAL_RURAL,ROUTINE_MONITORING_RECOMMENDED
2046,23.65639,85.5082,311.25,295.05,2026-09-28,2017,1.12,nominal,0.6,N,N,VIIRS,near_real_time,Jharkhand,EAST_MINERAL_BELT,False,119744.8,Tata Steel Jamshedpur Works,steel_and_heavy_industry,national_tata_steel_jamshedpu,NON_INDUSTRIAL_RURAL,0.1,CLUSTER_161,0.052,3,58,False,16.19999999999999,,UNLABELED,UNVERIFIED,,,,,,16.3,LOW,NON_INDUSTRIAL_RURAL,ROUTINE_MONITORING_RECOMMENDED
2047,23.6628,85.55281,305.53,293.79,2026-09-28,2017,0.63,nominal,0.6,N,N,VIIRS,near_real_time,Jharkhand,EAST_MINERAL_BELT,False,117710.9,Tata Steel Jamshedpur Works,steel_and_heavy_industry,national_tata_steel_jamshedpu,NON_INDUSTRIAL_RURAL,0.1,CLUSTER_889,0.017,1,58,False,11.739999999999952,,UNLABELED,UNVERIFIED,,,,,,15.9,LOW,NON_INDUSTRIAL_RURAL,ROUTINE_MONITORING_RECOMMENDED
2048,23.66448,84.99809,311.68,293.48,2026-09-28,2017,0.87,nominal,0.6,N,N,VIIRS,near_real_time,Jharkhand,EAST_MINERAL_BELT,False,160486.8,SAIL Rourkela Steel Plant,steel_and_heavy_industry,national_sail_rourkela_steel_,NON_INDUSTRIAL_RURAL,0.1,CLUSTER_890,0.017,1,58,False,18.19999999999999,,UNLABELED,UNVERIFIED,,,,,,16.19,LOW,NON_INDUSTRIAL_RURAL,ROUTINE_MONITORING_RECOMMENDED
2049,23.66776,86.09156,311.93,294.73,2026-09-28,2017,1.34,nominal,0.6,N,N,VIIRS,near_real_time,Jharkhand,EAST_MINERAL_BELT,False,98667.8,Tata Steel Jamshedpur Works,steel_and_heavy_industry,national_tata_steel_jamshedpu,NON_INDUSTRIAL_RURAL,0.1,CLUSTER_162,0.069,4,58,False,17.19999999999999,,UNLABELED,UNVERIFIED,,,,,,22.79,LOW,NON_INDUSTRIAL_RURAL,ROUTINE_MONITORING_RECOMMENDED
2050,23.67516,86.089,323.09,294.0,2026-09-28,2017,2.56,nominal,0.6,N,N,VIIRS,near_real_time,Jharkhand,EAST_MINERAL_BELT,False,99514.8,Tata Steel Jamshedpur Works,steel_and_heavy_industry,national_tata_steel_jamshedpu,NON_INDUSTRIAL_RURAL,0.1,CLUSTER_162,0.069,4,58,False,29.089999999999975,,UNLABELED,UNVERIFIED,,,,,,22.79,LOW,NON_INDUSTRIAL_RURAL,ROUTINE_MONITORING_RECOMMENDED
2051,23.67582,86.08508,329.12,295.41,2026-09-28,2017,2.56,nominal,0.6,N,N,VIIRS,near_real_time,Jharkhand,EAST_MINERAL_BELT,False,99633.9,Tata Steel Jamshedpur Works,steel_and_heavy_industry,national_tata_steel_jamshedpu,NON_INDUSTRIAL_RURAL,0.1,CLUSTER_162,0.069,4,58,False,33.70999999999998,,UNLABELED,UNVERIFIED,,,,,,22.79,LOW,NON_INDUSTRIAL_RURAL,ROUTINE_MONITORING_RECOMMENDED
2052,23.67638,85.32368,310.25,294.25,2026-09-28,2017,1.22,nominal,0.6,N,N,VIIRS,near_real_time,Jharkhand,EAST_MINERAL_BELT,False,133345.4,Tata Steel Jamshedpur Works,steel_and_heavy_industry,national_tata_steel_jamshedpu,NON_INDUSTRIAL_RURAL,0.1,CLUSTER_703,0.034,2,58,False,16.0,,UNLABELED,UNVERIFIED,,,,,,16.08,LOW,NON_INDUSTRIAL_RURAL,ROUTINE_MONITORING_RECOMMENDED
2053,23.67918,86.08576,312.92,295.59,2026-09-28,2017,1.9,nominal,0.6,N,N,VIIRS,near_real_time,Jharkhand,EAST_MINERAL_BELT,False,99996.9,Tata Steel Jamshedpur Works,steel_and_heavy_industry,national_tata_steel_jamshedpu,NON_INDUSTRIAL_RURAL,0.1,CLUSTER_162,0.069,4,58,False,17.33000000000004,,UNLABELED,UNVERIFIED,,,,,,22.79,LOW,NON_INDUSTRIAL_RURAL,ROUTINE_MONITORING_RECOMMENDED
2054,23.67993,86.1021,317.47,296.54,2026-09-28,2017,1.69,nominal,0.6,N,N,VIIRS,near_real_time,Jharkhand,EAST_MINERAL_BELT,False,99899.7,Tata Steel Jamshedpur Works,steel_and_heavy_industry,national_tata_steel_jamshedpu,NON_INDUSTRIAL_RURAL,0.1,CLUSTER_162,0.069,4,58,False,20.930000000000007,,UNLABELED,UNVERIFIED,,,,,,22.79,LOW,NON_INDUSTRIAL_RURAL,ROUTINE_MONITORING_RECOMMENDED
2055,23.68103,86.10129,310.52,295.63,2026-09-28,2017,1.38,nominal,0.6,N,N,VIIRS,near_real_time,Jharkhand,EAST_MINERAL_BELT,False,100029.7,Tata Steel Jamshedpur Works,steel_and_heavy_industry,national_tata_steel_jamshedpu,NON_INDUSTRIAL_RURAL,0.1,CLUSTER_162,0.069,4,58,False,14.889999999999986,,UNLABELED,UNVERIFIED,,,,,,22.79,LOW,NON_INDUSTRIAL_RURAL,ROUTINE_MONITORING_RECOMMENDED
2056,23.68124,86.09426,332.83,296.01,2026-09-28,2017,9.53,nominal,0.6,N,N,VIIRS,near_real_time,Jharkhand,EAST_MINERAL_BELT,False,100127.5,Tata Steel Jamshedpur Works,steel_and_heavy_industry,national_tata_steel_jamshedpu,NON_INDUSTRIAL_RURAL,0.1,CLUSTER_162,0.069,4,58,False,36.81999999999999,,UNLABELED,UNVERIFIED,,,,,,22.79,LOW,NON_INDUSTRIAL_RURAL,ROUTINE_MONITORING_RECOMMENDED
2057,23.68236,86.09348,335.7,295.81,2026-09-28,2017,7.98,nominal,0.6,N,N,VIIRS,near_real_time,Jharkhand,EAST_MINERAL_BELT,False,100259.8,Tata Steel Jamshedpur Works,steel_and_heavy_industry,national_tata_steel_jamshedpu,NON_INDUSTRIAL_RURAL,0.1,CLUSTER_162,0.069,4,58,False,39.889999999999986,,UNLABELED,UNVERIFIED,,,,,,22.79,LOW,NON_INDUSTRIAL_RURAL,ROUTINE_MONITORING_RECOMMENDED
2058,23.68321,86.08253,308.32,294.73,2026-09-28,2017,1.11,nominal,0.6,N,N,VIIRS,near_real_time,Jharkhand,EAST_MINERAL_BELT,False,100480.6,Tata Steel Jamshedpur Works,steel_and_heavy_industry,national_tata_steel_jamshedpu,NON_INDUSTRIAL_RURAL,0.1,CLUSTER_162,0.069,4,58,False,13.589999999999975,,UNLABELED,UNVERIFIED,,,,,,22.79,LOW,NON_INDUSTRIAL_RURAL,ROUTINE_MONITORING_RECOMMENDED
2059,23.68408,85.36042,306.27,294.54,2026-09-28,2017,0.47,nominal,0.6,N,N,VIIRS,near_real_time,Jharkhand,EAST_MINERAL_BELT,False,131515.2,Tata Steel Jamshedpur Works,steel_and_heavy_industry,national_tata_steel_jamshedpu,NON_INDUSTRIAL_RURAL,0.1,CLUSTER_891,0.017,1,58,False,11.729999999999961,,UNLABELED,UNVERIFIED,,,,,,15.87,LOW,NON_INDUSTRIAL_RURAL,ROUTINE_MONITORING_RECOMMENDED
2060,23.69467,85.35855,309.54,293.84,2026-09-28,2017,0.47,nominal,0.6,N,N,VIIRS,near_real_time,Jharkhand,EAST_MINERAL_BELT,False,132534.3,Tata Steel Jamshedpur Works,steel_and_heavy_industry,national_tata_steel_jamshedpu,NON_INDUSTRIAL_RURAL,0.1,CLUSTER_706,0.034,2,58,False,15.700000000000045,,UNLABELED,UNVERIFIED,,,,,,15.88,LOW,NON_INDUSTRIAL_RURAL,ROUTINE_MONITORING_RECOMMENDED
2061,23.69496,85.36938,314.89,294.96,2026-09-28,2017,1.01,nominal,0.6,N,N,VIIRS,near_real_time,Jharkhand,EAST_MINERAL_BELT,False,131847.5,Tata Steel Jamshedpur Works,steel_and_heavy_industry,national_tata_steel_jamshedpu,NON_INDUSTRIAL_RURAL,0.1,CLUSTER_166,0.052,3,58,False,19.930000000000007,,UNLABELED,UNVERIFIED,,,,,,17.21,LOW,NON_INDUSTRIAL_RURAL,ROUTINE_MONITORING_RECOMMENDED
2062,23.69523,85.29214,307.01,294.04,2026-09-28,2017,1.69,nominal,0.6,N,N,VIIRS,near_real_time,Jharkhand,EAST_MINERAL_BELT,False,137057.4,Tata Steel Jamshedpur Works,steel_and_heavy_industry,national_tata_steel_jamshedpu,NON_INDUSTRIAL_RURAL,0.1,CLUSTER_705,0.034,2,58,False,12.96999999999997,,UNLABELED,UNVERIFIED,,,,,,18.58,LOW,NON_INDUSTRIAL_RURAL,ROUTINE_MONITORING_RECOMMENDED
2063,23.69585,85.28835,328.44,295.42,2026-09-28,2017,1.69,nominal,0.6,N,N,VIIRS,near_real_time,Jharkhand,EAST_MINERAL_BELT,False,137369.3,Tata Steel Jamshedpur Works,steel_and_heavy_industry,national_tata_steel_jamshedpu,NON_INDUSTRIAL_RURAL,0.1,CLUSTER_705,0.034,2,58,False,33.01999999999998,,UNLABELED,UNVERIFIED,,,,,,18.58,LOW,NON_INDUSTRIAL_RURAL,ROUTINE_MONITORING_RECOMMENDED
2064,23.69683,85.358,307.38,293.69,2026-09-28,2017,0.53,nominal,0.6,N,N,VIIRS,near_real_time,Jharkhand,EAST_MINERAL_BELT,False,132753.6,Tata Steel Jamshedpur Works,steel_and_heavy_industry,national_tata_steel_jamshedpu,NON_INDUSTRIAL_RURAL,0.1,CLUSTER_706,0.034,2,58,False,13.689999999999998,,UNLABELED,UNVERIFIED,,,,,,15.88,LOW,NON_INDUSTRIAL_RURAL,ROUTINE_MONITORING_RECOMMENDED
2065,23.69891,85.36623,305.65,293.34,2026-09-28,2017,1.01,nominal,0.6,N,N,VIIRS,near_real_time,Jharkhand,EAST_MINERAL_BELT,False,132390.2,Tata Steel Jamshedpur Works,steel_and_heavy_industry,national_tata_steel_jamshedpu,NON_INDUSTRIAL_RURAL,0.1,CLUSTER_166,0.052,3,58,False,12.310000000000002,,UNLABELED,UNVERIFIED,,,,,,17.21,LOW,NON_INDUSTRIAL_RURAL,ROUTINE_MONITORING_RECOMMENDED
2066,23.72076,85.00882,314.07,293.57,2026-09-28,2017,1.26,nominal,0.6,N,N,VIIRS,near_real_time,Jharkhand,EAST_MINERAL_BELT,False,166814.2,SAIL Rourkela Steel Plant,steel_and_heavy_industry,national_sail_rourkela_steel_,NON_INDUSTRIAL_RURAL,0.1,CLUSTER_892,0.017,1,58,False,20.5,,UNLABELED,UNVERIFIED,,,,,,16.6,LOW,NON_INDUSTRIAL_RURAL,ROUTINE_MONITORING_RECOMMENDED
2067,23.73792,85.00822,304.51,293.97,2026-09-28,2017,1.25,nominal,0.6,N,N,VIIRS,near_real_time,Jharkhand,EAST_MINERAL_BELT,False,168710.3,SAIL Rourkela Steel Plant,steel_and_heavy_industry,national_sail_rourkela_steel_,NON_INDUSTRIAL_RURAL,0.1,CLUSTER_707,0.034,2,58,False,10.539999999999964,,UNLABELED,UNVERIFIED,,,,,,16.34,LOW,NON_INDUSTRIAL_RURAL,ROUTINE_MONITORING_RECOMMENDED
2068,23.74062,85.01261,306.86,295.4,2026-09-28,2017,0.88,nominal,0.6,N,N,VIIRS,near_real_time,Jharkhand,EAST_MINERAL_BELT,False,169047.6,SAIL Rourkela Steel Plant,steel_and_heavy_industry,national_sail_rourkela_steel_,NON_INDUSTRIAL_RURAL,0.1,CLUSTER_707,0.034,2,58,False,11.460000000000036,,UNLABELED,UNVERIFIED,,,,,,16.34,LOW,NON_INDUSTRIAL_RURAL,ROUTINE_MONITORING_RECOMMENDED
2069,23.74123,85.00884,310.36,295.34,2026-09-28,2017,0.88,nominal,0.6,N,N,VIIRS,near_real_time,Jharkhand,EAST_MINERAL_BELT,False,169082.4,SAIL Rourkela Steel Plant,steel_and_heavy_industry,national_sail_rourkela_steel_,NON_INDUSTRIAL_RURAL,0.1,CLUSTER_707,0.034,2,58,False,15.020000000000039,,UNLABELED,UNVERIFIED,,,,,,16.34,LOW,NON_INDUSTRIAL_RURAL,ROUTINE_MONITORING_RECOMMENDED
2070,23.74472,85.50465,304.82,293.83,2026-09-28,2017,0.41,nominal,0.6,N,N,VIIRS,near_real_time,Jharkhand,EAST_MINERAL_BELT,False,128006.8,Tata Steel Jamshedpur Works,steel_and_heavy_industry,national_tata_steel_jamshedpu,NON_INDUSTRIAL_RURAL,0.1,CLUSTER_893,0.017,1,58,False,10.990000000000009,,UNLABELED,UNVERIFIED,,,,,,15.85,LOW,NON_INDUSTRIAL_RURAL,ROUTINE_MONITORING_RECOMMENDED
2071,23.78024,85.57384,309.37,296.33,2026-09-28,2017,1.56,nominal,0.6,N,N,VIIRS,near_real_time,Jharkhand,EAST_MINERAL_BELT,False,127647.6,Tata Steel Jamshedpur Works,steel_and_heavy_industry,national_tata_steel_jamshedpu,NON_INDUSTRIAL_RURAL,0.1,CLUSTER_179,0.052,3,58,False,13.04000000000002,,UNLABELED,UNVERIFIED,,,,,,16.2,LOW,NON_INDUSTRIAL_RURAL,ROUTINE_MONITORING_RECOMMENDED
2072,23.78739,85.55155,309.31,294.55,2026-09-28,2017,1.32,nominal,0.6,N,N,VIIRS,near_real_time,Jharkhand,EAST_MINERAL_BELT,False,129480.2,Tata Steel Jamshedpur Works,steel_and_heavy_industry,national_tata_steel_jamshedpu,NON_INDUSTRIAL_RURAL,0.1,CLUSTER_181,0.052,3,58,False,14.759999999999991,,UNLABELED,UNVERIFIED,,,,,,16.4,LOW,NON_INDUSTRIAL_RURAL,ROUTINE_MONITORING_RECOMMENDED
2073,23.80325,85.53885,305.7,294.18,2026-09-28,2017,0.74,nominal,0.6,N,N,VIIRS,near_real_time,Jharkhand,EAST_MINERAL_BELT,False,131656.5,Tata Steel Jamshedpur Works,steel_and_heavy_industry,national_tata_steel_jamshedpu,NON_INDUSTRIAL_RURAL,0.1,CLUSTER_894,0.017,1,58,False,11.519999999999982,,UNLABELED,UNVERIFIED,,,,,,15.93,LOW,NON_INDUSTRIAL_RURAL,ROUTINE_MONITORING_RECOMMENDED
2074,23.82669,84.93889,308.19,293.9,2026-09-28,2017,0.88,nominal,0.6,N,N,VIIRS,near_real_time,Jharkhand,EAST_MINERAL_BELT,False,178128.2,SAIL Rourkela Steel Plant,steel_and_heavy_industry,national_sail_rourkela_steel_,NON_INDUSTRIAL_RURAL,0.1,CLUSTER_895,0.017,1,58,False,14.29000000000002,,UNLABELED,UNVERIFIED,,,,,,15.97,LOW,NON_INDUSTRIAL_RURAL,ROUTINE_MONITORING_RECOMMENDED
2075,23.83871,84.94894,307.86,293.32,2026-09-28,2017,0.93,nominal,0.6,N,N,VIIRS,near_real_time,Jharkhand,EAST_MINERAL_BELT,False,179507.0,SAIL Rourkela Steel Plant,steel_and_heavy_industry,national_sail_rourkela_steel_,NON_INDUSTRIAL_RURAL,0.1,CLUSTER_896,0.017,1,58,False,14.54000000000002,,UNLABELED,UNVERIFIED,,,,,,15.98,LOW,NON_INDUSTRIAL_RURAL,ROUTINE_MONITORING_RECOMMENDED
2076,24.14546,82.65666,317.13,293.78,2026-09-28,2017,1.28,nominal,0.6,N,N,VIIRS,near_real_time,Chhattisgarh,EAST_MINERAL_BELT,False,310835.3,SAIL Rourkela Steel Plant,steel_and_heavy_industry,national_sail_rourkela_steel_,NON_INDUSTRIAL_RURAL,0.1,CLUSTER_712,0.052,3,58,False,23.350000000000023,,UNLABELED,UNVERIFIED,,,,,,19.69,LOW,NON_INDUSTRIAL_RURAL,ROUTINE_MONITORING_RECOMMENDED
2077,24.15356,82.6006,315.8,293.18,2026-09-28,2017,1.09,nominal,0.6,N,N,VIIRS,near_real_time,Chhattisgarh,EAST_MINERAL_BELT,False,315627.4,SAIL Rourkela Steel Plant,steel_and_heavy_industry,national_sail_rourkela_steel_,NON_INDUSTRIAL_RURAL,0.1,CLUSTER_713,0.034,2,58,False,22.620000000000005,,UNLABELED,UNVERIFIED,,,,,,16.9,LOW,NON_INDUSTRIAL_RURAL,ROUTINE_MONITORING_RECOMMENDED
2078,24.15414,82.5966,304.64,293.31,2026-09-28,2017,1.09,nominal,0.6,N,N,VIIRS,near_real_time,Chhattisgarh,EAST_MINERAL_BELT,False,315970.8,SAIL Rourkela Steel Plant,steel_and_heavy_industry,national_sail_rourkela_steel_,NON_INDUSTRIAL_RURAL,0.1,CLUSTER_713,0.034,2,58,False,11.329999999999984,,UNLABELED,UNVERIFIED,,,,,,16.9,LOW,NON_INDUSTRIAL_RURAL,ROUTINE_MONITORING_RECOMMENDED
2079,24.16316,82.63106,307.09,294.03,2026-09-28,2017,0.74,nominal,0.6,N,N,VIIRS,near_real_time,Chhattisgarh,EAST_MINERAL_BELT,False,314077.5,SAIL Rourkela Steel Plant,steel_and_heavy_industry,national_sail_rourkela_steel_,NON_INDUSTRIAL_RURAL,0.1,CLUSTER_714,0.034,2,58,False,13.060000000000002,,UNLABELED,UNVERIFIED,,,,,,15.93,LOW,NON_INDUSTRIAL_RURAL,ROUTINE_MONITORING_RECOMMENDED
2080,24.18191,82.64655,306.73,293.97,2026-09-28,2017,1.12,nominal,0.6,N,N,VIIRS,near_real_time,Chhattisgarh,EAST_MINERAL_BELT,False,314357.1,SAIL Rourkela Steel Plant,steel_and_heavy_industry,national_sail_rourkela_steel_,NON_INDUSTRIAL_RURAL,0.1,CLUSTER_296,0.052,3,58,False,12.759999999999991,,UNLABELED,UNVERIFIED,,,,,,16.02,LOW,NON_INDUSTRIAL_RURAL,ROUTINE_MONITORING_RECOMMENDED
2081,24.18357,82.65917,308.48,293.64,2026-09-28,2017,1.2,nominal,0.6,N,N,VIIRS,near_real_time,Chhattisgarh,EAST_MINERAL_BELT,False,313555.4,SAIL Rourkela Steel Plant,steel_and_heavy_industry,national_sail_rourkela_steel_,NON_INDUSTRIAL_RURAL,0.1,CLUSTER_297,0.052,3,58,False,14.840000000000032,,UNLABELED,UNVERIFIED,,,,,,16.15,LOW,NON_INDUSTRIAL_RURAL,ROUTINE_MONITORING_RECOMMENDED
2082,24.1964,82.71481,317.63,293.6,2026-09-28,2017,1.05,nominal,0.6,N,N,VIIRS,near_real_time,Chhattisgarh,EAST_MINERAL_BELT,False,310485.0,SAIL Rourkela Steel Plant,steel_and_heavy_industry,national_sail_rourkela_steel_,NON_INDUSTRIAL_RURAL,0.1,CLUSTER_185,0.069,4,58,False,24.029999999999973,,UNLABELED,UNVERIFIED,,,,,,19.39,LOW,NON_INDUSTRIAL_RURAL,ROUTINE_MONITORING_RECOMMENDED
2083,24.19981,82.71537,304.72,293.9,2026-09-28,2017,1.05,nominal,0.6,N,N,VIIRS,near_real_time,Chhattisgarh,EAST_MINERAL_BELT,False,310710.4,SAIL Rourkela Steel Plant,steel_and_heavy_industry,national_sail_rourkela_steel_,NON_INDUSTRIAL_RURAL,0.1,CLUSTER_185,0.069,4,58,False,10.82000000000005,,UNLABELED,UNVERIFIED,,,,,,19.39,LOW,NON_INDUSTRIAL_RURAL,ROUTINE_MONITORING_RECOMMENDED
2084,24.20382,82.71185,305.17,294.41,2026-09-28,2017,1.59,nominal,0.6,N,N,VIIRS,near_real_time,Chhattisgarh,EAST_MINERAL_BELT,False,311277.6,SAIL Rourkela Steel Plant,steel_and_heavy_industry,national_sail_rourkela_steel_,NON_INDUSTRIAL_RURAL,0.1,CLUSTER_185,0.069,4,58,False,10.759999999999991,,UNLABELED,UNVERIFIED,,,,,,19.39,LOW,NON_INDUSTRIAL_RURAL,ROUTINE_MONITORING_RECOMMENDED
2085,24.2044,82.70792,309.49,294.18,2026-09-28,2017,1.2,nominal,0.6,N,N,VIIRS,near_real_time,Chhattisgarh,EAST_MINERAL_BELT,False,311606.9,SAIL Rourkela Steel Plant,steel_and_heavy_industry,national_sail_rourkela_steel_,NON_INDUSTRIAL_RURAL,0.1,CLUSTER_185,0.069,4,58,False,15.310000000000002,,UNLABELED,UNVERIFIED,,,,,,19.39,LOW,NON_INDUSTRIAL_RURAL,ROUTINE_MONITORING_RECOMMENDED
2086,24.32777,81.32632,307.63,293.77,2026-09-28,2017,0.83,nominal,0.6,N,N,VIIRS,near_real_time,Chhattisgarh,EAST_MINERAL_BELT,False,349392.2,SAIL Bhilai Steel Plant,steel_and_heavy_industry,national_sail_bhilai_steel_pl,NON_INDUSTRIAL_RURAL,0.1,CLUSTER_897,0.017,1,58,False,13.860000000000014,,UNLABELED,UNVERIFIED,,,,,,15.95,LOW,NON_INDUSTRIAL_RURAL,ROUTINE_MONITORING_RECOMMENDED
2087,24.66022,74.63302,304.04,293.38,2026-09-28,2017,1.49,nominal,0.6,N,N,VIIRS,near_real_time,Central India,ALL_INDIA,False,89394.7,Unnamed Industrial Facility,general_industry,way/695640152,NON_INDUSTRIAL_RURAL,0.1,CLUSTER_298,0.069,4,58,False,10.660000000000025,,UNLABELED,UNVERIFIED,,,,,,16.36,LOW,NON_INDUSTRIAL_RURAL,ROUTINE_MONITORING_RECOMMENDED
2088,24.76301,74.6054,305.81,293.3,2026-09-28,2017,1.26,nominal,0.6,N,N,VIIRS,near_real_time,Central India,ALL_INDIA,False,89302.4,Unnamed Industrial Facility,general_industry,way/695640152,NON_INDUSTRIAL_RURAL,0.1,CLUSTER_187,0.069,4,58,False,12.509999999999991,,UNLABELED,UNVERIFIED,,,,,,17.41,LOW,NON_INDUSTRIAL_RURAL,ROUTINE_MONITORING_RECOMMENDED
2089,15.02358,78.01357,306.33,291.96,2026-09-28,2019,4.93,nominal,0.6,N,N,VIIRS,near_real_time,Andhra Pradesh,SOUTH_CORRIDOR,False,318959.4,CPCL Manali Refinery Complex,oil_refinery,national_cpcl_manali_refinery,NON_INDUSTRIAL_RURAL,0.1,CLUSTER_898,0.017,1,58,False,14.370000000000005,,UNLABELED,UNVERIFIED,,,,,,16.96,LOW,NON_INDUSTRIAL_RURAL,ROUTINE_MONITORING_RECOMMENDED
2090,15.9148,77.36185,303.48,291.07,2026-09-28,2019,1.33,nominal,0.6,N,N,VIIRS,near_real_time,Andhra Pradesh,SOUTH_CORRIDOR,False,423688.1,MRPL Mangalore Refinery,oil_refinery,national_mrpl_mangalore_refin,NON_INDUSTRIAL_RURAL,0.1,CLUSTER_899,0.017,1,58,False,12.410000000000025,,UNLABELED,UNVERIFIED,,,,,,16.08,LOW,NON_INDUSTRIAL_RURAL,ROUTINE_MONITORING_RECOMMENDED
2091,16.3612,81.28318,309.6,295.8,2026-09-28,2019,2.27,nominal,0.6,N,N,VIIRS,near_real_time,Andhra Pradesh,SOUTH_CORRIDOR,False,255397.9,HPCL Visakhapatnam Refinery,oil_refinery,national_hpcl_visakhapatnam_r,NON_INDUSTRIAL_RURAL,0.1,CLUSTER_900,0.017,1,58,False,13.800000000000011,,UNLABELED,UNVERIFIED,,,,,,16.31,LOW,NON_INDUSTRIAL_RURAL,ROUTINE_MONITORING_RECOMMENDED
2092,16.87196,80.02129,310.11,295.63,2026-09-28,2019,1.09,nominal,0.6,N,N,VIIRS,near_real_time,Andhra Pradesh,SOUTH_CORRIDOR,False,354027.9,HPCL Visakhapatnam Refinery,oil_refinery,national_hpcl_visakhapatnam_r,NON_INDUSTRIAL_RURAL,0.1,CLUSTER_901,0.017,1,58,False,14.480000000000018,,UNLABELED,UNVERIFIED,,,,,,16.03,LOW,NON_INDUSTRIAL_RURAL,ROUTINE_MONITORING_RECOMMENDED
2093,17.13957,77.17381,304.25,292.27,2026-09-28,2019,1.2,nominal,0.6,N,N,VIIRS,near_real_time,Andhra Pradesh,SOUTH_CORRIDOR,False,465766.3,Rasayani Petrochemical Complex,chemical_petrochemical,national_rasayani_petrochemic,NON_INDUSTRIAL_RURAL,0.1,CLUSTER_735,0.034,2,58,False,11.980000000000018,,UNLABELED,UNVERIFIED,,,,,,16.4,LOW,NON_INDUSTRIAL_RURAL,ROUTINE_MONITORING_RECOMMENDED
2094,28.05322,69.36963,302.85,292.53,2026-09-28,2153,0.65,nominal,0.6,N,N,VIIRS,near_real_time,Northern India,ALL_INDIA,False,427822.8,NTPC Khavda,general_industry,way/1336628395,NON_INDUSTRIAL_RURAL,0.1,CLUSTER_198,0.138,8,58,False,10.32000000000005,,UNLABELED,UNVERIFIED,,,,,,21.75,LOW,NON_INDUSTRIAL_RURAL,ROUTINE_MONITORING_RECOMMENDED
2095,20.90872,71.45949,304.17,293.3,2026-09-28,2155,1.08,nominal,0.6,N,N,VIIRS,near_real_time,Gujarat,WEST_GUJARAT,True,0.0,Unnamed Industrial Facility,general_industry,way/169375800,INSIDE_INDUSTRIAL_ZONE,1.0,CLUSTER_008,0.103,6,58,False,10.870000000000005,,UNLABELED,UNVERIFIED,,,,,,45.06,MODERATE,RECURRING_INTERMITTENT_HEAT,ANALYST_REVIEW_RECOMMENDED
2096,20.90943,71.46022,303.29,292.79,2026-09-28,2155,0.6,nominal,0.6,N,N,VIIRS,near_real_time,Gujarat,WEST_GUJARAT,True,0.0,Unnamed Industrial Facility,general_industry,way/169375800,INSIDE_INDUSTRIAL_ZONE,1.0,CLUSTER_008,0.103,6,58,False,10.5,,UNLABELED,UNVERIFIED,,,,,,45.06,MODERATE,RECURRING_INTERMITTENT_HEAT,ANALYST_REVIEW_RECOMMENDED
2097,21.10737,72.64825,309.95,292.72,2026-09-28,2155,2.87,nominal,0.6,N,N,VIIRS,near_real_time,Gujarat,WEST_GUJARAT,True,0.0,ArcelorMittal Nippon Steel India,works,way/104647203,INSIDE_INDUSTRIAL_ZONE,1.0,CLUSTER_009,0.345,20,58,True,17.22999999999996,,UNLABELED,UNVERIFIED,,,,,,79.34,HIGH,ELEVATED_THERMAL_ACTIVITY,ESCALATED_INVESTIGATION_RECOMMENDED
2098,21.79441,72.64812,313.29,292.44,2026-09-28,2155,1.38,nominal,0.6,N,N,VIIRS,near_real_time,Gujarat,WEST_GUJARAT,True,0.0,Unnamed Industrial Facility,general_industry,way/1271385333,INSIDE_INDUSTRIAL_ZONE,1.0,CLUSTER_902,0.017,1,58,False,20.850000000000023,,UNLABELED,UNVERIFIED,,,,,,45.06,MODERATE,RECURRING_INTERMITTENT_HEAT,ANALYST_REVIEW_RECOMMENDED
2099,21.79608,72.64749,312.83,292.54,2026-09-28,2155,1.53,nominal,0.6,N,N,VIIRS,near_real_time,Gujarat,WEST_GUJARAT,True,0.0,Unnamed Industrial Facility,general_industry,way/1271385333,INSIDE_INDUSTRIAL_ZONE,1.0,CLUSTER_902,0.017,1,58,False,20.289999999999964,,UNLABELED,UNVERIFIED,,,,,,45.06,MODERATE,RECURRING_INTERMITTENT_HEAT,ANALYST_REVIEW_RECOMMENDED
2100,22.33572,69.86744,305.81,295.38,2026-09-28,2155,3.35,nominal,0.6,N,N,VIIRS,near_real_time,Gujarat,WEST_GUJARAT,True,0.0,Reliance Refinery,refinery,way/91585872,INSIDE_INDUSTRIAL_ZONE,1.0,CLUSTER_010,0.086,5,58,False,10.430000000000007,,UNLABELED,UNVERIFIED,,,,,,49.89,MODERATE,RECURRING_INTERMITTENT_HEAT,ANALYST_REVIEW_RECOMMENDED
2101,22.33862,69.85482,308.06,295.83,2026-09-28,2155,3.2,nominal,0.6,N,N,VIIRS,near_real_time,Gujarat,WEST_GUJARAT,True,0.0,Reliance Refinery,refinery,way/91585872,INSIDE_INDUSTRIAL_ZONE,1.0,CLUSTER_010,0.086,5,58,False,12.230000000000018,,UNLABELED,UNVERIFIED,,,,,,49.89,MODERATE,RECURRING_INTERMITTENT_HEAT,ANALYST_REVIEW_RECOMMENDED
2102,22.41472,69.04005,310.51,294.12,2026-09-28,2155,0.96,nominal,0.6,N,N,VIIRS,near_real_time,Gujarat,WEST_GUJARAT,False,48.2,Unnamed Industrial Facility,general_industry,way/1311235459,NEARBY_INDUSTRIAL_BUFFER,0.8,CLUSTER_018,0.172,10,58,False,16.389999999999986,,UNLABELED,UNVERIFIED,,,,,,48.09,MODERATE,RECURRING_INTERMITTENT_HEAT,ANALYST_REVIEW_RECOMMENDED
2103,22.93181,69.69779,308.05,293.38,2026-09-28,2155,1.05,nominal,0.6,N,N,VIIRS,near_real_time,Gujarat,WEST_GUJARAT,False,446.6,Unnamed Industrial Facility,general_industry,way/1002375165,NEARBY_INDUSTRIAL_BUFFER,0.8,CLUSTER_012,0.138,8,58,False,14.670000000000016,,UNLABELED,UNVERIFIED,,,,,,46.26,MODERATE,RECURRING_INTERMITTENT_HEAT,ANALYST_REVIEW_RECOMMENDED
2104,23.01482,70.10343,304.19,293.67,2026-09-28,2155,0.51,nominal,0.6,N,N,VIIRS,near_real_time,Gujarat,WEST_GUJARAT,True,0.0,Unnamed Industrial Facility,general_industry,way/140994243,INSIDE_INDUSTRIAL_ZONE,1.0,CLUSTER_883,0.017,1,58,False,10.519999999999982,,UNLABELED,UNVERIFIED,,,,,,44.74,MODERATE,RECURRING_INTERMITTENT_HEAT,ANALYST_REVIEW_RECOMMENDED
2105,24.81991,73.09273,303.48,292.05,2026-09-28,2155,1.5,nominal,0.6,N,N,VIIRS,near_real_time,Western India,ALL_INDIA,False,47965.6,Unnamed Industrial Facility,general_industry,way/1243273049,NON_INDUSTRIAL_RURAL,0.1,CLUSTER_352,0.034,2,58,False,11.430000000000007,,UNLABELED,UNVERIFIED,,,,,,16.18,LOW,NON_INDUSTRIAL_RURAL,ROUTINE_MONITORING_RECOMMENDED
2106,25.38681,68.5829,307.33,294.11,2026-09-28,2155,1.02,nominal,0.6,N,N,VIIRS,near_real_time,Western India,ALL_INDIA,False,154814.4,Khavda Renewable Energy Park,general_industry,way/1273382001,NON_INDUSTRIAL_RURAL,0.1,CLUSTER_090,0.121,7,58,False,13.21999999999997,,UNLABELED,UNVERIFIED,,,,,,19.89,LOW,NON_INDUSTRIAL_RURAL,ROUTINE_MONITORING_RECOMMENDED
2107,25.38694,68.58289,308.23,294.1,2026-09-28,2155,1.28,nominal,0.6,N,N,VIIRS,near_real_time,Western India,ALL_INDIA,False,154827.6,Khavda Renewable Energy Park,general_industry,way/1273382001,NON_INDUSTRIAL_RURAL,0.1,CLUSTER_090,0.121,7,58,False,14.129999999999995,,UNLABELED,UNVERIFIED,,,,,,19.89,LOW,NON_INDUSTRIAL_RURAL,ROUTINE_MONITORING_RECOMMENDED
2108,26.09171,68.88002,304.46,293.93,2026-09-28,2155,1.08,nominal,0.6,N,N,VIIRS,near_real_time,Western India,ALL_INDIA,False,217982.8,NTPC Khavda,general_industry,way/1336628395,NON_INDUSTRIAL_RURAL,0.1,CLUSTER_190,0.086,5,58,False,10.529999999999973,,UNLABELED,UNVERIFIED,,,,,,20.89,LOW,NON_INDUSTRIAL_RURAL,ROUTINE_MONITORING_RECOMMENDED
2109,26.09186,68.88037,304.05,293.83,2026-09-28,2155,0.51,nominal,0.6,N,N,VIIRS,near_real_time,Western India,ALL_INDIA,False,217989.2,NTPC Khavda,general_industry,way/1336628395,NON_INDUSTRIAL_RURAL,0.1,CLUSTER_190,0.086,5,58,False,10.220000000000027,,UNLABELED,UNVERIFIED,,,,,,20.89,LOW,NON_INDUSTRIAL_RURAL,ROUTINE_MONITORING_RECOMMENDED
2110,31.25734,76.92689,296.01,284.78,2026-09-28,2155,0.82,nominal,0.6,N,N,VIIRS,near_real_time,Northern India,ALL_INDIA,False,204748.7,IOCL Panipat Petrochemical Complex,oil_refinery,national_iocl_panipat_petroch,NON_INDUSTRIAL_RURAL,0.1,CLUSTER_135,0.069,4,58,False,11.230000000000018,,UNLABELED,UNVERIFIED,,,,,,16.1,LOW,NON_INDUSTRIAL_RURAL,ROUTINE_MONITORING_RECOMMENDED
2111,31.76717,70.10594,300.07,289.07,2026-09-28,2155,0.33,nominal,0.6,N,N,VIIRS,near_real_time,Northern India,ALL_INDIA,False,702177.6,IOCL Panipat Petrochemical Complex,oil_refinery,national_iocl_panipat_petroch,NON_INDUSTRIAL_RURAL,0.1,CLUSTER_289,0.034,2,58,False,11.0,,UNLABELED,UNVERIFIED,,,,,,16.01,LOW,NON_INDUSTRIAL_RURAL,ROUTINE_MONITORING_RECOMMENDED
2112,32.38039,72.14003,303.44,290.12,2026-09-28,2155,0.44,nominal,0.6,N,N,VIIRS,near_real_time,Northern India,ALL_INDIA,False,562404.4,IOCL Panipat Petrochemical Complex,oil_refinery,national_iocl_panipat_petroch,NON_INDUSTRIAL_RURAL,0.1,CLUSTER_903,0.017,1,58,False,13.319999999999993,,UNLABELED,UNVERIFIED,,,,,,15.86,LOW,NON_INDUSTRIAL_RURAL,ROUTINE_MONITORING_RECOMMENDED
2113,32.57397,72.56432,301.87,290.18,2026-09-28,2155,1.13,nominal,0.6,N,N,VIIRS,near_real_time,Northern India,ALL_INDIA,False,543489.7,IOCL Panipat Petrochemical Complex,oil_refinery,national_iocl_panipat_petroch,NON_INDUSTRIAL_RURAL,0.1,CLUSTER_137,0.069,4,58,False,11.689999999999998,,UNLABELED,UNVERIFIED,,,,,,16.68,LOW,NON_INDUSTRIAL_RURAL,ROUTINE_MONITORING_RECOMMENDED
2114,32.88976,71.61647,309.79,290.03,2026-09-28,2155,0.95,nominal,0.6,N,N,VIIRS,near_real_time,Northern India,ALL_INDIA,False,635176.2,IOCL Panipat Petrochemical Complex,oil_refinery,national_iocl_panipat_petroch,NON_INDUSTRIAL_RURAL,0.1,CLUSTER_290,0.052,3,58,False,19.760000000000048,,UNLABELED,UNVERIFIED,,,,,,16.43,LOW,NON_INDUSTRIAL_RURAL,ROUTINE_MONITORING_RECOMMENDED
2115,33.29339,71.18848,300.02,287.8,2026-09-28,2155,0.95,nominal,0.6,N,N,VIIRS,near_real_time,Northern India,ALL_INDIA,False,693924.7,IOCL Panipat Petrochemical Complex,oil_refinery,national_iocl_panipat_petroch,NON_INDUSTRIAL_RURAL,0.1,CLUSTER_139,0.052,3,58,False,12.21999999999997,,UNLABELED,UNVERIFIED,,,,,,17.08,LOW,NON_INDUSTRIAL_RURAL,ROUTINE_MONITORING_RECOMMENDED
2116,8.019,81.17416,329.92,289.83,2026-09-29,0724,2.57,nominal,0.6,D,N,VIIRS,near_real_time,Southern India,ALL_INDIA,False,571232.3,BPCL Kochi Refinery (Ambalamugal),oil_refinery,national_bpcl_kochi_refinery_,NON_INDUSTRIAL_RURAL,0.1,CLUSTER_904,0.017,1,58,False,40.09000000000003,,UNLABELED,UNVERIFIED,,,,,,18.99,LOW,NON_INDUSTRIAL_RURAL,ROUTINE_MONITORING_RECOMMENDED
2117,8.41913,80.51995,350.95,292.47,2026-09-29,0724,12.14,nominal,0.6,D,N,VIIRS,near_real_time,Tamil Nadu,SOUTH_CORRIDOR,False,487814.0,BPCL Kochi Refinery (Ambalamugal),oil_refinery,national_bpcl_kochi_refinery_,NON_INDUSTRIAL_RURAL,0.1,CLUSTER_905,0.017,1,58,False,58.47999999999996,,UNLABELED,UNVERIFIED,,,,,,24.45,LOW,NON_INDUSTRIAL_RURAL,ROUTINE_MONITORING_RECOMMENDED
2118,8.42008,80.51842,353.54,292.19,2026-09-29,0724,12.19,nominal,0.6,D,N,VIIRS,near_real_time,Tamil Nadu,SOUTH_CORRIDOR,False,487618.9,BPCL Kochi Refinery (Ambalamugal),oil_refinery,national_bpcl_kochi_refinery_,NON_INDUSTRIAL_RURAL,0.1,CLUSTER_905,0.017,1,58,False,61.35000000000002,,UNLABELED,UNVERIFIED,,,,,,24.45,LOW,NON_INDUSTRIAL_RURAL,ROUTINE_MONITORING_RECOMMENDED
2119,8.63354,80.48622,342.81,285.56,2026-09-29,0724,5.34,nominal,0.6,D,N,VIIRS,near_real_time,Tamil Nadu,SOUTH_CORRIDOR,False,476216.1,BPCL Kochi Refinery (Ambalamugal),oil_refinery,national_bpcl_kochi_refinery_,NON_INDUSTRIAL_RURAL,0.1,CLUSTER_906,0.017,1,58,False,57.25,,UNLABELED,UNVERIFIED,,,,,,21.36,LOW,NON_INDUSTRIAL_RURAL,ROUTINE_MONITORING_RECOMMENDED
2120,9.4829,80.47287,338.53,292.4,2026-09-29,0724,5.81,nominal,0.6,D,N,VIIRS,near_real_time,Tamil Nadu,SOUTH_CORRIDOR,False,408806.1,CPCL Manali Refinery Complex,oil_refinery,national_cpcl_manali_refinery,NON_INDUSTRIAL_RURAL,0.1,CLUSTER_907,0.017,1,58,False,46.129999999999995,,UNLABELED,UNVERIFIED,,,,,,20.91,LOW,NON_INDUSTRIAL_RURAL,ROUTINE_MONITORING_RECOMMENDED
2121,10.94042,79.13027,330.01,294.04,2026-09-29,0726,9.05,nominal,0.6,D,N,VIIRS,near_real_time,Karnataka,SOUTH_CORRIDOR,False,275510.7,CPCL Manali Refinery Complex,oil_refinery,national_cpcl_manali_refinery,NON_INDUSTRIAL_RURAL,0.1,CLUSTER_908,0.017,1,58,False,35.96999999999997,,UNLABELED,UNVERIFIED,,,,,,20.59,LOW,NON_INDUSTRIAL_RURAL,ROUTINE_MONITORING_RECOMMENDED
2122,13.9459,79.8444,330.96,294.49,2026-09-29,0726,3.23,nominal,0.6,D,N,VIIRS,near_real_time,Karnataka,SOUTH_CORRIDOR,False,98095.3,CPCL Manali Refinery Complex,oil_refinery,national_cpcl_manali_refinery,NON_INDUSTRIAL_RURAL,0.1,CLUSTER_909,0.017,1,58,False,36.46999999999997,,UNLABELED,UNVERIFIED,,,,,,19.3,LOW,NON_INDUSTRIAL_RURAL,ROUTINE_MONITORING_RECOMMENDED
2123,15.11701,79.62191,333.17,299.31,2026-09-29,0726,3.08,nominal,0.6,D,N,VIIRS,near_real_time,Andhra Pradesh,SOUTH_CORRIDOR,False,227888.1,CPCL Manali Refinery Complex,oil_refinery,national_cpcl_manali_refinery,NON_INDUSTRIAL_RURAL,0.1,CLUSTER_800,0.034,2,58,False,33.860000000000014,,UNLABELED,UNVERIFIED,,,,,,20.96,LOW,NON_INDUSTRIAL_RURAL,ROUTINE_MONITORING_RECOMMENDED
2124,15.11725,79.62113,342.55,299.17,2026-09-29,0726,3.52,nominal,0.6,D,N,VIIRS,near_real_time,Andhra Pradesh,SOUTH_CORRIDOR,False,227939.2,CPCL Manali Refinery Complex,oil_refinery,national_cpcl_manali_refinery,NON_INDUSTRIAL_RURAL,0.1,CLUSTER_800,0.034,2,58,False,43.379999999999995,,UNLABELED,UNVERIFIED,,,,,,20.96,LOW,NON_INDUSTRIAL_RURAL,ROUTINE_MONITORING_RECOMMENDED
2125,15.12281,79.6207,337.41,299.05,2026-09-29,0726,3.08,nominal,0.6,D,N,VIIRS,near_real_time,Andhra Pradesh,SOUTH_CORRIDOR,False,228541.8,CPCL Manali Refinery Complex,oil_refinery,national_cpcl_manali_refinery,NON_INDUSTRIAL_RURAL,0.1,CLUSTER_800,0.034,2,58,False,38.360000000000014,,UNLABELED,UNVERIFIED,,,,,,20.96,LOW,NON_INDUSTRIAL_RURAL,ROUTINE_MONITORING_RECOMMENDED
2126,15.12307,79.62001,330.5,299.19,2026-09-29,0726,3.52,nominal,0.6,D,N,VIIRS,near_real_time,Andhra Pradesh,SOUTH_CORRIDOR,False,228592.0,CPCL Manali Refinery Complex,oil_refinery,national_cpcl_manali_refinery,NON_INDUSTRIAL_RURAL,0.1,CLUSTER_800,0.034,2,58,False,31.310000000000002,,UNLABELED,UNVERIFIED,,,,,,20.96,LOW,NON_INDUSTRIAL_RURAL,ROUTINE_MONITORING_RECOMMENDED
2127,15.2537,78.62485,347.49,292.96,2026-09-29,0726,6.63,nominal,0.6,D,N,VIIRS,near_real_time,Andhra Pradesh,SOUTH_CORRIDOR,False,291990.4,CPCL Manali Refinery Complex,oil_refinery,national_cpcl_manali_refinery,NON_INDUSTRIAL_RURAL,0.1,CLUSTER_910,0.017,1,58,False,54.53000000000003,,UNLABELED,UNVERIFIED,,,,,,22.42,LOW,NON_INDUSTRIAL_RURAL,ROUTINE_MONITORING_RECOMMENDED
2128,15.25543,78.62557,333.2,292.62,2026-09-29,0726,7.14,nominal,0.6,D,N,VIIRS,near_real_time,Andhra Pradesh,SOUTH_CORRIDOR,False,292096.1,CPCL Manali Refinery Complex,oil_refinery,national_cpcl_manali_refinery,NON_INDUSTRIAL_RURAL,0.1,CLUSTER_910,0.017,1,58,False,40.579999999999984,,UNLABELED,UNVERIFIED,,,,,,22.42,LOW,NON_INDUSTRIAL_RURAL,ROUTINE_MONITORING_RECOMMENDED
2129,16.62882,80.19833,337.26,295.39,2026-09-29,0726,5.93,nominal,0.6,D,N,VIIRS,near_real_time,Andhra Pradesh,SOUTH_CORRIDOR,False,344383.5,HPCL Visakhapatnam Refinery,oil_refinery,national_hpcl_visakhapatnam_r,NON_INDUSTRIAL_RURAL,0.1,CLUSTER_911,0.017,1,58,False,41.870000000000005,,UNLABELED,UNVERIFIED,,,,,,20.79,LOW,NON_INDUSTRIAL_RURAL,ROUTINE_MONITORING_RECOMMENDED
2130,17.59761,78.98743,330.28,292.4,2026-09-29,0729,2.79,nominal,0.6,D,N,VIIRS,near_real_time,Andhra Pradesh,SOUTH_CORRIDOR,False,451151.5,HPCL Visakhapatnam Refinery,oil_refinery,national_hpcl_visakhapatnam_r,NON_INDUSTRIAL_RURAL,0.1,CLUSTER_912,0.017,1,58,False,37.879999999999995,,UNLABELED,UNVERIFIED,,,,,,19.1,LOW,NON_INDUSTRIAL_RURAL,ROUTINE_MONITORING_RECOMMENDED
2131,17.65025,79.25647,335.06,296.19,2026-09-29,0729,4.71,nominal,0.6,D,N,VIIRS,near_real_time,Andhra Pradesh,SOUTH_CORRIDOR,False,422489.0,HPCL Visakhapatnam Refinery,oil_refinery,national_hpcl_visakhapatnam_r,NON_INDUSTRIAL_RURAL,0.1,CLUSTER_913,0.017,1,58,False,38.870000000000005,,UNLABELED,UNVERIFIED,,,,,,20.56,LOW,NON_INDUSTRIAL_RURAL,ROUTINE_MONITORING_RECOMMENDED
2132,17.65112,79.26048,331.19,295.58,2026-09-29,0729,6.19,nominal,0.6,D,N,VIIRS,near_real_time,Andhra Pradesh,SOUTH_CORRIDOR,False,422062.2,HPCL Visakhapatnam Refinery,oil_refinery,national_hpcl_visakhapatnam_r,NON_INDUSTRIAL_RURAL,0.1,CLUSTER_913,0.017,1,58,False,35.610000000000014,,UNLABELED,UNVERIFIED,,,,,,20.56,LOW,NON_INDUSTRIAL_RURAL,ROUTINE_MONITORING_RECOMMENDED
2133,17.65367,79.25558,329.99,295.39,2026-09-29,0729,3.91,nominal,0.6,D,N,VIIRS,near_real_time,Andhra Pradesh,SOUTH_CORRIDOR,False,422575.5,HPCL Visakhapatnam Refinery,oil_refinery,national_hpcl_visakhapatnam_r,NON_INDUSTRIAL_RURAL,0.1,CLUSTER_913,0.017,1,58,False,34.60000000000002,,UNLABELED,UNVERIFIED,,,,,,20.56,LOW,NON_INDUSTRIAL_RURAL,ROUTINE_MONITORING_RECOMMENDED
2134,17.65451,79.25961,334.22,295.83,2026-09-29,0729,5.81,nominal,0.6,D,N,VIIRS,near_real_time,Andhra Pradesh,SOUTH_CORRIDOR,False,422146.7,HPCL Visakhapatnam Refinery,oil_refinery,national_hpcl_visakhapatnam_r,NON_INDUSTRIAL_RURAL,0.1,CLUSTER_913,0.017,1,58,False,38.39000000000004,,UNLABELED,UNVERIFIED,,,,,,20.56,LOW,NON_INDUSTRIAL_RURAL,ROUTINE_MONITORING_RECOMMENDED
2135,18.61373,83.22314,332.87,299.43,2026-09-29,0729,5.7,nominal,0.6,D,N,VIIRS,near_real_time,Central India,ALL_INDIA,False,102086.4,HPCL Visakhapatnam Refinery,oil_refinery,national_hpcl_visakhapatnam_r,NON_INDUSTRIAL_RURAL,0.1,CLUSTER_914,0.017,1,58,False,33.44,,UNLABELED,UNVERIFIED,,,,,,20.15,LOW,NON_INDUSTRIAL_RURAL,ROUTINE_MONITORING_RECOMMENDED
2136,20.75973,85.29716,331.4,300.12,2026-09-29,0729,4.66,nominal,0.6,D,N,VIIRS,near_real_time,Odisha,EAST_MINERAL_BELT,False,147670.1,IOCL Paradip Refinery Complex,oil_refinery,national_iocl_paradip_refiner,NON_INDUSTRIAL_RURAL,0.1,CLUSTER_659,0.052,3,58,False,31.279999999999973,,UNLABELED,UNVERIFIED,,,,,,19.7,LOW,NON_INDUSTRIAL_RURAL,ROUTINE_MONITORING_RECOMMENDED
2137,20.78673,85.26462,329.58,299.75,2026-09-29,0729,3.65,low,0.2,D,N,VIIRS,near_real_time,Odisha,EAST_MINERAL_BELT,False,151892.8,IOCL Paradip Refinery Complex,oil_refinery,national_iocl_paradip_refiner,NON_INDUSTRIAL_RURAL,0.1,CLUSTER_558,0.052,3,58,False,29.829999999999984,,UNLABELED,UNVERIFIED,,,,,,22.76,LOW,NON_INDUSTRIAL_RURAL,ROUTINE_MONITORING_RECOMMENDED
2138,20.79244,85.25388,338.91,301.98,2026-09-29,0729,9.76,nominal,0.6,D,N,VIIRS,near_real_time,Odisha,EAST_MINERAL_BELT,False,153162.7,IOCL Paradip Refinery Complex,oil_refinery,national_iocl_paradip_refiner,NON_INDUSTRIAL_RURAL,0.1,CLUSTER_558,0.052,3,58,False,36.93000000000001,,UNLABELED,UNVERIFIED,,,,,,22.76,LOW,NON_INDUSTRIAL_RURAL,ROUTINE_MONITORING_RECOMMENDED
2139,20.79613,85.25317,329.63,301.27,2026-09-29,0729,6.88,low,0.2,D,N,VIIRS,near_real_time,Odisha,EAST_MINERAL_BELT,False,153379.4,IOCL Paradip Refinery Complex,oil_refinery,national_iocl_paradip_refiner,NON_INDUSTRIAL_RURAL,0.1,CLUSTER_558,0.052,3,58,False,28.360000000000014,,UNLABELED,UNVERIFIED,,,,,,22.76,LOW,NON_INDUSTRIAL_RURAL,ROUTINE_MONITORING_RECOMMENDED
2140,20.96195,85.18865,340.9,302.57,2026-09-29,0729,10.06,nominal,0.6,D,N,VIIRS,near_real_time,Odisha,EAST_MINERAL_BELT,False,143053.3,SAIL Rourkela Steel Plant,steel_and_heavy_industry,national_sail_rourkela_steel_,NON_INDUSTRIAL_RURAL,0.1,CLUSTER_563,0.052,3,58,False,38.329999999999984,,UNLABELED,UNVERIFIED,,,,,,23.07,LOW,NON_INDUSTRIAL_RURAL,ROUTINE_MONITORING_RECOMMENDED
2141,20.96688,85.17313,330.92,298.77,2026-09-29,0729,3.87,nominal,0.6,D,N,VIIRS,near_real_time,Odisha,EAST_MINERAL_BELT,False,142156.7,SAIL Rourkela Steel Plant,steel_and_heavy_industry,national_sail_rourkela_steel_,NON_INDUSTRIAL_RURAL,0.1,CLUSTER_563,0.052,3,58,False,32.150000000000034,,UNLABELED,UNVERIFIED,,,,,,23.07,LOW,NON_INDUSTRIAL_RURAL,ROUTINE_MONITORING_RECOMMENDED
2142,20.9677,85.17783,331.82,302.25,2026-09-29,0729,3.87,low,0.2,D,N,VIIRS,near_real_time,Odisha,EAST_MINERAL_BELT,False,142175.3,SAIL Rourkela Steel Plant,steel_and_heavy_industry,national_sail_rourkela_steel_,NON_INDUSTRIAL_RURAL,0.1,CLUSTER_563,0.052,3,58,False,29.569999999999993,,UNLABELED,UNVERIFIED,,,,,,23.07,LOW,NON_INDUSTRIAL_RURAL,ROUTINE_MONITORING_RECOMMENDED
2143,20.96909,85.17435,342.4,302.16,2026-09-29,0729,9.73,nominal,0.6,D,N,VIIRS,near_real_time,Odisha,EAST_MINERAL_BELT,False,141944.8,SAIL Rourkela Steel Plant,steel_and_heavy_industry,national_sail_rourkela_steel_,NON_INDUSTRIAL_RURAL,0.1,CLUSTER_563,0.052,3,58,False,40.23999999999995,,UNLABELED,UNVERIFIED,,,,,,23.07,LOW,NON_INDUSTRIAL_RURAL,ROUTINE_MONITORING_RECOMMENDED
2144,20.97139,85.17707,338.81,301.05,2026-09-29,0729,3.87,nominal,0.6,D,N,VIIRS,near_real_time,Odisha,EAST_MINERAL_BELT,False,141757.8,SAIL Rourkela Steel Plant,steel_and_heavy_industry,national_sail_rourkela_steel_,NON_INDUSTRIAL_RURAL,0.1,CLUSTER_563,0.052,3,58,False,37.75999999999999,,UNLABELED,UNVERIFIED,,,,,,23.07,LOW,NON_INDUSTRIAL_RURAL,ROUTINE_MONITORING_RECOMMENDED
2145,20.97794,85.17084,330.36,300.75,2026-09-29,0729,2.83,low,0.2,D,N,VIIRS,near_real_time,Odisha,EAST_MINERAL_BELT,False,140904.7,SAIL Rourkela Steel Plant,steel_and_heavy_industry,national_sail_rourkela_steel_,NON_INDUSTRIAL_RURAL,0.1,CLUSTER_563,0.052,3,58,False,29.610000000000014,,UNLABELED,UNVERIFIED,,,,,,23.07,LOW,NON_INDUSTRIAL_RURAL,ROUTINE_MONITORING_RECOMMENDED
2146,21.076,85.03734,337.14,306.11,2026-09-29,0729,6.97,nominal,0.6,D,N,VIIRS,near_real_time,Odisha,EAST_MINERAL_BELT,False,127711.2,SAIL Rourkela Steel Plant,steel_and_heavy_industry,national_sail_rourkela_steel_,NON_INDUSTRIAL_RURAL,0.1,CLUSTER_663,0.052,3,58,False,31.029999999999973,,UNLABELED,UNVERIFIED,,,,,,22.17,LOW,NON_INDUSTRIAL_RURAL,ROUTINE_MONITORING_RECOMMENDED
2147,21.07971,85.03658,345.91,304.98,2026-09-29,0729,6.97,nominal,0.6,D,N,VIIRS,near_real_time,Odisha,EAST_MINERAL_BELT,False,127291.8,SAIL Rourkela Steel Plant,steel_and_heavy_industry,national_sail_rourkela_steel_,NON_INDUSTRIAL_RURAL,0.1,CLUSTER_663,0.052,3,58,False,40.93000000000001,,UNLABELED,UNVERIFIED,,,,,,22.17,LOW,NON_INDUSTRIAL_RURAL,ROUTINE_MONITORING_RECOMMENDED
2148,21.92265,83.34913,329.24,299.29,2026-09-29,0729,6.95,low,0.2,D,N,VIIRS,near_real_time,Odisha,EAST_MINERAL_BELT,False,159549.3,SAIL Rourkela Steel Plant,steel_and_heavy_industry,national_sail_rourkela_steel_,NON_INDUSTRIAL_RURAL,0.1,CLUSTER_146,0.086,5,58,False,29.94999999999999,,UNLABELED,UNVERIFIED,,,,,,20.16,LOW,NON_INDUSTRIAL_RURAL,ROUTINE_MONITORING_RECOMMENDED
2149,21.98473,83.23291,329.34,299.77,2026-09-29,0729,5.51,low,0.2,D,N,VIIRS,near_real_time,Odisha,EAST_MINERAL_BELT,False,170057.2,SAIL Rourkela Steel Plant,steel_and_heavy_industry,national_sail_rourkela_steel_,NON_INDUSTRIAL_RURAL,0.1,CLUSTER_293,0.086,5,58,False,29.569999999999993,,UNLABELED,UNVERIFIED,,,,,,20.43,LOW,NON_INDUSTRIAL_RURAL,ROUTINE_MONITORING_RECOMMENDED
2150,22.0171,83.33786,331.34,298.82,2026-09-29,0729,3.55,nominal,0.6,D,N,VIIRS,near_real_time,Odisha,EAST_MINERAL_BELT,False,158814.2,SAIL Rourkela Steel Plant,steel_and_heavy_industry,national_sail_rourkela_steel_,NON_INDUSTRIAL_RURAL,0.1,CLUSTER_874,0.034,2,58,False,32.51999999999998,,UNLABELED,UNVERIFIED,,,,,,19.41,LOW,NON_INDUSTRIAL_RURAL,ROUTINE_MONITORING_RECOMMENDED
2151,22.0539,88.12553,331.51,297.72,2026-09-29,0729,2.82,nominal,0.6,D,N,VIIRS,near_real_time,West Bengal,EAST_MINERAL_BELT,False,4093.5,Haldia Petrochemicals Complex,chemical_petrochemical,national_haldia_petrochemical,VICINITY_ZONE,0.4,CLUSTER_151,0.069,4,58,False,33.789999999999964,,UNLABELED,UNVERIFIED,,,,,,20.4,LOW,NON_INDUSTRIAL_RURAL,ROUTINE_MONITORING_RECOMMENDED
2152,22.32343,82.5892,341.13,299.7,2026-09-29,0729,4.76,nominal,0.6,D,N,VIIRS,near_real_time,Chhattisgarh,EAST_MINERAL_BELT,False,177569.9,SAIL Bhilai Steel Plant,steel_and_heavy_industry,national_sail_bhilai_steel_pl,NON_INDUSTRIAL_RURAL,0.1,CLUSTER_153,0.086,5,58,False,41.43000000000001,,UNLABELED,UNVERIFIED,,,,,,21.05,LOW,NON_INDUSTRIAL_RURAL,ROUTINE_MONITORING_RECOMMENDED
2153,22.35922,82.30325,332.27,302.08,2026-09-29,0729,5.29,nominal,0.6,D,N,VIIRS,near_real_time,Chhattisgarh,EAST_MINERAL_BELT,False,161469.3,SAIL Bhilai Steel Plant,steel_and_heavy_industry,national_sail_bhilai_steel_pl,NON_INDUSTRIAL_RURAL,0.1,CLUSTER_155,0.086,5,58,False,30.189999999999998,,UNLABELED,UNVERIFIED,,,,,,22.5,LOW,NON_INDUSTRIAL_RURAL,ROUTINE_MONITORING_RECOMMENDED
2154,22.36615,87.30139,334.2,303.24,2026-09-29,0729,5.03,nominal,0.6,D,N,VIIRS,near_real_time,West Bengal,EAST_MINERAL_BELT,False,86899.1,Haldia Petrochemicals Complex,chemical_petrochemical,national_haldia_petrochemical,NON_INDUSTRIAL_RURAL,0.1,CLUSTER_696,0.052,3,58,False,30.95999999999998,,UNLABELED,UNVERIFIED,,,,,,20.34,LOW,NON_INDUSTRIAL_RURAL,ROUTINE_MONITORING_RECOMMENDED
2155,22.78837,86.19756,337.58,301.77,2026-09-29,0729,4.98,nominal,0.6,D,N,VIIRS,near_real_time,Jharkhand,EAST_MINERAL_BELT,False,300.9,Tata Steel Jamshedpur Works,steel_and_heavy_industry,national_tata_steel_jamshedpu,NEARBY_INDUSTRIAL_BUFFER,0.8,CLUSTER_047,0.121,7,58,True,35.81,,UNLABELED,UNVERIFIED,,,,,,82.57,CRITICAL,SEVERE_THERMAL_ANOMALY,HIGH_PRIORITY_INVESTIGATION_REQUIRED
2156,23.1147,75.71581,330.8,302.51,2026-09-29,0729,2.06,nominal,0.6,D,N,VIIRS,near_real_time,Central India,ALL_INDIA,False,186461.9,Unnamed Industrial Facility,general_industry,way/659900492,NON_INDUSTRIAL_RURAL,0.1,CLUSTER_915,0.017,1,58,False,28.29000000000002,,UNLABELED,UNVERIFIED,,,,,,18.98,LOW,NON_INDUSTRIAL_RURAL,ROUTINE_MONITORING_RECOMMENDED
2157,23.56055,87.23941,336.29,295.36,2026-09-29,0729,4.79,nominal,0.6,D,N,VIIRS,near_real_time,West Bengal,EAST_MINERAL_BELT,False,136560.1,Tata Steel Jamshedpur Works,steel_and_heavy_industry,national_tata_steel_jamshedpu,NON_INDUSTRIAL_RURAL,0.1,CLUSTER_702,0.052,3,58,False,40.93000000000001,,UNLABELED,UNVERIFIED,,,,,,20.4,LOW,NON_INDUSTRIAL_RURAL,ROUTINE_MONITORING_RECOMMENDED
2158,23.64721,85.43923,335.08,297.09,2026-09-29,0729,4.66,nominal,0.6,D,N,VIIRS,near_real_time,Jharkhand,EAST_MINERAL_BELT,False,123219.4,Tata Steel Jamshedpur Works,steel_and_heavy_industry,national_tata_steel_jamshedpu,NON_INDUSTRIAL_RURAL,0.1,CLUSTER_160,0.069,4,58,False,37.99000000000001,,UNLABELED,UNVERIFIED,,,,,,20.18,LOW,NON_INDUSTRIAL_RURAL,ROUTINE_MONITORING_RECOMMENDED
2159,23.6876,87.1208,332.23,299.26,2026-09-29,0729,2.72,nominal,0.6,D,N,VIIRS,near_real_time,West Bengal,EAST_MINERAL_BELT,False,137331.5,Tata Steel Jamshedpur Works,steel_and_heavy_industry,national_tata_steel_jamshedpu,NON_INDUSTRIAL_RURAL,0.1,CLUSTER_704,0.052,3,58,False,32.97000000000003,,UNLABELED,UNVERIFIED,,,,,,20.68,LOW,NON_INDUSTRIAL_RURAL,ROUTINE_MONITORING_RECOMMENDED
2160,23.68939,86.08852,339.58,295.33,2026-09-29,0729,6.63,nominal,0.6,D,N,VIIRS,near_real_time,Jharkhand,EAST_MINERAL_BELT,False,101092.5,Tata Steel Jamshedpur Works,steel_and_heavy_industry,national_tata_steel_jamshedpu,NON_INDUSTRIAL_RURAL,0.1,CLUSTER_162,0.069,4,58,False,44.25,,UNLABELED,UNVERIFIED,,,,,,22.79,LOW,NON_INDUSTRIAL_RURAL,ROUTINE_MONITORING_RECOMMENDED
2161,23.73668,86.43343,342.98,298.98,2026-09-29,0729,4.2,nominal,0.6,D,N,VIIRS,near_real_time,Jharkhand,EAST_MINERAL_BELT,False,108353.2,Tata Steel Jamshedpur Works,steel_and_heavy_industry,national_tata_steel_jamshedpu,NON_INDUSTRIAL_RURAL,0.1,CLUSTER_169,0.069,4,58,False,44.0,,UNLABELED,UNVERIFIED,,,,,,21.16,LOW,NON_INDUSTRIAL_RURAL,ROUTINE_MONITORING_RECOMMENDED
2162,23.76327,86.40352,338.01,298.6,2026-09-29,0729,3.75,nominal,0.6,D,N,VIIRS,near_real_time,Jharkhand,EAST_MINERAL_BELT,False,110628.2,Tata Steel Jamshedpur Works,steel_and_heavy_industry,national_tata_steel_jamshedpu,NON_INDUSTRIAL_RURAL,0.1,CLUSTER_170,0.069,4,58,False,39.40999999999997,,UNLABELED,UNVERIFIED,,,,,,20.81,LOW,NON_INDUSTRIAL_RURAL,ROUTINE_MONITORING_RECOMMENDED
2163,23.76666,86.40284,329.67,297.99,2026-09-29,0729,3.75,nominal,0.6,D,N,VIIRS,near_real_time,Jharkhand,EAST_MINERAL_BELT,False,110985.6,Tata Steel Jamshedpur Works,steel_and_heavy_industry,national_tata_steel_jamshedpu,NON_INDUSTRIAL_RURAL,0.1,CLUSTER_170,0.069,4,58,False,31.680000000000007,,UNLABELED,UNVERIFIED,,,,,,20.81,LOW,NON_INDUSTRIAL_RURAL,ROUTINE_MONITORING_RECOMMENDED
2164,23.77429,86.36414,335.42,296.65,2026-09-29,0729,3.62,nominal,0.6,D,N,VIIRS,near_real_time,Jharkhand,EAST_MINERAL_BELT,False,111159.0,Tata Steel Jamshedpur Works,steel_and_heavy_industry,national_tata_steel_jamshedpu,NON_INDUSTRIAL_RURAL,0.1,CLUSTER_174,0.069,4,58,False,38.77000000000004,,UNLABELED,UNVERIFIED,,,,,,19.97,LOW,NON_INDUSTRIAL_RURAL,ROUTINE_MONITORING_RECOMMENDED
2165,23.77827,86.3882,339.51,300.46,2026-09-29,0729,5.32,nominal,0.6,D,N,VIIRS,near_real_time,Jharkhand,EAST_MINERAL_BELT,False,111989.5,Tata Steel Jamshedpur Works,steel_and_heavy_industry,national_tata_steel_jamshedpu,NON_INDUSTRIAL_RURAL,0.1,CLUSTER_178,0.069,4,58,False,39.05000000000001,,UNLABELED,UNVERIFIED,,,,,,20.93,LOW,NON_INDUSTRIAL_RURAL,ROUTINE_MONITORING_RECOMMENDED
2166,23.77983,86.2097,340.78,300.54,2026-09-29,0729,7.95,nominal,0.6,D,N,VIIRS,near_real_time,Jharkhand,EAST_MINERAL_BELT,False,110513.3,Tata Steel Jamshedpur Works,steel_and_heavy_industry,national_tata_steel_jamshedpu,NON_INDUSTRIAL_RURAL,0.1,CLUSTER_175,0.086,5,58,False,40.23999999999995,,UNLABELED,UNVERIFIED,,,,,,22.38,LOW,NON_INDUSTRIAL_RURAL,ROUTINE_MONITORING_RECOMMENDED
2167,23.80362,86.32985,344.67,302.2,2026-09-29,0729,6.93,nominal,0.6,D,N,VIIRS,near_real_time,Jharkhand,EAST_MINERAL_BELT,False,113924.8,Tata Steel Jamshedpur Works,steel_and_heavy_industry,national_tata_steel_jamshedpu,NON_INDUSTRIAL_RURAL,0.1,CLUSTER_183,0.069,4,58,False,42.47000000000003,,UNLABELED,UNVERIFIED,,,,,,22.0,LOW,NON_INDUSTRIAL_RURAL,ROUTINE_MONITORING_RECOMMENDED
2168,24.14644,82.65672,334.13,297.4,2026-09-29,0729,3.17,nominal,0.6,D,N,VIIRS,near_real_time,Chhattisgarh,EAST_MINERAL_BELT,False,310905.2,SAIL Rourkela Steel Plant,steel_and_heavy_industry,national_sail_rourkela_steel_,NON_INDUSTRIAL_RURAL,0.1,CLUSTER_712,0.052,3,58,False,36.73000000000002,,UNLABELED,UNVERIFIED,,,,,,19.69,LOW,NON_INDUSTRIAL_RURAL,ROUTINE_MONITORING_RECOMMENDED
2169,25.30898,86.49201,333.38,299.38,2026-09-29,0729,3.4,nominal,0.6,D,N,VIIRS,near_real_time,Eastern India,ALL_INDIA,False,282101.8,Tata Steel Jamshedpur Works,steel_and_heavy_industry,national_tata_steel_jamshedpu,NON_INDUSTRIAL_RURAL,0.1,CLUSTER_916,0.017,1,58,False,34.0,,UNLABELED,UNVERIFIED,,,,,,19.65,LOW,NON_INDUSTRIAL_RURAL,ROUTINE_MONITORING_RECOMMENDED
2170,25.86546,93.36233,332.04,297.62,2026-09-29,0729,2.9,nominal,0.6,D,N,VIIRS,near_real_time,Eastern India,ALL_INDIA,False,683405.7,Haldia Petrochemicals Complex,chemical_petrochemical,national_haldia_petrochemical,NON_INDUSTRIAL_RURAL,0.1,CLUSTER_917,0.017,1,58,False,34.420000000000016,,UNLABELED,UNVERIFIED,,,,,,19.35,LOW,NON_INDUSTRIAL_RURAL,ROUTINE_MONITORING_RECOMMENDED
2171,25.86854,96.6283,329.38,296.87,2026-09-29,0729,5.87,nominal,0.6,D,N,VIIRS,near_real_time,Eastern India,ALL_INDIA,False,965874.3,Haldia Petrochemicals Complex,chemical_petrochemical,national_haldia_petrochemical,NON_INDUSTRIAL_RURAL,0.1,CLUSTER_918,0.017,1,58,False,32.50999999999999,,UNLABELED,UNVERIFIED,,,,,,19.88,LOW,NON_INDUSTRIAL_RURAL,ROUTINE_MONITORING_RECOMMENDED
2172,25.86871,96.62617,330.53,296.99,2026-09-29,0729,4.19,nominal,0.6,D,N,VIIRS,near_real_time,Eastern India,ALL_INDIA,False,965687.8,Haldia Petrochemicals Complex,chemical_petrochemical,national_haldia_petrochemical,NON_INDUSTRIAL_RURAL,0.1,CLUSTER_918,0.017,1,58,False,33.539999999999964,,UNLABELED,UNVERIFIED,,,,,,19.88,LOW,NON_INDUSTRIAL_RURAL,ROUTINE_MONITORING_RECOMMENDED
2173,27.65409,77.45203,334.04,297.26,2026-09-29,0729,3.11,nominal,0.6,D,N,VIIRS,near_real_time,Uttar Pradesh,NORTH_NCR,False,33760.7,IOCL Mathura Refinery,oil_refinery,national_iocl_mathura_refiner,NON_INDUSTRIAL_RURAL,0.1,CLUSTER_919,0.017,1,58,False,36.78000000000003,,UNLABELED,UNVERIFIED,,,,,,19.66,LOW,NON_INDUSTRIAL_RURAL,ROUTINE_MONITORING_RECOMMENDED
2174,28.12338,77.58401,331.92,297.87,2026-09-29,0729,2.54,nominal,0.6,D,N,VIIRS,near_real_time,Uttar Pradesh,NORTH_NCR,False,51326.1,NTPC Dadri Thermal Power Station,power_plant,national_ntpc_dadri_thermal_p,NON_INDUSTRIAL_RURAL,0.1,CLUSTER_920,0.017,1,58,False,34.05000000000001,,UNLABELED,UNVERIFIED,,,,,,19.25,LOW,NON_INDUSTRIAL_RURAL,ROUTINE_MONITORING_RECOMMENDED
2175,28.63075,76.15372,331.8,298.36,2026-09-29,0729,2.12,nominal,0.6,D,N,VIIRS,near_real_time,Rajasthan,NORTH_NCR,False,81198.2,Bhiwadi RIICO Industrial Cluster,general_industry,national_bhiwadi_riico_indust,NON_INDUSTRIAL_RURAL,0.1,CLUSTER_921,0.017,1,58,False,33.44,,UNLABELED,UNVERIFIED,,,,,,19.13,LOW,NON_INDUSTRIAL_RURAL,ROUTINE_MONITORING_RECOMMENDED
2176,27.74485,96.28925,345.97,295.87,2026-09-29,0731,14.46,nominal,0.6,D,N,VIIRS,near_real_time,Eastern India,ALL_INDIA,False,1041203.4,Haldia Petrochemicals Complex,chemical_petrochemical,national_haldia_petrochemical,NON_INDUSTRIAL_RURAL,0.1,CLUSTER_922,0.017,1,58,False,50.10000000000002,,UNLABELED,UNVERIFIED,,,,,,24.94,LOW,NON_INDUSTRIAL_RURAL,ROUTINE_MONITORING_RECOMMENDED
2177,27.7449,96.28738,342.57,296.29,2026-09-29,0731,18.25,nominal,0.6,D,N,VIIRS,near_real_time,Eastern India,ALL_INDIA,False,1041057.1,Haldia Petrochemicals Complex,chemical_petrochemical,national_haldia_petrochemical,NON_INDUSTRIAL_RURAL,0.1,CLUSTER_922,0.017,1,58,False,46.27999999999997,,UNLABELED,UNVERIFIED,,,,,,24.94,LOW,NON_INDUSTRIAL_RURAL,ROUTINE_MONITORING_RECOMMENDED
2178,27.74833,96.32671,339.91,294.83,2026-09-29,0731,6.51,nominal,0.6,D,N,VIIRS,near_real_time,Eastern India,ALL_INDIA,False,1044427.4,Haldia Petrochemicals Complex,chemical_petrochemical,national_haldia_petrochemical,NON_INDUSTRIAL_RURAL,0.1,CLUSTER_923,0.017,1,58,False,45.08000000000004,,UNLABELED,UNVERIFIED,,,,,,22.09,LOW,NON_INDUSTRIAL_RURAL,ROUTINE_MONITORING_RECOMMENDED
2179,27.74866,96.33108,339.93,295.16,2026-09-29,0731,9.87,nominal,0.6,D,N,VIIRS,near_real_time,Eastern India,ALL_INDIA,False,1044798.8,Haldia Petrochemicals Complex,chemical_petrochemical,national_haldia_petrochemical,NON_INDUSTRIAL_RURAL,0.1,CLUSTER_923,0.017,1,58,False,44.76999999999998,,UNLABELED,UNVERIFIED,,,,,,22.09,LOW,NON_INDUSTRIAL_RURAL,ROUTINE_MONITORING_RECOMMENDED
2180,27.75332,96.32629,331.22,294.36,2026-09-29,0731,3.16,nominal,0.6,D,N,VIIRS,near_real_time,Eastern India,ALL_INDIA,False,1044716.1,Haldia Petrochemicals Complex,chemical_petrochemical,national_haldia_petrochemical,NON_INDUSTRIAL_RURAL,0.1,CLUSTER_923,0.017,1,58,False,36.860000000000014,,UNLABELED,UNVERIFIED,,,,,,22.09,LOW,NON_INDUSTRIAL_RURAL,ROUTINE_MONITORING_RECOMMENDED
2181,27.75366,96.3307,334.74,294.6,2026-09-29,0731,9.87,nominal,0.6,D,N,VIIRS,near_real_time,Eastern India,ALL_INDIA,False,1045091.2,Haldia Petrochemicals Complex,chemical_petrochemical,national_haldia_petrochemical,NON_INDUSTRIAL_RURAL,0.1,CLUSTER_923,0.017,1,58,False,40.139999999999986,,UNLABELED,UNVERIFIED,,,,,,22.09,LOW,NON_INDUSTRIAL_RURAL,ROUTINE_MONITORING_RECOMMENDED
2182,27.762,96.31081,336.77,294.89,2026-09-29,0731,5.82,nominal,0.6,D,N,VIIRS,near_real_time,Eastern India,ALL_INDIA,False,1044038.7,Haldia Petrochemicals Complex,chemical_petrochemical,national_haldia_petrochemical,NON_INDUSTRIAL_RURAL,0.1,CLUSTER_924,0.017,1,58,False,41.879999999999995,,UNLABELED,UNVERIFIED,,,,,,21.12,LOW,NON_INDUSTRIAL_RURAL,ROUTINE_MONITORING_RECOMMENDED
2183,27.76212,96.31268,335.87,295.14,2026-09-29,0731,7.54,nominal,0.6,D,N,VIIRS,near_real_time,Eastern India,ALL_INDIA,False,1044196.0,Haldia Petrochemicals Complex,chemical_petrochemical,national_haldia_petrochemical,NON_INDUSTRIAL_RURAL,0.1,CLUSTER_924,0.017,1,58,False,40.73000000000002,,UNLABELED,UNVERIFIED,,,,,,21.12,LOW,NON_INDUSTRIAL_RURAL,ROUTINE_MONITORING_RECOMMENDED
2184,27.76484,96.11652,341.28,295.42,2026-09-29,0731,7.4,nominal,0.6,D,N,VIIRS,near_real_time,Eastern India,ALL_INDIA,False,1028755.4,Haldia Petrochemicals Complex,chemical_petrochemical,national_haldia_petrochemical,NON_INDUSTRIAL_RURAL,0.1,CLUSTER_925,0.017,1,58,False,45.85999999999996,,UNLABELED,UNVERIFIED,,,,,,21.67,LOW,NON_INDUSTRIAL_RURAL,ROUTINE_MONITORING_RECOMMENDED
2185,27.76529,96.01178,330.05,295.27,2026-09-29,0731,4.77,nominal,0.6,D,N,VIIRS,near_real_time,Eastern India,ALL_INDIA,False,1020505.3,Haldia Petrochemicals Complex,chemical_petrochemical,national_haldia_petrochemical,NON_INDUSTRIAL_RURAL,0.1,CLUSTER_926,0.017,1,58,False,34.78000000000003,,UNLABELED,UNVERIFIED,,,,,,19.56,LOW,NON_INDUSTRIAL_RURAL,ROUTINE_MONITORING_RECOMMENDED
2186,27.89012,96.16331,333.19,294.86,2026-09-29,0731,4.54,nominal,0.6,D,N,VIIRS,near_real_time,Eastern India,ALL_INDIA,False,1040750.2,Haldia Petrochemicals Complex,chemical_petrochemical,national_haldia_petrochemical,NON_INDUSTRIAL_RURAL,0.1,CLUSTER_927,0.017,1,58,False,38.329999999999984,,UNLABELED,UNVERIFIED,,,,,,19.91,LOW,NON_INDUSTRIAL_RURAL,ROUTINE_MONITORING_RECOMMENDED
2187,27.99357,95.51171,331.86,295.71,2026-09-29,0731,4.13,nominal,0.6,D,N,VIIRS,near_real_time,Eastern India,ALL_INDIA,False,997623.9,Haldia Petrochemicals Complex,chemical_petrochemical,national_haldia_petrochemical,NON_INDUSTRIAL_RURAL,0.1,CLUSTER_928,0.017,1,58,False,36.150000000000034,,UNLABELED,UNVERIFIED,,,,,,19.63,LOW,NON_INDUSTRIAL_RURAL,ROUTINE_MONITORING_RECOMMENDED
2188,27.99417,95.51117,331.56,295.5,2026-09-29,0731,4.03,nominal,0.6,D,N,VIIRS,near_real_time,Eastern India,ALL_INDIA,False,997625.9,Haldia Petrochemicals Complex,chemical_petrochemical,national_haldia_petrochemical,NON_INDUSTRIAL_RURAL,0.1,CLUSTER_928,0.017,1,58,False,36.06,,UNLABELED,UNVERIFIED,,,,,,19.63,LOW,NON_INDUSTRIAL_RURAL,ROUTINE_MONITORING_RECOMMENDED
2189,30.50002,75.62022,348.99,294.75,2026-09-29,0731,6.13,nominal,0.6,D,N,VIIRS,near_real_time,Northern India,ALL_INDIA,False,173653.2,IOCL Panipat Petrochemical Complex,oil_refinery,national_iocl_panipat_petroch,NON_INDUSTRIAL_RURAL,0.1,CLUSTER_929,0.017,1,58,False,54.24000000000001,,UNLABELED,UNVERIFIED,,,,,,22.37,LOW,NON_INDUSTRIAL_RURAL,ROUTINE_MONITORING_RECOMMENDED
2190,30.96744,74.19054,335.17,297.17,2026-09-29,0731,3.71,nominal,0.6,D,N,VIIRS,near_real_time,Northern India,ALL_INDIA,False,313725.8,IOCL Panipat Petrochemical Complex,oil_refinery,national_iocl_panipat_petroch,NON_INDUSTRIAL_RURAL,0.1,CLUSTER_930,0.017,1,58,False,38.0,,UNLABELED,UNVERIFIED,,,,,,19.97,LOW,NON_INDUSTRIAL_RURAL,ROUTINE_MONITORING_RECOMMENDED
2191,31.05313,74.28538,351.22,299.02,2026-09-29,0731,9.04,nominal,0.6,D,N,VIIRS,near_real_time,Northern India,ALL_INDIA,False,311539.9,IOCL Panipat Petrochemical Complex,oil_refinery,national_iocl_panipat_petroch,NON_INDUSTRIAL_RURAL,0.1,CLUSTER_931,0.017,1,58,False,52.200000000000045,,UNLABELED,UNVERIFIED,,,,,,23.37,LOW,NON_INDUSTRIAL_RURAL,ROUTINE_MONITORING_RECOMMENDED
2192,31.05706,74.34778,340.49,297.81,2026-09-29,0731,5.89,nominal,0.6,D,N,VIIRS,near_real_time,Northern India,ALL_INDIA,False,306955.8,IOCL Panipat Petrochemical Complex,oil_refinery,national_iocl_panipat_petroch,NON_INDUSTRIAL_RURAL,0.1,CLUSTER_932,0.017,1,58,False,42.68000000000001,,UNLABELED,UNVERIFIED,,,,,,21.2,LOW,NON_INDUSTRIAL_RURAL,ROUTINE_MONITORING_RECOMMENDED
2193,31.31392,75.34063,346.01,296.73,2026-09-29,0731,8.13,nominal,0.6,D,N,VIIRS,near_real_time,Northern India,ALL_INDIA,False,259705.8,IOCL Panipat Petrochemical Complex,oil_refinery,national_iocl_panipat_petroch,NON_INDUSTRIAL_RURAL,0.1,CLUSTER_933,0.017,1,58,False,49.27999999999997,,UNLABELED,UNVERIFIED,,,,,,22.47,LOW,NON_INDUSTRIAL_RURAL,ROUTINE_MONITORING_RECOMMENDED
2194,31.33361,74.30579,334.79,299.42,2026-09-29,0731,2.02,nominal,0.6,D,N,VIIRS,near_real_time,Northern India,ALL_INDIA,False,328989.1,IOCL Panipat Petrochemical Complex,oil_refinery,national_iocl_panipat_petroch,NON_INDUSTRIAL_RURAL,0.1,CLUSTER_934,0.017,1,58,False,35.370000000000005,,UNLABELED,UNVERIFIED,,,,,,19.5,LOW,NON_INDUSTRIAL_RURAL,ROUTINE_MONITORING_RECOMMENDED
2195,31.51509,75.03067,367.0,303.87,2026-09-29,0731,7.64,high,0.9,D,N,VIIRS,near_real_time,Northern India,ALL_INDIA,False,295296.1,IOCL Panipat Petrochemical Complex,oil_refinery,national_iocl_panipat_petroch,NON_INDUSTRIAL_RURAL,0.1,CLUSTER_935,0.017,1,58,False,63.129999999999995,,UNLABELED,UNVERIFIED,,,,,,25.79,LOW,NON_INDUSTRIAL_RURAL,ROUTINE_MONITORING_RECOMMENDED
2196,31.51638,75.03042,367.0,304.75,2026-09-29,0731,10.44,high,0.9,D,N,VIIRS,near_real_time,Northern India,ALL_INDIA,False,295423.4,IOCL Panipat Petrochemical Complex,oil_refinery,national_iocl_panipat_petroch,NON_INDUSTRIAL_RURAL,0.1,CLUSTER_935,0.017,1,58,False,62.25,,UNLABELED,UNVERIFIED,,,,,,25.79,LOW,NON_INDUSTRIAL_RURAL,ROUTINE_MONITORING_RECOMMENDED
2197,31.56274,74.75707,329.96,300.94,2026-09-29,0731,1.61,nominal,0.6,D,N,VIIRS,near_real_time,Northern India,ALL_INDIA,False,315987.0,IOCL Panipat Petrochemical Complex,oil_refinery,national_iocl_panipat_petroch,NON_INDUSTRIAL_RURAL,0.1,CLUSTER_936,0.017,1,58,False,29.019999999999982,,UNLABELED,UNVERIFIED,,,,,,18.77,LOW,NON_INDUSTRIAL_RURAL,ROUTINE_MONITORING_RECOMMENDED
2198,31.59668,74.6134,340.61,301.2,2026-09-29,0731,3.62,nominal,0.6,D,N,VIIRS,near_real_time,Northern India,ALL_INDIA,False,327918.7,IOCL Panipat Petrochemical Complex,oil_refinery,national_iocl_panipat_petroch,NON_INDUSTRIAL_RURAL,0.1,CLUSTER_937,0.017,1,58,False,39.410000000000025,,UNLABELED,UNVERIFIED,,,,,,20.65,LOW,NON_INDUSTRIAL_RURAL,ROUTINE_MONITORING_RECOMMENDED
2199,31.60815,75.23576,351.81,302.28,2026-09-29,0731,5.06,nominal,0.6,D,N,VIIRS,near_real_time,Northern India,ALL_INDIA,False,292230.9,IOCL Panipat Petrochemical Complex,oil_refinery,national_iocl_panipat_petroch,NON_INDUSTRIAL_RURAL,0.1,CLUSTER_938,0.017,1,58,False,49.53000000000003,,UNLABELED,UNVERIFIED,,,,,,22.48,LOW,NON_INDUSTRIAL_RURAL,ROUTINE_MONITORING_RECOMMENDED
2200,31.74793,73.62749,330.25,296.86,2026-09-29,0731,2.44,nominal,0.6,D,N,VIIRS,near_real_time,Northern India,ALL_INDIA,False,407919.4,IOCL Panipat Petrochemical Complex,oil_refinery,national_iocl_panipat_petroch,NON_INDUSTRIAL_RURAL,0.1,CLUSTER_939,0.017,1,58,False,33.389999999999986,,UNLABELED,UNVERIFIED,,,,,,19.0,LOW,NON_INDUSTRIAL_RURAL,ROUTINE_MONITORING_RECOMMENDED
2201,31.77238,74.68832,330.33,299.8,2026-09-29,0731,1.91,nominal,0.6,D,N,VIIRS,near_real_time,Northern India,ALL_INDIA,False,337929.8,IOCL Panipat Petrochemical Complex,oil_refinery,national_iocl_panipat_petroch,NON_INDUSTRIAL_RURAL,0.1,CLUSTER_940,0.017,1,58,False,30.529999999999973,,UNLABELED,UNVERIFIED,,,,,,18.88,LOW,NON_INDUSTRIAL_RURAL,ROUTINE_MONITORING_RECOMMENDED
2202,31.78729,74.22294,344.29,299.85,2026-09-29,0731,7.5,nominal,0.6,D,N,VIIRS,near_real_time,Northern India,ALL_INDIA,False,368829.6,IOCL Panipat Petrochemical Complex,oil_refinery,national_iocl_panipat_petroch,NON_INDUSTRIAL_RURAL,0.1,CLUSTER_941,0.017,1,58,False,44.44,,UNLABELED,UNVERIFIED,,,,,,22.09,LOW,NON_INDUSTRIAL_RURAL,ROUTINE_MONITORING_RECOMMENDED
2203,31.80148,74.06763,333.97,298.42,2026-09-29,0731,2.7,nominal,0.6,D,N,VIIRS,near_real_time,Northern India,ALL_INDIA,False,380444.8,IOCL Panipat Petrochemical Complex,oil_refinery,national_iocl_panipat_petroch,NON_INDUSTRIAL_RURAL,0.1,CLUSTER_942,0.017,1,58,False,35.55000000000001,,UNLABELED,UNVERIFIED,,,,,,19.56,LOW,NON_INDUSTRIAL_RURAL,ROUTINE_MONITORING_RECOMMENDED
2204,31.84049,74.61057,346.86,300.19,2026-09-29,0731,3.74,nominal,0.6,D,N,VIIRS,near_real_time,Northern India,ALL_INDIA,False,348451.0,IOCL Panipat Petrochemical Complex,oil_refinery,national_iocl_panipat_petroch,NON_INDUSTRIAL_RURAL,0.1,CLUSTER_943,0.017,1,58,False,46.670000000000016,,UNLABELED,UNVERIFIED,,,,,,21.51,LOW,NON_INDUSTRIAL_RURAL,ROUTINE_MONITORING_RECOMMENDED
2205,31.89711,74.15167,335.57,298.6,2026-09-29,0731,3.18,nominal,0.6,D,N,VIIRS,near_real_time,Northern India,ALL_INDIA,False,382242.6,IOCL Panipat Petrochemical Complex,oil_refinery,national_iocl_panipat_petroch,NON_INDUSTRIAL_RURAL,0.1,CLUSTER_944,0.017,1,58,False,36.96999999999997,,UNLABELED,UNVERIFIED,,,,,,20.86,LOW,NON_INDUSTRIAL_RURAL,ROUTINE_MONITORING_RECOMMENDED
2206,31.89898,74.11232,367.0,300.11,2026-09-29,0731,9.25,high,0.9,D,N,VIIRS,near_real_time,Northern India,ALL_INDIA,False,385001.7,IOCL Panipat Petrochemical Complex,oil_refinery,national_iocl_panipat_petroch,NON_INDUSTRIAL_RURAL,0.1,CLUSTER_945,0.017,1,58,False,66.88999999999999,,UNLABELED,UNVERIFIED,,,,,,25.5,LOW,NON_INDUSTRIAL_RURAL,ROUTINE_MONITORING_RECOMMENDED
2207,31.90263,74.14976,337.36,297.95,2026-09-29,0731,6.2,nominal,0.6,D,N,VIIRS,near_real_time,Northern India,ALL_INDIA,False,382807.0,IOCL Panipat Petrochemical Complex,oil_refinery,national_iocl_panipat_petroch,NON_INDUSTRIAL_RURAL,0.1,CLUSTER_944,0.017,1,58,False,39.410000000000025,,UNLABELED,UNVERIFIED,,,,,,20.86,LOW,NON_INDUSTRIAL_RURAL,ROUTINE_MONITORING_RECOMMENDED
2208,32.18219,73.94493,339.77,298.78,2026-09-29,0731,5.75,nominal,0.6,D,N,VIIRS,near_real_time,Northern India,ALL_INDIA,False,418580.1,IOCL Panipat Petrochemical Complex,oil_refinery,national_iocl_panipat_petroch,NON_INDUSTRIAL_RURAL,0.1,CLUSTER_946,0.017,1,58,False,40.99000000000001,,UNLABELED,UNVERIFIED,,,,,,21.07,LOW,NON_INDUSTRIAL_RURAL,ROUTINE_MONITORING_RECOMMENDED
2209,32.2818,75.29955,328.05,296.59,2026-09-29,0731,1.9,nominal,0.6,D,N,VIIRS,near_real_time,Northern India,ALL_INDIA,False,354163.9,IOCL Panipat Petrochemical Complex,oil_refinery,national_iocl_panipat_petroch,NON_INDUSTRIAL_RURAL,0.1,CLUSTER_947,0.017,1,58,False,31.460000000000036,,UNLABELED,UNVERIFIED,,,,,,18.59,LOW,NON_INDUSTRIAL_RURAL,ROUTINE_MONITORING_RECOMMENDED
2210,32.43046,73.93165,329.17,297.17,2026-09-29,0731,0.66,nominal,0.6,D,N,VIIRS,near_real_time,Northern India,ALL_INDIA,False,439851.9,IOCL Panipat Petrochemical Complex,oil_refinery,national_iocl_panipat_petroch,NON_INDUSTRIAL_RURAL,0.1,CLUSTER_948,0.017,1,58,False,32.0,,UNLABELED,UNVERIFIED,,,,,,18.98,LOW,NON_INDUSTRIAL_RURAL,ROUTINE_MONITORING_RECOMMENDED
2211,11.14383,77.24282,332.6,294.01,2026-09-29,0905,1.94,nominal,0.6,D,N,VIIRS,near_real_time,Karnataka,SOUTH_CORRIDOR,False,160767.7,BPCL Kochi Refinery (Ambalamugal),oil_refinery,national_bpcl_kochi_refinery_,NON_INDUSTRIAL_RURAL,0.1,CLUSTER_949,0.017,1,58,False,38.59000000000003,,UNLABELED,UNVERIFIED,,,,,,19.19,LOW,NON_INDUSTRIAL_RURAL,ROUTINE_MONITORING_RECOMMENDED
2212,8.99556,77.27133,339.86,295.71,2026-09-29,0907,2.59,nominal,0.6,D,N,VIIRS,near_real_time,Karnataka,SOUTH_CORRIDOR,False,147568.1,BPCL Kochi Refinery (Ambalamugal),oil_refinery,national_bpcl_kochi_refinery_,NON_INDUSTRIAL_RURAL,0.1,CLUSTER_950,0.017,1,58,False,44.150000000000034,,UNLABELED,UNVERIFIED,,,,,,20.31,LOW,NON_INDUSTRIAL_RURAL,ROUTINE_MONITORING_RECOMMENDED
2213,9.39216,77.61321,340.83,295.92,2026-09-29,0907,5.37,nominal,0.6,D,N,VIIRS,near_real_time,Karnataka,SOUTH_CORRIDOR,False,151464.5,BPCL Kochi Refinery (Ambalamugal),oil_refinery,national_bpcl_kochi_refinery_,NON_INDUSTRIAL_RURAL,0.1,CLUSTER_951,0.017,1,58,False,44.90999999999997,,UNLABELED,UNVERIFIED,,,,,,21.11,LOW,NON_INDUSTRIAL_RURAL,ROUTINE_MONITORING_RECOMMENDED
2214,21.04028,72.87133,341.67,295.1,2026-09-29,0907,4.12,nominal,0.6,D,N,VIIRS,near_real_time,Gujarat,WEST_GUJARAT,False,4311.5,GIDC,general_industry,way/138964954,VICINITY_ZONE,0.4,CLUSTER_952,0.017,1,58,False,46.56999999999999,,UNLABELED,UNVERIFIED,,,,,,21.24,LOW,NON_INDUSTRIAL_RURAL,ROUTINE_MONITORING_RECOMMENDED
2215,21.04062,72.87466,347.12,295.42,2026-09-29,0907,4.12,nominal,0.6,D,N,VIIRS,near_real_time,Gujarat,WEST_GUJARAT,False,4260.8,Unnamed Industrial Facility,general_industry,way/138964958,VICINITY_ZONE,0.4,CLUSTER_952,0.017,1,58,False,51.69999999999999,,UNLABELED,UNVERIFIED,,,,,,21.24,LOW,NON_INDUSTRIAL_RURAL,ROUTINE_MONITORING_RECOMMENDED
2216,21.10107,72.63486,336.79,296.39,2026-09-29,0907,4.17,nominal,0.6,D,N,VIIRS,near_real_time,Gujarat,WEST_GUJARAT,False,53.9,ArcelorMittal Nippon Steel India,works,way/104647203,NEARBY_INDUSTRIAL_BUFFER,0.8,CLUSTER_009,0.345,20,58,True,40.400000000000034,,UNLABELED,UNVERIFIED,,,,,,79.34,HIGH,ELEVATED_THERMAL_ACTIVITY,ESCALATED_INVESTIGATION_RECOMMENDED
2217,21.1014,72.63807,341.15,297.61,2026-09-29,0907,4.16,nominal,0.6,D,N,VIIRS,near_real_time,Gujarat,WEST_GUJARAT,False,131.4,ArcelorMittal Nippon Steel India,works,way/104647203,NEARBY_INDUSTRIAL_BUFFER,0.8,CLUSTER_009,0.345,20,58,True,43.539999999999964,,UNLABELED,UNVERIFIED,,,,,,79.34,HIGH,ELEVATED_THERMAL_ACTIVITY,ESCALATED_INVESTIGATION_RECOMMENDED
2218,21.10751,72.64716,335.73,297.85,2026-09-29,0907,3.89,nominal,0.6,D,N,VIIRS,near_real_time,Gujarat,WEST_GUJARAT,True,0.0,ArcelorMittal Nippon Steel India,works,way/104647203,INSIDE_INDUSTRIAL_ZONE,1.0,CLUSTER_009,0.345,20,58,True,37.879999999999995,,UNLABELED,UNVERIFIED,,,,,,79.34,HIGH,ELEVATED_THERMAL_ACTIVITY,ESCALATED_INVESTIGATION_RECOMMENDED
2219,21.14508,75.94334,330.4,300.98,2026-09-29,0907,3.74,low,0.2,D,N,VIIRS,near_real_time,Central India,ALL_INDIA,False,219426.4,Unnamed Industrial Facility,general_industry,way/659770246,NON_INDUSTRIAL_RURAL,0.1,CLUSTER_953,0.017,1,58,False,29.41999999999996,,UNLABELED,UNVERIFIED,,,,,,19.34,LOW,NON_INDUSTRIAL_RURAL,ROUTINE_MONITORING_RECOMMENDED
2220,22.93834,69.18812,334.41,304.56,2026-09-29,0909,1.59,low,0.2,D,N,VIIRS,near_real_time,Gujarat,WEST_GUJARAT,False,20821.6,Unnamed Industrial Facility,general_industry,way/139441710,NON_INDUSTRIAL_RURAL,0.1,CLUSTER_022,0.034,2,58,False,29.850000000000023,,UNLABELED,UNVERIFIED,,,,,,19.34,LOW,NON_INDUSTRIAL_RURAL,ROUTINE_MONITORING_RECOMMENDED
2221,23.5273,68.92737,334.68,305.67,2026-09-29,0909,3.01,low,0.2,D,N,VIIRS,near_real_time,Gujarat,WEST_GUJARAT,False,13157.0,Unnamed Industrial Facility,general_industry,way/731086961,NON_INDUSTRIAL_RURAL,0.1,CLUSTER_954,0.017,1,58,False,29.00999999999999,,UNLABELED,UNVERIFIED,,,,,,19.73,LOW,NON_INDUSTRIAL_RURAL,ROUTINE_MONITORING_RECOMMENDED
2222,23.91867,72.91904,338.71,300.39,2026-09-29,0909,2.32,nominal,0.6,D,N,VIIRS,near_real_time,Gujarat,WEST_GUJARAT,False,5633.4,Unnamed Industrial Facility,general_industry,way/1266769310,NON_INDUSTRIAL_RURAL,0.1,CLUSTER_955,0.017,1,58,False,38.31999999999999,,UNLABELED,UNVERIFIED,,,,,,20.09,LOW,NON_INDUSTRIAL_RURAL,ROUTINE_MONITORING_RECOMMENDED
2223,25.46677,68.74697,330.34,299.47,2026-09-29,0909,1.69,nominal,0.6,D,N,VIIRS,near_real_time,Western India,ALL_INDIA,False,155961.6,Khavda Renewable Energy Park,general_industry,way/1273382001,NON_INDUSTRIAL_RURAL,0.1,CLUSTER_956,0.017,1,58,False,30.869999999999948,,UNLABELED,UNVERIFIED,,,,,,18.83,LOW,NON_INDUSTRIAL_RURAL,ROUTINE_MONITORING_RECOMMENDED
2224,26.08568,72.40668,330.14,300.45,2026-09-29,0909,3.0,low,0.2,D,N,VIIRS,near_real_time,Western India,ALL_INDIA,False,182925.9,Unnamed Industrial Facility,general_industry,way/1243273049,NON_INDUSTRIAL_RURAL,0.1,CLUSTER_957,0.017,1,58,False,29.689999999999998,,UNLABELED,UNVERIFIED,,,,,,19.12,LOW,NON_INDUSTRIAL_RURAL,ROUTINE_MONITORING_RECOMMENDED
2225,27.18698,71.71606,330.14,301.84,2026-09-29,0909,2.75,low,0.2,D,N,VIIRS,near_real_time,Western India,ALL_INDIA,False,321278.7,Unnamed Industrial Facility,general_industry,way/1243214505,NON_INDUSTRIAL_RURAL,0.1,CLUSTER_958,0.017,1,58,False,28.30000000000001,,UNLABELED,UNVERIFIED,,,,,,19.06,LOW,NON_INDUSTRIAL_RURAL,ROUTINE_MONITORING_RECOMMENDED
2226,28.05299,69.36814,331.88,302.11,2026-09-29,0909,4.4,nominal,0.6,D,N,VIIRS,near_real_time,Northern India,ALL_INDIA,False,427801.0,NTPC Khavda,general_industry,way/1336628395,NON_INDUSTRIAL_RURAL,0.1,CLUSTER_198,0.138,8,58,False,29.769999999999982,,UNLABELED,UNVERIFIED,,,,,,21.75,LOW,NON_INDUSTRIAL_RURAL,ROUTINE_MONITORING_RECOMMENDED
2227,30.76731,74.01038,367.0,298.07,2026-09-29,0911,12.81,high,0.9,D,N,VIIRS,near_real_time,Northern India,ALL_INDIA,False,317420.5,IOCL Panipat Petrochemical Complex,oil_refinery,national_iocl_panipat_petroch,NON_INDUSTRIAL_RURAL,0.1,CLUSTER_959,0.017,1,58,False,68.93,,UNLABELED,UNVERIFIED,,,,,,26.37,LOW,NON_INDUSTRIAL_RURAL,ROUTINE_MONITORING_RECOMMENDED
2228,30.76766,74.00786,367.0,298.5,2026-09-29,0911,9.52,high,0.9,D,N,VIIRS,near_real_time,Northern India,ALL_INDIA,False,317651.9,IOCL Panipat Petrochemical Complex,oil_refinery,national_iocl_panipat_petroch,NON_INDUSTRIAL_RURAL,0.1,CLUSTER_959,0.017,1,58,False,68.5,,UNLABELED,UNVERIFIED,,,,,,26.37,LOW,NON_INDUSTRIAL_RURAL,ROUTINE_MONITORING_RECOMMENDED
2229,31.00466,74.43505,338.68,298.34,2026-09-29,0911,4.41,nominal,0.6,D,N,VIIRS,near_real_time,Northern India,ALL_INDIA,False,296803.6,IOCL Panipat Petrochemical Complex,oil_refinery,national_iocl_panipat_petroch,NON_INDUSTRIAL_RURAL,0.1,CLUSTER_960,0.017,1,58,False,40.34000000000003,,UNLABELED,UNVERIFIED,,,,,,20.6,LOW,NON_INDUSTRIAL_RURAL,ROUTINE_MONITORING_RECOMMENDED
2230,31.00496,74.44086,332.83,298.13,2026-09-29,0911,4.41,nominal,0.6,D,N,VIIRS,near_real_time,Northern India,ALL_INDIA,False,296375.2,IOCL Panipat Petrochemical Complex,oil_refinery,national_iocl_panipat_petroch,NON_INDUSTRIAL_RURAL,0.1,CLUSTER_960,0.017,1,58,False,34.69999999999999,,UNLABELED,UNVERIFIED,,,,,,20.6,LOW,NON_INDUSTRIAL_RURAL,ROUTINE_MONITORING_RECOMMENDED
2231,31.09123,74.62504,330.08,297.38,2026-09-29,0911,2.32,nominal,0.6,D,N,VIIRS,near_real_time,Northern India,ALL_INDIA,False,288412.5,IOCL Panipat Petrochemical Complex,oil_refinery,national_iocl_panipat_petroch,NON_INDUSTRIAL_RURAL,0.1,CLUSTER_961,0.017,1,58,False,32.69999999999999,,UNLABELED,UNVERIFIED,,,,,,19.35,LOW,NON_INDUSTRIAL_RURAL,ROUTINE_MONITORING_RECOMMENDED
2232,31.09247,74.62752,332.04,297.05,2026-09-29,0911,2.91,nominal,0.6,D,N,VIIRS,near_real_time,Northern India,ALL_INDIA,False,288319.1,IOCL Panipat Petrochemical Complex,oil_refinery,national_iocl_panipat_petroch,NON_INDUSTRIAL_RURAL,0.1,CLUSTER_961,0.017,1,58,False,34.99000000000001,,UNLABELED,UNVERIFIED,,,,,,19.35,LOW,NON_INDUSTRIAL_RURAL,ROUTINE_MONITORING_RECOMMENDED
2233,31.10598,74.66026,350.2,299.62,2026-09-29,0911,6.37,nominal,0.6,D,N,VIIRS,near_real_time,Northern India,ALL_INDIA,False,286892.7,IOCL Panipat Petrochemical Complex,oil_refinery,national_iocl_panipat_petroch,NON_INDUSTRIAL_RURAL,0.1,CLUSTER_962,0.017,1,58,False,50.579999999999984,,UNLABELED,UNVERIFIED,,,,,,23.27,LOW,NON_INDUSTRIAL_RURAL,ROUTINE_MONITORING_RECOMMENDED
2234,31.10701,74.6628,341.62,298.54,2026-09-29,0911,9.16,nominal,0.6,D,N,VIIRS,near_real_time,Northern India,ALL_INDIA,False,286782.9,IOCL Panipat Petrochemical Complex,oil_refinery,national_iocl_panipat_petroch,NON_INDUSTRIAL_RURAL,0.1,CLUSTER_962,0.017,1,58,False,43.079999999999984,,UNLABELED,UNVERIFIED,,,,,,23.27,LOW,NON_INDUSTRIAL_RURAL,ROUTINE_MONITORING_RECOMMENDED
2235,31.75853,74.98412,329.73,300.44,2026-09-29,0911,3.48,low,0.2,D,N,VIIRS,near_real_time,Northern India,ALL_INDIA,False,319564.3,IOCL Panipat Petrochemical Complex,oil_refinery,national_iocl_panipat_petroch,NON_INDUSTRIAL_RURAL,0.1,CLUSTER_963,0.017,1,58,False,29.29000000000002,,UNLABELED,UNVERIFIED,,,,,,19.19,LOW,NON_INDUSTRIAL_RURAL,ROUTINE_MONITORING_RECOMMENDED
2236,31.86007,74.00643,332.44,298.26,2026-09-29,0911,3.96,nominal,0.6,D,N,VIIRS,near_real_time,Northern India,ALL_INDIA,False,389124.0,IOCL Panipat Petrochemical Complex,oil_refinery,national_iocl_panipat_petroch,NON_INDUSTRIAL_RURAL,0.1,CLUSTER_964,0.017,1,58,False,34.18000000000001,,UNLABELED,UNVERIFIED,,,,,,19.66,LOW,NON_INDUSTRIAL_RURAL,ROUTINE_MONITORING_RECOMMENDED
2237,31.89677,74.10643,339.86,298.15,2026-09-29,0911,4.98,nominal,0.6,D,N,VIIRS,near_real_time,Northern India,ALL_INDIA,False,385220.1,IOCL Panipat Petrochemical Complex,oil_refinery,national_iocl_panipat_petroch,NON_INDUSTRIAL_RURAL,0.1,CLUSTER_945,0.017,1,58,False,41.710000000000036,,UNLABELED,UNVERIFIED,,,,,,25.5,LOW,NON_INDUSTRIAL_RURAL,ROUTINE_MONITORING_RECOMMENDED
2238,31.91891,73.85874,331.04,299.01,2026-09-29,0911,3.82,nominal,0.6,D,N,VIIRS,near_real_time,Northern India,ALL_INDIA,False,403766.7,IOCL Panipat Petrochemical Complex,oil_refinery,national_iocl_panipat_petroch,NON_INDUSTRIAL_RURAL,0.1,CLUSTER_965,0.017,1,58,False,32.03000000000003,,UNLABELED,UNVERIFIED,,,,,,19.44,LOW,NON_INDUSTRIAL_RURAL,ROUTINE_MONITORING_RECOMMENDED
2239,32.10069,75.23662,334.34,296.98,2026-09-29,0911,5.52,nominal,0.6,D,N,VIIRS,near_real_time,Northern India,ALL_INDIA,False,339035.3,IOCL Panipat Petrochemical Complex,oil_refinery,national_iocl_panipat_petroch,NON_INDUSTRIAL_RURAL,0.1,CLUSTER_966,0.017,1,58,False,37.35999999999996,,UNLABELED,UNVERIFIED,,,,,,20.29,LOW,NON_INDUSTRIAL_RURAL,ROUTINE_MONITORING_RECOMMENDED
2240,32.21089,73.80588,330.68,297.15,2026-09-29,0911,4.57,nominal,0.6,D,N,VIIRS,near_real_time,Northern India,ALL_INDIA,False,429970.4,IOCL Panipat Petrochemical Complex,oil_refinery,national_iocl_panipat_petroch,NON_INDUSTRIAL_RURAL,0.1,CLUSTER_967,0.017,1,58,False,33.53000000000003,,UNLABELED,UNVERIFIED,,,,,,19.59,LOW,NON_INDUSTRIAL_RURAL,ROUTINE_MONITORING_RECOMMENDED
2241,32.35852,73.4714,339.85,297.49,2026-09-29,0911,4.95,nominal,0.6,D,N,VIIRS,near_real_time,Northern India,ALL_INDIA,False,463858.2,IOCL Panipat Petrochemical Complex,oil_refinery,national_iocl_panipat_petroch,NON_INDUSTRIAL_RURAL,0.1,CLUSTER_968,0.017,1,58,False,42.360000000000014,,UNLABELED,UNVERIFIED,,,,,,20.89,LOW,NON_INDUSTRIAL_RURAL,ROUTINE_MONITORING_RECOMMENDED
2242,32.43173,73.93186,330.37,296.41,2026-09-29,0911,2.26,nominal,0.6,D,N,VIIRS,near_real_time,Northern India,ALL_INDIA,False,439945.3,IOCL Panipat Petrochemical Complex,oil_refinery,national_iocl_panipat_petroch,NON_INDUSTRIAL_RURAL,0.1,CLUSTER_948,0.017,1,58,False,33.95999999999998,,UNLABELED,UNVERIFIED,,,,,,18.98,LOW,NON_INDUSTRIAL_RURAL,ROUTINE_MONITORING_RECOMMENDED
2243,34.24412,71.90479,331.77,298.22,2026-09-29,0911,2.44,nominal,0.6,D,N,VIIRS,near_real_time,Northern India,ALL_INDIA,False,715694.1,IOCL Panipat Petrochemical Complex,oil_refinery,national_iocl_panipat_petroch,NON_INDUSTRIAL_RURAL,0.1,CLUSTER_969,0.017,1,58,False,33.549999999999955,,UNLABELED,UNVERIFIED,,,,,,19.21,LOW,NON_INDUSTRIAL_RURAL,ROUTINE_MONITORING_RECOMMENDED
