latitude,longitude,bright_ti4,scan,track,acq_date,acq_time,satellite,instrument,confidence,version,bright_ti5,frp,daynight
19.83517,96.06129,340.01,0.34,0.56,2026-09-27,625,N,VIIRS,n,2.0NRT,293.68,2.24,D
24.26733,94.42451,329.45,0.35,0.57,2026-09-27,627,N,VIIRS,n,2.0NRT,293.13,1.8,D
26.30081,96.24776,332.09,0.49,0.49,2026-09-27,627,N,VIIRS,n,2.0NRT,293.48,3.72,D
27.87338,96.84362,340.64,0.42,0.46,2026-09-27,627,N,VIIRS,n,2.0NRT,297.27,89.43,D
27.87399,96.83989,343.35,0.42,0.46,2026-09-27,627,N,VIIRS,n,2.0NRT,305.79,44.92,D
27.87474,96.84356,338.56,0.42,0.45,2026-09-27,627,N,VIIRS,n,2.0NRT,294.13,44.92,D
27.87691,96.92666,342.37,0.42,0.45,2026-09-27,627,N,VIIRS,n,2.0NRT,296.95,9.79,D
27.92009,96.76768,341.74,0.43,0.46,2026-09-27,627,N,VIIRS,n,2.0NRT,293.71,4.09,D
27.92402,96.7656,333.13,0.43,0.46,2026-09-27,627,N,VIIRS,n,2.0NRT,293.16,4.09,D
27.93042,96.9472,355.01,0.42,0.45,2026-09-27,627,N,VIIRS,n,2.0NRT,295.37,13.03,D
27.94314,96.66669,336.51,0.43,0.46,2026-09-27,627,N,VIIRS,n,2.0NRT,292.55,3.29,D
27.94323,96.6659,338.48,0.43,0.46,2026-09-27,627,N,VIIRS,n,2.0NRT,292.96,5.35,D
27.94405,96.95078,334.83,0.42,0.45,2026-09-27,627,N,VIIRS,n,2.0NRT,294.44,3.98,D
27.94628,96.68189,330.93,0.43,0.46,2026-09-27,627,N,VIIRS,n,2.0NRT,292.35,2.26,D
27.9463,96.68121,326.78,0.43,0.46,2026-09-27,627,N,VIIRS,n,2.0NRT,292.08,3.4,D
28.00389,96.62123,355.35,0.43,0.46,2026-09-27,627,N,VIIRS,n,2.0NRT,292.69,13.93,D
28.0086,96.62282,345.12,0.43,0.46,2026-09-27,627,N,VIIRS,n,2.0NRT,292.15,7.72,D
8.03902,80.1237,330.8,0.43,0.38,2026-09-27,801,N,VIIRS,l,2.0NRT,300.27,7.22,D
8.04106,80.00227,332.73,0.44,0.38,2026-09-27,801,N,VIIRS,n,2.0NRT,298.26,2.73,D
8.04611,81.04599,333.89,0.4,0.37,2026-09-27,801,N,VIIRS,l,2.0NRT,296.97,3.43,D
8.06904,80.19894,336.09,0.43,0.38,2026-09-27,801,N,VIIRS,l,2.0NRT,298.12,23.2,D
8.09114,81.06443,340.09,0.4,0.37,2026-09-27,801,N,VIIRS,n,2.0NRT,299.87,4.6,D
8.0939,81.37521,335.32,0.4,0.37,2026-09-27,801,N,VIIRS,n,2.0NRT,297.46,4.54,D
8.09559,81.36395,330.08,0.4,0.37,2026-09-27,801,N,VIIRS,n,2.0NRT,295.81,3.9,D
8.10757,80.0806,342.69,0.43,0.38,2026-09-27,801,N,VIIRS,n,2.0NRT,297.84,4.16,D
8.12629,80.01707,330.62,0.44,0.38,2026-09-27,801,N,VIIRS,l,2.0NRT,299.65,4.04,D
8.12658,81.0028,331.42,0.4,0.37,2026-09-27,801,N,VIIRS,l,2.0NRT,298.14,6.07,D
8.18101,80.56894,336.35,0.42,0.37,2026-09-27,801,N,VIIRS,l,2.0NRT,301.16,8.07,D
8.18616,81.00066,330.78,0.4,0.37,2026-09-27,801,N,VIIRS,l,2.0NRT,301.85,12.48,D
8.20205,77.69086,342.9,0.38,0.43,2026-09-27,801,N,VIIRS,n,2.0NRT,300.44,3.56,D
8.20263,77.69432,332.12,0.38,0.43,2026-09-27,801,N,VIIRS,n,2.0NRT,300.29,3.56,D
8.20492,80.67654,335.31,0.41,0.37,2026-09-27,801,N,VIIRS,l,2.0NRT,297.45,5.49,D
8.24076,80.41956,347.42,0.42,0.38,2026-09-27,801,N,VIIRS,n,2.0NRT,300,10.24,D
8.25666,80.29557,335.17,0.42,0.38,2026-09-27,801,N,VIIRS,l,2.0NRT,299.3,5.76,D
8.25981,80.24771,335.83,0.43,0.38,2026-09-27,801,N,VIIRS,n,2.0NRT,296.48,2.85,D
8.26073,80.78909,348,0.41,0.37,2026-09-27,801,N,VIIRS,n,2.0NRT,296.2,7.54,D
8.26682,80.53957,336.02,0.42,0.37,2026-09-27,801,N,VIIRS,l,2.0NRT,300.76,5.07,D
8.26741,80.54334,335.57,0.42,0.37,2026-09-27,801,N,VIIRS,n,2.0NRT,299.58,5.07,D
8.28156,80.74397,330.3,0.41,0.37,2026-09-27,801,N,VIIRS,l,2.0NRT,298.37,4.93,D
8.32538,80.55769,335.02,0.42,0.37,2026-09-27,801,N,VIIRS,l,2.0NRT,298.71,3.22,D
8.32598,80.56145,349.3,0.42,0.37,2026-09-27,801,N,VIIRS,n,2.0NRT,302.52,9.21,D
8.36766,80.86683,332.17,0.41,0.37,2026-09-27,801,N,VIIRS,n,2.0NRT,299.33,3.38,D
8.37862,81.22944,334.9,0.4,0.37,2026-09-27,801,N,VIIRS,n,2.0NRT,302.33,4.06,D
8.39735,80.52306,344.67,0.42,0.37,2026-09-27,801,N,VIIRS,n,2.0NRT,297.96,7.91,D
8.40219,81.04082,336.97,0.4,0.37,2026-09-27,801,N,VIIRS,l,2.0NRT,304.62,4.54,D
8.40334,81.04807,336.84,0.4,0.37,2026-09-27,801,N,VIIRS,l,2.0NRT,304.47,5.03,D
8.4055,81.29141,345.34,0.4,0.37,2026-09-27,801,N,VIIRS,n,2.0NRT,307.36,9.86,D
8.40886,81.29089,337.37,0.4,0.37,2026-09-27,801,N,VIIRS,n,2.0NRT,305.7,3.17,D
8.40942,80.53268,331.69,0.42,0.37,2026-09-27,801,N,VIIRS,n,2.0NRT,294.25,3.22,D
8.44138,80.58508,333.1,0.41,0.37,2026-09-27,801,N,VIIRS,n,2.0NRT,297.45,2.92,D
8.50226,80.15409,340.43,0.43,0.38,2026-09-27,801,N,VIIRS,n,2.0NRT,301.97,8.56,D
8.50574,80.15354,367,0.43,0.38,2026-09-27,801,N,VIIRS,h,2.0NRT,298.91,14.7,D
8.52986,80.72357,333.77,0.41,0.37,2026-09-27,801,N,VIIRS,n,2.0NRT,296.9,4.53,D
8.53044,80.72728,334.27,0.41,0.37,2026-09-27,801,N,VIIRS,n,2.0NRT,299.21,5.85,D
8.53803,80.79787,331.86,0.41,0.37,2026-09-27,801,N,VIIRS,l,2.0NRT,303.55,5.75,D
8.59324,80.41416,336.94,0.42,0.38,2026-09-27,801,N,VIIRS,n,2.0NRT,299.4,10.38,D
8.60012,80.41306,334.98,0.42,0.38,2026-09-27,801,N,VIIRS,l,2.0NRT,299.29,8.76,D
8.61954,80.51427,335.89,0.41,0.37,2026-09-27,801,N,VIIRS,n,2.0NRT,300.12,9.47,D
8.63375,81.02565,331.22,0.4,0.37,2026-09-27,801,N,VIIRS,l,2.0NRT,297.97,4.69,D
8.64885,80.74599,343.07,0.41,0.37,2026-09-27,801,N,VIIRS,n,2.0NRT,304.92,10.2,D
8.66527,77.87013,341.56,0.55,0.43,2026-09-27,801,N,VIIRS,n,2.0NRT,304.81,21.6,D
8.69384,80.47895,336.31,0.42,0.37,2026-09-27,801,N,VIIRS,l,2.0NRT,297.5,6.59,D
8.69444,80.48271,337.58,0.42,0.37,2026-09-27,801,N,VIIRS,n,2.0NRT,299.63,6.59,D
8.74985,80.52431,330.91,0.41,0.37,2026-09-27,801,N,VIIRS,l,2.0NRT,303.45,7.07,D
8.7558,80.25195,331.73,0.42,0.38,2026-09-27,801,N,VIIRS,l,2.0NRT,303.65,7.99,D
8.79929,80.11479,335.84,0.43,0.38,2026-09-27,801,N,VIIRS,l,2.0NRT,304.73,7.58,D
8.81001,77.62442,339.5,0.57,0.43,2026-09-27,801,N,VIIRS,n,2.0NRT,306.92,6.96,D
8.81357,80.09267,333.92,0.43,0.38,2026-09-27,801,N,VIIRS,l,2.0NRT,303.97,4.04,D
8.83773,77.55944,334.49,0.57,0.43,2026-09-27,801,N,VIIRS,l,2.0NRT,304.82,2.96,D
8.9003,77.4092,332.14,0.39,0.44,2026-09-27,801,N,VIIRS,n,2.0NRT,301.27,2.17,D
8.9289,80.50684,330.93,0.41,0.37,2026-09-27,801,N,VIIRS,l,2.0NRT,304.68,8.87,D
8.93291,80.51003,336.05,0.41,0.37,2026-09-27,801,N,VIIRS,l,2.0NRT,306.06,8.02,D
8.93633,80.50948,337.47,0.41,0.37,2026-09-27,801,N,VIIRS,l,2.0NRT,307.52,7.96,D
8.98014,80.6775,339.51,0.41,0.37,2026-09-27,801,N,VIIRS,n,2.0NRT,301.72,7.74,D
8.9805,80.67712,339.66,0.41,0.37,2026-09-27,801,N,VIIRS,n,2.0NRT,300.98,7.57,D
9.00606,77.55016,340.45,0.57,0.43,2026-09-27,801,N,VIIRS,n,2.0NRT,304.42,5.15,D
9.00818,77.55241,339.4,0.57,0.43,2026-09-27,801,N,VIIRS,n,2.0NRT,304.81,5.59,D
9.01525,80.08791,350.01,0.43,0.38,2026-09-27,801,N,VIIRS,n,2.0NRT,305.68,25.79,D
9.11656,80.25607,340.35,0.42,0.38,2026-09-27,801,N,VIIRS,n,2.0NRT,301.93,5.64,D
9.12015,80.27883,333.86,0.42,0.38,2026-09-27,801,N,VIIRS,l,2.0NRT,301.63,4.8,D
9.12075,80.28262,336.31,0.42,0.38,2026-09-27,801,N,VIIRS,l,2.0NRT,302.92,4.8,D
9.1234,77.53311,334.92,0.57,0.43,2026-09-27,801,N,VIIRS,n,2.0NRT,304.18,4.72,D
9.12359,80.27828,338.32,0.42,0.38,2026-09-27,801,N,VIIRS,l,2.0NRT,302.91,8.15,D
9.12614,77.53535,339.83,0.57,0.43,2026-09-27,801,N,VIIRS,n,2.0NRT,305.09,5.69,D
9.16573,77.69637,338.78,0.56,0.43,2026-09-27,801,N,VIIRS,l,2.0NRT,304.03,11.49,D
9.21654,80.80453,342.68,0.4,0.37,2026-09-27,801,N,VIIRS,n,2.0NRT,301.38,8.49,D
9.21729,80.2515,336.21,0.42,0.38,2026-09-27,801,N,VIIRS,l,2.0NRT,303.81,7.22,D
9.24331,80.28226,336,0.42,0.37,2026-09-27,801,N,VIIRS,l,2.0NRT,303.79,5.83,D
9.24501,80.27854,338.77,0.42,0.37,2026-09-27,801,N,VIIRS,l,2.0NRT,304.33,6.41,D
9.36022,80.27549,331.16,0.42,0.37,2026-09-27,801,N,VIIRS,l,2.0NRT,302.62,3.23,D
9.36204,80.2868,333.42,0.42,0.37,2026-09-27,801,N,VIIRS,l,2.0NRT,304.11,5.96,D
9.36487,80.28248,342.2,0.42,0.37,2026-09-27,801,N,VIIRS,n,2.0NRT,303.2,6.66,D
9.37825,80.60931,338.48,0.41,0.37,2026-09-27,801,N,VIIRS,n,2.0NRT,302.82,4.14,D
9.38165,80.60876,335.09,0.41,0.37,2026-09-27,801,N,VIIRS,l,2.0NRT,302.47,4.14,D
9.41746,80.34733,332.81,0.41,0.37,2026-09-27,801,N,VIIRS,l,2.0NRT,304.45,6.25,D
9.41866,80.35484,342.03,0.41,0.37,2026-09-27,801,N,VIIRS,l,2.0NRT,303.67,8.08,D
9.94333,77.88103,339.9,0.53,0.42,2026-09-27,801,N,VIIRS,l,2.0NRT,309.27,9.84,D
9.94423,77.25137,346.31,0.38,0.44,2026-09-27,801,N,VIIRS,n,2.0NRT,294.4,5.1,D
9.94785,77.24849,332.4,0.38,0.44,2026-09-27,801,N,VIIRS,n,2.0NRT,294,3.39,D
10.42272,77.48947,342.21,0.55,0.43,2026-09-27,801,N,VIIRS,l,2.0NRT,307.75,11.61,D
10.5699,77.50737,339.08,0.55,0.42,2026-09-27,801,N,VIIRS,l,2.0NRT,310.02,7.91,D
10.86353,78.5237,333.1,0.48,0.4,2026-09-27,801,N,VIIRS,l,2.0NRT,304.87,4.11,D
10.93856,79.67497,336.21,0.42,0.38,2026-09-27,801,N,VIIRS,n,2.0NRT,299.28,4.11,D
11.41926,79.6675,334.48,0.42,0.38,2026-09-27,801,N,VIIRS,l,2.0NRT,306.02,4.33,D
11.74169,78.65874,332.41,0.46,0.39,2026-09-27,803,N,VIIRS,l,2.0NRT,299.43,4.43,D
11.78508,79.59191,339.02,0.42,0.38,2026-09-27,803,N,VIIRS,n,2.0NRT,305.09,4.44,D
11.9508,78.94341,332.67,0.44,0.39,2026-09-27,803,N,VIIRS,l,2.0NRT,306.52,2.8,D
11.95101,78.94293,333.73,0.44,0.39,2026-09-27,803,N,VIIRS,n,2.0NRT,306.78,2.4,D
12.05969,77.0392,330.58,0.55,0.43,2026-09-27,803,N,VIIRS,n,2.0NRT,299.03,3.27,D
12.46898,76.89813,330.39,0.56,0.43,2026-09-27,803,N,VIIRS,n,2.0NRT,296.43,1.13,D
12.61891,76.42545,338.88,0.39,0.44,2026-09-27,803,N,VIIRS,n,2.0NRT,297.69,8.58,D
12.85541,79.9435,331.92,0.4,0.37,2026-09-27,803,N,VIIRS,l,2.0NRT,304.72,6.01,D
12.91411,79.43739,331.86,0.42,0.37,2026-09-27,803,N,VIIRS,l,2.0NRT,305.1,3.2,D
13.04884,78.28677,331.24,0.46,0.39,2026-09-27,803,N,VIIRS,l,2.0NRT,302.09,3.08,D
13.54036,78.27871,339.32,0.46,0.39,2026-09-27,803,N,VIIRS,n,2.0NRT,299.53,2.9,D
13.5895,76.5459,330.19,0.56,0.43,2026-09-27,803,N,VIIRS,l,2.0NRT,303.5,7.42,D
13.61178,77.54372,336.01,0.49,0.41,2026-09-27,803,N,VIIRS,n,2.0NRT,304.58,6.02,D
14.02682,80.01064,336.49,0.4,0.37,2026-09-27,803,N,VIIRS,n,2.0NRT,302.34,2.83,D
14.07622,79.9197,336.35,0.4,0.37,2026-09-27,803,N,VIIRS,n,2.0NRT,304.54,3.84,D
14.38685,77.63537,342.05,0.48,0.4,2026-09-27,803,N,VIIRS,n,2.0NRT,301.32,5.77,D
14.52014,76.49529,333.71,0.55,0.42,2026-09-27,803,N,VIIRS,l,2.0NRT,305.92,3.06,D
14.53542,75.52219,335.99,0.42,0.45,2026-09-27,803,N,VIIRS,n,2.0NRT,304.73,2.9,D
14.95044,75.54668,340.9,0.41,0.45,2026-09-27,803,N,VIIRS,l,2.0NRT,312.47,6.31,D
15.11195,78.5151,338.99,0.43,0.38,2026-09-27,803,N,VIIRS,l,2.0NRT,300.99,3.69,D
15.18176,76.66758,330.97,0.52,0.42,2026-09-27,803,N,VIIRS,l,2.0NRT,301.52,3.01,D
15.18515,76.64199,330.19,0.52,0.42,2026-09-27,803,N,VIIRS,l,2.0NRT,301.71,2.36,D
15.21196,79.79091,339.08,0.39,0.36,2026-09-27,803,N,VIIRS,n,2.0NRT,307.1,2.9,D
15.47752,79.99228,333.81,0.39,0.36,2026-09-27,803,N,VIIRS,l,2.0NRT,303.83,1.61,D
15.98529,80.039,334.04,0.39,0.36,2026-09-27,803,N,VIIRS,l,2.0NRT,304.32,1.45,D
16.4436,79.54992,333.55,0.39,0.36,2026-09-27,803,N,VIIRS,l,2.0NRT,307.38,2.3,D
16.66468,79.20053,332.31,0.4,0.37,2026-09-27,803,N,VIIRS,l,2.0NRT,302.82,1.89,D
16.80392,79.2835,333.32,0.4,0.37,2026-09-27,803,N,VIIRS,n,2.0NRT,305.6,1.41,D
16.94299,79.36913,336.4,0.39,0.36,2026-09-27,803,N,VIIRS,n,2.0NRT,307.2,3.65,D
17.15659,79.45639,337.93,0.39,0.36,2026-09-27,803,N,VIIRS,n,2.0NRT,305.78,2.3,D
17.3271,74.90586,331.88,0.41,0.45,2026-09-27,803,N,VIIRS,n,2.0NRT,301.01,2.13,D
17.76271,73.14517,333.98,0.52,0.5,2026-09-27,803,N,VIIRS,n,2.0NRT,298.12,4.05,D
18.19122,74.60756,342.96,0.41,0.45,2026-09-27,803,N,VIIRS,n,2.0NRT,306.25,1.7,D
18.7732,78.37338,331.34,0.41,0.37,2026-09-27,803,N,VIIRS,l,2.0NRT,301.83,2.57,D
19.09927,82.16883,334.9,0.42,0.37,2026-09-27,803,N,VIIRS,n,2.0NRT,300.62,4.18,D
19.10271,82.1683,332.41,0.42,0.37,2026-09-27,803,N,VIIRS,n,2.0NRT,301.78,3.63,D
19.81966,75.22894,331.52,0.54,0.42,2026-09-27,805,N,VIIRS,l,2.0NRT,306.02,4.81,D
20.77355,75.49931,335.92,0.5,0.41,2026-09-27,805,N,VIIRS,n,2.0NRT,305.71,6.37,D
20.78714,85.2606,330.62,0.41,0.45,2026-09-27,805,N,VIIRS,l,2.0NRT,301.79,6.31,D
20.79492,85.25546,335.6,0.41,0.45,2026-09-27,805,N,VIIRS,n,2.0NRT,301.04,6.52,D
20.86589,84.98924,334.04,0.39,0.44,2026-09-27,805,N,VIIRS,n,2.0NRT,301.87,3.97,D
20.87042,84.99252,330.99,0.39,0.44,2026-09-27,805,N,VIIRS,l,2.0NRT,301.25,3.97,D
20.88575,84.98274,335.81,0.39,0.44,2026-09-27,805,N,VIIRS,n,2.0NRT,301.97,5.28,D
20.95147,86.04564,334.05,0.46,0.47,2026-09-27,805,N,VIIRS,n,2.0NRT,299.83,5.38,D
20.96484,86.00793,345.41,0.46,0.47,2026-09-27,805,N,VIIRS,n,2.0NRT,299.75,11.19,D
20.96488,85.16537,331.05,0.41,0.45,2026-09-27,805,N,VIIRS,n,2.0NRT,300.83,6.53,D
20.96969,86.01184,343.34,0.46,0.47,2026-09-27,805,N,VIIRS,n,2.0NRT,299.01,6.85,D
20.97807,85.13587,330.51,0.4,0.44,2026-09-27,805,N,VIIRS,l,2.0NRT,300.66,2.63,D
21.10106,72.63535,342.63,0.48,0.48,2026-09-27,805,N,VIIRS,n,2.0NRT,297.49,7.08,D
21.10286,72.64456,341.86,0.48,0.48,2026-09-27,805,N,VIIRS,n,2.0NRT,293.72,11.04,D
21.10815,72.64819,331.45,0.48,0.48,2026-09-27,805,N,VIIRS,n,2.0NRT,300.04,7.85,D
21.7473,83.84081,334.01,0.52,0.42,2026-09-27,805,N,VIIRS,n,2.0NRT,297.78,4.35,D
21.74979,83.84292,329.87,0.52,0.42,2026-09-27,805,N,VIIRS,n,2.0NRT,297.22,5.65,D
21.75286,83.97517,330.08,0.53,0.42,2026-09-27,805,N,VIIRS,n,2.0NRT,298.34,5.56,D
21.75564,83.84485,334.39,0.52,0.42,2026-09-27,805,N,VIIRS,n,2.0NRT,297.92,5.6,D
22.03977,83.72811,340.71,0.52,0.42,2026-09-27,805,N,VIIRS,n,2.0NRT,299.2,7.17,D
22.20943,84.86111,329.7,0.4,0.44,2026-09-27,805,N,VIIRS,l,2.0NRT,300.39,3.85,D
22.21492,84.87234,330.08,0.4,0.44,2026-09-27,805,N,VIIRS,l,2.0NRT,300.1,4.82,D
22.3769,87.2827,330.59,0.57,0.52,2026-09-27,805,N,VIIRS,n,2.0NRT,297.39,9.15,D
22.37714,87.27924,335.52,0.57,0.52,2026-09-27,805,N,VIIRS,n,2.0NRT,297.12,6.29,D
22.55833,75.41496,330.08,0.48,0.4,2026-09-27,805,N,VIIRS,l,2.0NRT,304.14,1.44,D
22.605,75.44363,333.18,0.48,0.4,2026-09-27,805,N,VIIRS,n,2.0NRT,304.47,2.73,D
22.69785,75.73141,332.61,0.46,0.39,2026-09-27,805,N,VIIRS,l,2.0NRT,305.99,1.91,D
22.72412,75.75379,330.32,0.46,0.39,2026-09-27,805,N,VIIRS,l,2.0NRT,304.05,1.17,D
22.77263,77.65042,331.49,0.4,0.37,2026-09-27,805,N,VIIRS,l,2.0NRT,303.11,3.23,D
22.7859,86.20767,329.82,0.49,0.49,2026-09-27,805,N,VIIRS,l,2.0NRT,300.3,6.75,D
22.7868,75.43302,338.51,0.48,0.4,2026-09-27,805,N,VIIRS,n,2.0NRT,306.56,3.29,D
22.78688,86.20416,330.95,0.49,0.49,2026-09-27,805,N,VIIRS,n,2.0NRT,300.55,5.64,D
22.81587,76.42957,334.95,0.43,0.38,2026-09-27,805,N,VIIRS,n,2.0NRT,306.45,2.25,D
22.93936,75.78203,332.78,0.46,0.39,2026-09-27,805,N,VIIRS,n,2.0NRT,306.59,1.78,D
22.98733,75.6756,334.54,0.46,0.39,2026-09-27,805,N,VIIRS,l,2.0NRT,305.79,3.2,D
23.00664,75.57074,331.86,0.47,0.39,2026-09-27,805,N,VIIRS,n,2.0NRT,305.84,1.45,D
23.00841,76.45298,335.75,0.43,0.38,2026-09-27,805,N,VIIRS,n,2.0NRT,306.1,2.38,D
23.01086,76.04304,331.38,0.45,0.39,2026-09-27,805,N,VIIRS,l,2.0NRT,305.32,1.77,D
23.10897,76.65594,330.69,0.42,0.38,2026-09-27,805,N,VIIRS,l,2.0NRT,305.17,1.96,D
23.15359,69.6377,353.4,0.34,0.56,2026-09-27,805,N,VIIRS,n,2.0NRT,300.26,5.26,D
23.20102,76.7266,332.06,0.42,0.38,2026-09-27,805,N,VIIRS,l,2.0NRT,305.75,1.92,D
23.21029,76.81641,338.88,0.42,0.37,2026-09-27,805,N,VIIRS,n,2.0NRT,307.15,4.71,D
23.27954,75.95929,336.63,0.45,0.39,2026-09-27,805,N,VIIRS,n,2.0NRT,305.3,2.35,D
23.28298,76.14919,330.14,0.44,0.38,2026-09-27,805,N,VIIRS,l,2.0NRT,303.82,1,D
23.42699,77.06773,330.45,0.41,0.37,2026-09-27,805,N,VIIRS,l,2.0NRT,305.37,2.41,D
23.68263,86.09346,334.09,0.5,0.49,2026-09-27,805,N,VIIRS,n,2.0NRT,296.54,6.1,D
23.68662,86.08797,345.76,0.5,0.49,2026-09-27,805,N,VIIRS,n,2.0NRT,295.89,6.1,D
23.75791,86.40195,330.43,0.52,0.5,2026-09-27,805,N,VIIRS,n,2.0NRT,294.37,5.66,D
26.25638,68.88525,334.47,0.32,0.55,2026-09-27,807,N,VIIRS,l,2.0NRT,308.02,1.66,D
28.06608,76.73059,336.43,0.39,0.36,2026-09-27,807,N,VIIRS,n,2.0NRT,305.01,2.96,D
29.77544,74.83496,351.17,0.42,0.38,2026-09-27,807,N,VIIRS,n,2.0NRT,304.52,3.16,D
29.77887,74.83418,356.3,0.42,0.38,2026-09-27,807,N,VIIRS,n,2.0NRT,305.51,8.23,D
29.77961,74.83848,349.36,0.42,0.38,2026-09-27,807,N,VIIRS,n,2.0NRT,304.81,6.34,D
29.78035,74.84277,353.96,0.42,0.38,2026-09-27,807,N,VIIRS,n,2.0NRT,306.21,6.34,D
29.78109,74.84706,335.77,0.42,0.38,2026-09-27,807,N,VIIRS,n,2.0NRT,303.15,3.83,D
29.78303,74.83771,356.66,0.42,0.38,2026-09-27,807,N,VIIRS,l,2.0NRT,306.25,6.34,D
29.78377,74.842,356.7,0.42,0.38,2026-09-27,807,N,VIIRS,l,2.0NRT,305.58,6.34,D
29.78645,74.83694,348.31,0.42,0.38,2026-09-27,807,N,VIIRS,n,2.0NRT,305.18,3.56,D
29.78719,74.84122,342.34,0.42,0.38,2026-09-27,807,N,VIIRS,n,2.0NRT,303.43,3.56,D
29.96526,72.55949,333.77,0.51,0.41,2026-09-27,807,N,VIIRS,n,2.0NRT,300.67,3.84,D
30.04702,74.77593,347.32,0.42,0.38,2026-09-27,807,N,VIIRS,n,2.0NRT,305.06,4.57,D
30.04775,74.78024,343.54,0.42,0.38,2026-09-27,807,N,VIIRS,n,2.0NRT,305.03,4.89,D
30.04916,74.77635,338.94,0.42,0.38,2026-09-27,807,N,VIIRS,n,2.0NRT,304.29,5.03,D
30.12818,74.46119,349.25,0.43,0.38,2026-09-27,807,N,VIIRS,n,2.0NRT,303.21,16.15,D
30.13164,74.46039,354.94,0.43,0.38,2026-09-27,807,N,VIIRS,n,2.0NRT,306.11,16.15,D
30.13241,74.46478,347.38,0.43,0.38,2026-09-27,807,N,VIIRS,n,2.0NRT,303,16.1,D
30.25016,74.24969,340.94,0.43,0.38,2026-09-27,807,N,VIIRS,n,2.0NRT,303.44,4.33,D
30.25094,74.25415,336.75,0.43,0.38,2026-09-27,807,N,VIIRS,n,2.0NRT,303.16,2.92,D
30.25441,74.25333,337.82,0.43,0.38,2026-09-27,807,N,VIIRS,n,2.0NRT,303.91,2.92,D
30.60497,76.82863,339.04,0.38,0.36,2026-09-27,807,N,VIIRS,n,2.0NRT,298.85,2.64,D
30.62322,73.87171,342.62,0.44,0.39,2026-09-27,807,N,VIIRS,n,2.0NRT,304.27,9.77,D
30.62672,73.87088,335.86,0.44,0.39,2026-09-27,807,N,VIIRS,n,2.0NRT,298.43,3.98,D
30.64162,73.56973,337.05,0.45,0.39,2026-09-27,807,N,VIIRS,n,2.0NRT,299.58,6.44,D
30.78201,74.00761,332.41,0.44,0.38,2026-09-27,807,N,VIIRS,n,2.0NRT,303.25,3.17,D
30.7825,74.01012,330.3,0.44,0.38,2026-09-27,807,N,VIIRS,n,2.0NRT,303.2,3.06,D
30.80599,73.89816,331.03,0.44,0.38,2026-09-27,807,N,VIIRS,l,2.0NRT,303.25,4.32,D
30.87313,74.33802,331.54,0.42,0.38,2026-09-27,807,N,VIIRS,n,2.0NRT,299.19,1.44,D
30.87846,70.81114,330.58,0.4,0.45,2026-09-27,807,N,VIIRS,n,2.0NRT,300.65,2.41,D
30.91703,74.28192,337.15,0.43,0.38,2026-09-27,807,N,VIIRS,n,2.0NRT,301.31,6.69,D
30.99724,74.21844,334.74,0.43,0.38,2026-09-27,807,N,VIIRS,n,2.0NRT,302.73,5.68,D
31.00397,73.56095,335.04,0.45,0.39,2026-09-27,807,N,VIIRS,n,2.0NRT,302.77,2.81,D
31.04115,74.40924,341.78,0.42,0.38,2026-09-27,807,N,VIIRS,n,2.0NRT,301.02,5.66,D
31.09857,74.31943,335.18,0.42,0.38,2026-09-27,807,N,VIIRS,n,2.0NRT,300.46,3.49,D
31.10029,74.62962,333.72,0.41,0.37,2026-09-27,807,N,VIIRS,n,2.0NRT,302.08,2.73,D
31.11993,74.62592,331.94,0.41,0.37,2026-09-27,807,N,VIIRS,n,2.0NRT,301.47,1.97,D
31.13096,74.36194,347.46,0.42,0.38,2026-09-27,807,N,VIIRS,n,2.0NRT,302.14,3.74,D
31.22647,74.18039,345.75,0.43,0.38,2026-09-27,807,N,VIIRS,n,2.0NRT,304.31,1.87,D
31.22915,74.17514,330.89,0.43,0.38,2026-09-27,807,N,VIIRS,l,2.0NRT,303.82,1.87,D
31.22992,74.17957,330.72,0.43,0.38,2026-09-27,807,N,VIIRS,l,2.0NRT,303.76,1.87,D
31.264,74.18257,347.21,0.43,0.38,2026-09-27,807,N,VIIRS,n,2.0NRT,305.15,5.27,D
31.269,74.19059,347.08,0.42,0.38,2026-09-27,807,N,VIIRS,n,2.0NRT,305.88,4.16,D
31.26978,74.195,340.15,0.42,0.38,2026-09-27,807,N,VIIRS,n,2.0NRT,305.83,3.88,D
31.27243,74.18977,331.9,0.42,0.38,2026-09-27,807,N,VIIRS,n,2.0NRT,301.28,2.47,D
31.27432,74.18011,332.41,0.43,0.38,2026-09-27,807,N,VIIRS,l,2.0NRT,302.83,2.8,D
31.28087,74.19696,338.79,0.42,0.38,2026-09-27,807,N,VIIRS,n,2.0NRT,299.97,1.75,D
31.32368,74.48249,331.71,0.42,0.37,2026-09-27,807,N,VIIRS,n,2.0NRT,302.01,2.54,D
31.38722,74.33634,332.83,0.42,0.38,2026-09-27,807,N,VIIRS,n,2.0NRT,302.46,3.1,D
31.39623,74.59557,335.41,0.41,0.37,2026-09-27,807,N,VIIRS,n,2.0NRT,299.79,3.33,D
31.4065,74.43256,334.23,0.42,0.37,2026-09-27,807,N,VIIRS,n,2.0NRT,301.8,6.94,D
31.52245,74.57156,344.31,0.41,0.37,2026-09-27,807,N,VIIRS,n,2.0NRT,300.74,4.43,D
31.54414,74.82371,335.69,0.41,0.37,2026-09-27,807,N,VIIRS,n,2.0NRT,301.24,3.27,D
31.58999,74.99272,330.94,0.4,0.37,2026-09-27,807,N,VIIRS,n,2.0NRT,300.22,2.74,D
31.59047,74.6636,330.62,0.41,0.37,2026-09-27,807,N,VIIRS,n,2.0NRT,297.44,2.4,D
31.5908,74.87094,330.72,0.4,0.37,2026-09-27,807,N,VIIRS,n,2.0NRT,298.79,1.95,D
31.6383,74.18455,331.18,0.42,0.38,2026-09-27,807,N,VIIRS,l,2.0NRT,304.43,4.03,D
31.66441,73.39329,337.54,0.45,0.39,2026-09-27,807,N,VIIRS,n,2.0NRT,306.32,4.53,D
31.68575,74.05923,348.1,0.42,0.38,2026-09-27,807,N,VIIRS,n,2.0NRT,304.57,4.45,D
31.68701,74.08662,342.87,0.42,0.38,2026-09-27,807,N,VIIRS,n,2.0NRT,302.06,3.05,D
31.68793,74.03097,350.06,0.43,0.38,2026-09-27,807,N,VIIRS,n,2.0NRT,303.87,4.95,D
31.69263,74.05759,330.07,0.42,0.38,2026-09-27,807,N,VIIRS,l,2.0NRT,303.2,2.82,D
31.69903,74.03294,338.33,0.43,0.38,2026-09-27,807,N,VIIRS,n,2.0NRT,304.99,2.48,D
31.69982,74.03737,339.29,0.43,0.38,2026-09-27,807,N,VIIRS,n,2.0NRT,304.86,2.48,D
31.70169,74.02767,337.68,0.43,0.38,2026-09-27,807,N,VIIRS,n,2.0NRT,304.67,2.33,D
31.70248,74.0321,339.44,0.43,0.38,2026-09-27,807,N,VIIRS,n,2.0NRT,303.56,2.93,D
31.73122,74.05296,339.92,0.42,0.38,2026-09-27,807,N,VIIRS,n,2.0NRT,303.9,2.86,D
31.75845,75.54463,352.29,0.39,0.36,2026-09-27,807,N,VIIRS,n,2.0NRT,301.61,6.43,D
31.77363,74.93475,332.28,0.4,0.37,2026-09-27,807,N,VIIRS,n,2.0NRT,299.88,2.91,D
31.80434,74.45453,346.95,0.41,0.37,2026-09-27,807,N,VIIRS,n,2.0NRT,300.61,8.66,D
31.82057,74.00126,333.54,0.43,0.38,2026-09-27,807,N,VIIRS,n,2.0NRT,302.88,4.2,D
31.8319,73.41193,334.22,0.45,0.39,2026-09-27,807,N,VIIRS,n,2.0NRT,301.36,2.73,D
31.83206,74.16888,346.83,0.42,0.38,2026-09-27,807,N,VIIRS,n,2.0NRT,303.27,7.65,D
31.85201,74.63092,332.15,0.41,0.37,2026-09-27,807,N,VIIRS,n,2.0NRT,297.42,1.46,D
31.85697,74.78452,334.6,0.4,0.37,2026-09-27,807,N,VIIRS,n,2.0NRT,300.7,4.65,D
31.85962,74.77951,334.81,0.4,0.37,2026-09-27,807,N,VIIRS,n,2.0NRT,300.33,3.28,D
31.87725,74.71807,337.1,0.41,0.37,2026-09-27,807,N,VIIRS,n,2.0NRT,298.89,3.67,D
31.88348,73.57766,338.15,0.44,0.38,2026-09-27,807,N,VIIRS,n,2.0NRT,301.81,3.68,D
31.89309,73.83583,340.29,0.43,0.38,2026-09-27,807,N,VIIRS,n,2.0NRT,306.52,4.63,D
31.9002,73.63087,346.89,0.44,0.38,2026-09-27,807,N,VIIRS,n,2.0NRT,306.04,13.03,D
31.90101,73.63544,330.09,0.44,0.38,2026-09-27,807,N,VIIRS,n,2.0NRT,300.78,13.03,D
31.9045,74.18465,330.98,0.42,0.38,2026-09-27,807,N,VIIRS,n,2.0NRT,303.65,2.64,D
31.93016,72.33318,333.46,0.49,0.4,2026-09-27,807,N,VIIRS,n,2.0NRT,301.9,3.15,D
32.17377,75.19283,343.16,0.4,0.37,2026-09-27,807,N,VIIRS,n,2.0NRT,299.58,6.85,D
32.20202,73.9333,333.31,0.42,0.38,2026-09-27,807,N,VIIRS,n,2.0NRT,301.75,2.15,D
32.20926,74.01475,331.73,0.42,0.38,2026-09-27,807,N,VIIRS,n,2.0NRT,302.46,2.05,D
32.56469,73.60503,334.06,0.43,0.38,2026-09-27,809,N,VIIRS,n,2.0NRT,300.41,2.24,D
33.1033,73.72868,339.73,0.42,0.38,2026-09-27,809,N,VIIRS,n,2.0NRT,300.23,4.05,D
33.21419,73.28416,337.15,0.43,0.38,2026-09-27,809,N,VIIRS,n,2.0NRT,300.24,3.43,D
33.21766,73.28327,347.68,0.43,0.38,2026-09-27,809,N,VIIRS,n,2.0NRT,303.37,3.43,D
33.61412,72.97609,331.37,0.44,0.38,2026-09-27,809,N,VIIRS,l,2.0NRT,303.14,0.47,D
33.85392,72.87521,337.69,0.44,0.38,2026-09-27,809,N,VIIRS,n,2.0NRT,304.85,3.01,D
23.10931,94.7502,304.48,0.39,0.59,2026-09-27,1851,N,VIIRS,n,2.0NRT,291.72,0.33,N
27.22342,95.34621,303.87,0.39,0.6,2026-09-27,1851,N,VIIRS,n,2.0NRT,288.57,0.68,N
27.37975,95.33595,302.86,0.39,0.6,2026-09-27,1851,N,VIIRS,n,2.0NRT,285.79,1.27,N
29.26313,91.92555,299.75,0.67,0.73,2026-09-27,1851,N,VIIRS,n,2.0NRT,281.01,2.27,N
29.37383,91.15298,295.95,0.74,0.76,2026-09-27,1851,N,VIIRS,n,2.0NRT,279.46,2.92,N
30.06926,96.97892,297.49,0.34,0.56,2026-09-27,1851,N,VIIRS,n,2.0NRT,273.22,0.85,N
22.21657,91.8252,310.25,0.58,0.7,2026-09-27,1853,N,VIIRS,n,2.0NRT,289.55,2.12,N
22.21689,91.82489,311.1,0.58,0.7,2026-09-27,1853,N,VIIRS,n,2.0NRT,289.48,2.08,N
27.22062,95.34622,317.06,0.66,0.73,2026-09-27,2032,N,VIIRS,n,2.0NRT,285.76,2.18,N
27.2254,95.34499,305.43,0.66,0.73,2026-09-27,2032,N,VIIRS,n,2.0NRT,286.02,1.74,N
28.27727,77.27364,302.85,0.47,0.39,2026-09-27,2032,N,VIIRS,n,2.0NRT,292.19,0.54,N
28.37264,77.22334,302.53,0.47,0.4,2026-09-27,2032,N,VIIRS,n,2.0NRT,292.02,0.36,N
28.71123,76.83309,314.65,0.49,0.4,2026-09-27,2032,N,VIIRS,n,2.0NRT,292.01,1.46,N
28.7451,76.92608,307.92,0.49,0.4,2026-09-27,2032,N,VIIRS,n,2.0NRT,292.32,0.82,N
28.85024,77.14781,311.92,0.48,0.4,2026-09-27,2032,N,VIIRS,n,2.0NRT,291.14,1.24,N
29.08506,88.01047,299.65,0.45,0.47,2026-09-27,2032,N,VIIRS,n,2.0NRT,274.9,1.19,N
29.22368,88.35166,297.41,0.47,0.48,2026-09-27,2032,N,VIIRS,n,2.0NRT,277.22,0.71,N
29.26211,91.92595,296.97,0.38,0.59,2026-09-27,2032,N,VIIRS,n,2.0NRT,281.37,1.18,N
29.37486,91.14978,307.65,0.34,0.56,2026-09-27,2032,N,VIIRS,n,2.0NRT,281.89,1.45,N
29.37746,91.15022,306.49,0.34,0.56,2026-09-27,2032,N,VIIRS,n,2.0NRT,281.33,1.01,N
31.64489,74.23907,304.08,0.49,0.48,2026-09-27,2032,N,VIIRS,n,2.0NRT,292.73,0.76,N
19.96234,79.33363,317.52,0.39,0.36,2026-09-27,2034,N,VIIRS,n,2.0NRT,295.78,1.67,N
20.65798,78.49347,305.33,0.39,0.36,2026-09-27,2034,N,VIIRS,n,2.0NRT,295.14,0.95,N
20.70213,78.62254,309.93,0.38,0.36,2026-09-27,2034,N,VIIRS,n,2.0NRT,295.98,1.02,N
20.70271,78.61887,313.54,0.38,0.36,2026-09-27,2034,N,VIIRS,n,2.0NRT,296.57,1.02,N
20.7613,85.298,315.54,0.44,0.46,2026-09-27,2034,N,VIIRS,n,2.0NRT,294.13,2.23,N
20.76211,85.29386,316.1,0.44,0.46,2026-09-27,2034,N,VIIRS,n,2.0NRT,293.98,2.47,N
20.77509,85.34119,305.49,0.45,0.47,2026-09-27,2034,N,VIIRS,n,2.0NRT,293.04,1.04,N
20.78479,85.2681,306.77,0.44,0.46,2026-09-27,2034,N,VIIRS,n,2.0NRT,293.31,0.99,N
20.78561,85.26384,315.98,0.44,0.46,2026-09-27,2034,N,VIIRS,n,2.0NRT,293.68,1.64,N
20.78643,85.25958,307.18,0.44,0.46,2026-09-27,2034,N,VIIRS,n,2.0NRT,293.63,1.64,N
20.78903,85.269,308.73,0.44,0.46,2026-09-27,2034,N,VIIRS,n,2.0NRT,292.99,1.01,N
20.79149,85.25625,310.87,0.44,0.46,2026-09-27,2034,N,VIIRS,n,2.0NRT,293.44,2.96,N
20.7923,85.25203,318.7,0.44,0.46,2026-09-27,2034,N,VIIRS,n,2.0NRT,292.99,2.96,N
20.79499,85.25515,339.31,0.44,0.46,2026-09-27,2034,N,VIIRS,n,2.0NRT,294.06,7.07,N
20.79654,85.25294,334.57,0.44,0.46,2026-09-27,2034,N,VIIRS,n,2.0NRT,293.67,2.96,N
20.79837,85.26033,306.31,0.44,0.46,2026-09-27,2034,N,VIIRS,n,2.0NRT,293.33,1.35,N
20.80344,85.2571,307.82,0.44,0.46,2026-09-27,2034,N,VIIRS,n,2.0NRT,292.85,1.87,N
20.80417,85.25914,311.92,0.44,0.46,2026-09-27,2034,N,VIIRS,n,2.0NRT,293.32,2.75,N
20.80765,85.25809,316.21,0.44,0.46,2026-09-27,2034,N,VIIRS,n,2.0NRT,293.65,1.87,N
20.86102,84.98888,310.19,0.42,0.46,2026-09-27,2034,N,VIIRS,n,2.0NRT,292.25,0.73,N
20.86436,84.9939,321.65,0.42,0.46,2026-09-27,2034,N,VIIRS,n,2.0NRT,293.38,1.6,N
20.86518,84.98975,320.84,0.42,0.46,2026-09-27,2034,N,VIIRS,n,2.0NRT,293.61,1.6,N
20.866,84.98563,304.8,0.42,0.46,2026-09-27,2034,N,VIIRS,n,2.0NRT,292.41,1.51,N
20.86853,84.99478,307.48,0.42,0.46,2026-09-27,2034,N,VIIRS,n,2.0NRT,293.91,1.6,N
20.86935,84.99059,309.21,0.42,0.46,2026-09-27,2034,N,VIIRS,n,2.0NRT,293.42,1.6,N
20.88418,84.98132,309.83,0.42,0.45,2026-09-27,2034,N,VIIRS,n,2.0NRT,292.84,2.14,N
20.88593,84.99451,305.5,0.42,0.46,2026-09-27,2034,N,VIIRS,n,2.0NRT,292.81,0.92,N
20.88832,84.98227,331.36,0.42,0.45,2026-09-27,2034,N,VIIRS,n,2.0NRT,293.58,2.14,N
20.95083,86.04321,323.14,0.49,0.49,2026-09-27,2034,N,VIIRS,n,2.0NRT,293.53,4.76,N
20.95434,86.04887,309.7,0.49,0.49,2026-09-27,2034,N,VIIRS,n,2.0NRT,293.99,2.37,N
20.95574,85.01447,305.1,0.42,0.46,2026-09-27,2034,N,VIIRS,n,2.0NRT,292.26,1.18,N
20.95608,85.01405,306.73,0.42,0.46,2026-09-27,2034,N,VIIRS,n,2.0NRT,292.45,1.12,N
20.95651,85.01042,308.34,0.42,0.46,2026-09-27,2034,N,VIIRS,n,2.0NRT,292.46,1.18,N
20.95688,85.01003,307.17,0.42,0.45,2026-09-27,2034,N,VIIRS,n,2.0NRT,292.89,1.12,N
20.96128,85.18655,323.58,0.43,0.46,2026-09-27,2034,N,VIIRS,n,2.0NRT,292.79,1.74,N
20.9621,85.18237,310.27,0.43,0.46,2026-09-27,2034,N,VIIRS,n,2.0NRT,292.6,1.74,N
20.96268,86.00673,305.88,0.49,0.48,2026-09-27,2034,N,VIIRS,n,2.0NRT,293.29,3.18,N
20.96373,85.17409,315.22,0.43,0.46,2026-09-27,2034,N,VIIRS,n,2.0NRT,293.17,2.19,N
20.96454,85.16995,308.16,0.43,0.46,2026-09-27,2034,N,VIIRS,n,2.0NRT,292.98,2.35,N
20.96535,85.16584,320.55,0.43,0.46,2026-09-27,2034,N,VIIRS,n,2.0NRT,293.27,2.35,N
20.96547,85.1875,321.78,0.43,0.46,2026-09-27,2034,N,VIIRS,n,2.0NRT,292.92,1.74,N
20.96617,86.01247,331.02,0.49,0.48,2026-09-27,2034,N,VIIRS,n,2.0NRT,294.04,3.18,N
20.9663,85.18331,306.59,0.43,0.46,2026-09-27,2034,N,VIIRS,n,2.0NRT,292.14,1.74,N
20.96711,85.17918,307.54,0.43,0.46,2026-09-27,2034,N,VIIRS,n,2.0NRT,292.45,2.19,N
20.96777,85.15349,316.1,0.43,0.46,2026-09-27,2034,N,VIIRS,n,2.0NRT,292.5,2.55,N
20.96792,85.17504,336.4,0.43,0.46,2026-09-27,2034,N,VIIRS,n,2.0NRT,293.39,2.19,N
20.96793,86.01491,333.46,0.49,0.48,2026-09-27,2034,N,VIIRS,n,2.0NRT,294.83,2.47,N
20.96802,86.00309,306.74,0.49,0.48,2026-09-27,2034,N,VIIRS,n,2.0NRT,294.2,2.06,N
20.96873,85.17093,314.1,0.43,0.46,2026-09-27,2034,N,VIIRS,n,2.0NRT,292.56,2.35,N
20.96874,86.02287,308.51,0.49,0.48,2026-09-27,2034,N,VIIRS,n,2.0NRT,293.5,2.32,N
20.96889,86.01025,311.51,0.49,0.48,2026-09-27,2034,N,VIIRS,n,2.0NRT,294.47,5,N
20.97058,86.01352,308.45,0.49,0.48,2026-09-27,2034,N,VIIRS,n,2.0NRT,294.14,2.61,N
20.97139,86.02061,305.5,0.49,0.48,2026-09-27,2034,N,VIIRS,n,2.0NRT,293.46,2.47,N
20.97211,85.17599,316.21,0.43,0.46,2026-09-27,2034,N,VIIRS,n,2.0NRT,292.99,1.75,N
20.97243,86.00416,306.59,0.49,0.48,2026-09-27,2034,N,VIIRS,n,2.0NRT,294.14,1.93,N
20.97601,85.13378,305.45,0.43,0.46,2026-09-27,2034,N,VIIRS,n,2.0NRT,292.5,1.4,N
20.9771,85.17285,319.18,0.43,0.46,2026-09-27,2034,N,VIIRS,n,2.0NRT,292.83,2.23,N
20.97791,85.16874,311.34,0.43,0.46,2026-09-27,2034,N,VIIRS,n,2.0NRT,292.57,2.23,N
20.98018,85.13476,322.92,0.43,0.46,2026-09-27,2034,N,VIIRS,n,2.0NRT,293.28,3.44,N
21.07684,85.04385,305.94,0.42,0.45,2026-09-27,2034,N,VIIRS,n,2.0NRT,292.42,2.02,N
21.07764,85.03981,308.06,0.42,0.45,2026-09-27,2034,N,VIIRS,n,2.0NRT,292.42,2.54,N
21.07843,85.03578,321.51,0.42,0.45,2026-09-27,2034,N,VIIRS,n,2.0NRT,293.2,2.54,N
21.07923,85.03172,306.91,0.42,0.45,2026-09-27,2034,N,VIIRS,n,2.0NRT,292.18,1.47,N
21.10118,72.64366,306.23,0.45,0.47,2026-09-27,2034,N,VIIRS,n,2.0NRT,294.55,4.21,N
21.10223,72.63485,341.28,0.45,0.47,2026-09-27,2034,N,VIIRS,n,2.0NRT,296.95,8.02,N
21.10447,72.65305,306.01,0.45,0.47,2026-09-27,2034,N,VIIRS,n,2.0NRT,295.73,4.57,N
21.10499,72.64865,313,0.45,0.47,2026-09-27,2034,N,VIIRS,n,2.0NRT,295.88,4.57,N
21.10552,72.64426,343.97,0.45,0.47,2026-09-27,2034,N,VIIRS,n,2.0NRT,298.53,13.19,N
21.10604,72.63985,315.19,0.45,0.47,2026-09-27,2034,N,VIIRS,n,2.0NRT,294.18,13.19,N
21.10657,72.63545,306.17,0.45,0.47,2026-09-27,2034,N,VIIRS,n,2.0NRT,294.73,1.97,N
21.11091,72.63604,310.83,0.45,0.47,2026-09-27,2034,N,VIIRS,n,2.0NRT,296.07,1.97,N
21.18033,81.38165,310.08,0.42,0.38,2026-09-27,2034,N,VIIRS,n,2.0NRT,294.67,1.43,N
21.18377,81.38232,307.92,0.42,0.38,2026-09-27,2034,N,VIIRS,n,2.0NRT,294.94,1.21,N
21.18769,81.39007,313.1,0.42,0.38,2026-09-27,2034,N,VIIRS,n,2.0NRT,295.71,2.88,N
21.18836,81.20966,306.44,0.42,0.37,2026-09-27,2034,N,VIIRS,n,2.0NRT,294.46,0.99,N
21.23289,79.63208,307.02,0.39,0.36,2026-09-27,2034,N,VIIRS,n,2.0NRT,296.1,0.8,N
21.23348,79.62838,306.18,0.39,0.36,2026-09-27,2034,N,VIIRS,n,2.0NRT,295.52,0.8,N
21.23939,79.23052,307.7,0.38,0.36,2026-09-27,2034,N,VIIRS,n,2.0NRT,295.66,1.28,N
21.24388,79.22375,314.59,0.38,0.36,2026-09-27,2034,N,VIIRS,n,2.0NRT,296.42,1.59,N
21.24953,79.2096,316.1,0.38,0.36,2026-09-27,2034,N,VIIRS,n,2.0NRT,295.89,1.45,N
21.29804,81.60773,311.67,0.43,0.38,2026-09-27,2034,N,VIIRS,n,2.0NRT,293.83,1.3,N
21.31127,81.59348,306.65,0.43,0.38,2026-09-27,2034,N,VIIRS,n,2.0NRT,294.66,1.09,N
21.33496,78.97099,305.25,0.38,0.36,2026-09-27,2034,N,VIIRS,n,2.0NRT,294.59,1.03,N
21.33554,78.96729,313.01,0.38,0.36,2026-09-27,2034,N,VIIRS,n,2.0NRT,295.31,1.91,N
21.37536,81.6427,312.09,0.43,0.38,2026-09-27,2034,N,VIIRS,n,2.0NRT,295.3,1.15,N
21.37584,81.68092,313.73,0.43,0.38,2026-09-27,2034,N,VIIRS,n,2.0NRT,295.55,1.74,N
21.38923,81.64545,310.1,0.43,0.38,2026-09-27,2034,N,VIIRS,n,2.0NRT,295.11,0.66,N
21.43384,72.97796,311.31,0.44,0.46,2026-09-27,2034,N,VIIRS,n,2.0NRT,294.62,1.11,N
21.45751,81.83662,308.44,0.43,0.38,2026-09-27,2034,N,VIIRS,n,2.0NRT,294.02,1.04,N
21.48727,81.76977,307.08,0.43,0.38,2026-09-27,2034,N,VIIRS,n,2.0NRT,294.86,0.56,N
21.50168,81.81111,305.83,0.43,0.38,2026-09-27,2034,N,VIIRS,n,2.0NRT,294.52,0.72,N
21.57656,82.0242,306.6,0.44,0.38,2026-09-27,2034,N,VIIRS,n,2.0NRT,295.37,0.9,N
21.6201,81.79542,305.1,0.43,0.38,2026-09-27,2034,N,VIIRS,n,2.0NRT,294.02,0.81,N
21.67192,82.08113,309.68,0.44,0.38,2026-09-27,2034,N,VIIRS,n,2.0NRT,294.91,1.53,N
21.67409,84.04257,307.2,0.55,0.42,2026-09-27,2034,N,VIIRS,n,2.0NRT,294.41,1.41,N
21.67892,84.03992,315.62,0.55,0.42,2026-09-27,2034,N,VIIRS,n,2.0NRT,294.91,2.46,N
21.67893,84.03822,314.96,0.55,0.42,2026-09-27,2034,N,VIIRS,n,2.0NRT,294.45,2.63,N
21.73124,82.21469,309.13,0.45,0.39,2026-09-27,2034,N,VIIRS,n,2.0NRT,295.54,1.18,N
21.7404,83.84351,307.75,0.53,0.42,2026-09-27,2034,N,VIIRS,n,2.0NRT,294.79,1.72,N
21.74422,83.84438,311.51,0.53,0.42,2026-09-27,2034,N,VIIRS,n,2.0NRT,294.6,1.72,N
21.74805,83.84522,318.78,0.53,0.42,2026-09-27,2034,N,VIIRS,n,2.0NRT,295.14,2.16,N
21.74902,83.8401,319.4,0.53,0.42,2026-09-27,2034,N,VIIRS,n,2.0NRT,294.74,2.16,N
21.75173,83.97424,327.62,0.54,0.42,2026-09-27,2034,N,VIIRS,n,2.0NRT,295.15,4.15,N
21.75284,83.84095,309.84,0.53,0.42,2026-09-27,2034,N,VIIRS,n,2.0NRT,294.55,2.16,N
21.75453,84.02354,308.73,0.54,0.42,2026-09-27,2034,N,VIIRS,n,2.0NRT,295.05,2.41,N
21.75666,83.84179,324.59,0.53,0.42,2026-09-27,2034,N,VIIRS,n,2.0NRT,295.92,2.26,N
21.75952,83.84772,313.07,0.53,0.42,2026-09-27,2034,N,VIIRS,n,2.0NRT,294.28,2.26,N
21.76048,83.84262,307.85,0.53,0.42,2026-09-27,2034,N,VIIRS,n,2.0NRT,294.2,2.26,N
21.76323,84.02,311.91,0.54,0.42,2026-09-27,2034,N,VIIRS,n,2.0NRT,295.11,2.3,N
21.76335,83.84856,320.79,0.53,0.42,2026-09-27,2034,N,VIIRS,n,2.0NRT,295.87,2.82,N
21.7671,84.02085,316.66,0.54,0.42,2026-09-27,2034,N,VIIRS,n,2.0NRT,295.57,2.3,N
21.79087,80.01557,307.53,0.39,0.36,2026-09-27,2034,N,VIIRS,n,2.0NRT,293.82,0.41,N
21.79689,83.88231,306.84,0.53,0.42,2026-09-27,2034,N,VIIRS,n,2.0NRT,293.98,1.75,N
21.80208,82.04013,312.65,0.44,0.38,2026-09-27,2034,N,VIIRS,n,2.0NRT,295.48,1.24,N
21.8023,85.56567,304.4,0.44,0.46,2026-09-27,2034,N,VIIRS,n,2.0NRT,290.68,1.07,N
21.82629,83.90073,305.29,0.53,0.42,2026-09-27,2034,N,VIIRS,n,2.0NRT,294.64,1.58,N
21.85783,83.96645,305.13,0.54,0.42,2026-09-27,2034,N,VIIRS,n,2.0NRT,294.23,1.21,N
21.87623,83.49428,309.29,0.51,0.41,2026-09-27,2034,N,VIIRS,n,2.0NRT,294.11,1.76,N
21.87678,83.55539,309.54,0.51,0.41,2026-09-27,2034,N,VIIRS,n,2.0NRT,293.92,1.33,N
21.91756,83.35237,306,0.5,0.41,2026-09-27,2034,N,VIIRS,n,2.0NRT,294.13,1.7,N
21.91855,83.34946,309.16,0.5,0.41,2026-09-27,2034,N,VIIRS,n,2.0NRT,294.41,2.97,N
21.92128,83.35315,321.47,0.5,0.41,2026-09-27,2034,N,VIIRS,n,2.0NRT,296.5,1.7,N
21.92215,83.34835,312.48,0.5,0.41,2026-09-27,2034,N,VIIRS,n,2.0NRT,295.63,2.9,N
21.92227,83.35024,324.72,0.5,0.41,2026-09-27,2034,N,VIIRS,n,2.0NRT,297.13,2.97,N
21.92405,83.34068,308.66,0.5,0.41,2026-09-27,2034,N,VIIRS,n,2.0NRT,294.82,1.56,N
21.96364,83.77354,307.66,0.52,0.42,2026-09-27,2034,N,VIIRS,n,2.0NRT,294.54,1.21,N
21.9692,85.31464,309.94,0.42,0.46,2026-09-27,2034,N,VIIRS,n,2.0NRT,290.21,1.93,N
21.98591,83.23536,308.87,0.49,0.4,2026-09-27,2034,N,VIIRS,n,2.0NRT,294.12,0.75,N
22.00305,82.66702,306.18,0.46,0.39,2026-09-27,2034,N,VIIRS,n,2.0NRT,294.52,1.26,N
22.00585,82.67216,310.1,0.46,0.39,2026-09-27,2034,N,VIIRS,n,2.0NRT,294.84,1.77,N
22.01484,83.7532,316.41,0.52,0.42,2026-09-27,2034,N,VIIRS,n,2.0NRT,294.65,2.69,N
22.03247,83.36559,305.76,0.5,0.41,2026-09-27,2034,N,VIIRS,n,2.0NRT,294.39,1.67,N
22.03727,83.35447,307.84,0.5,0.41,2026-09-27,2034,N,VIIRS,n,2.0NRT,294.62,2.37,N
22.03814,83.34968,310.25,0.5,0.41,2026-09-27,2034,N,VIIRS,n,2.0NRT,294.28,1.47,N
22.03842,83.73227,310.03,0.52,0.41,2026-09-27,2034,N,VIIRS,n,2.0NRT,295.24,2.19,N
22.03887,83.35196,316.81,0.5,0.41,2026-09-27,2034,N,VIIRS,n,2.0NRT,295.39,3.05,N
22.03934,83.72729,320.98,0.52,0.41,2026-09-27,2034,N,VIIRS,n,2.0NRT,294.71,2.19,N
22.04312,83.72813,318.71,0.52,0.41,2026-09-27,2034,N,VIIRS,n,2.0NRT,294.35,2.83,N
22.05361,88.12411,317.32,0.63,0.54,2026-09-27,2034,N,VIIRS,n,2.0NRT,293.26,5.85,N
22.05398,88.12391,317.44,0.63,0.54,2026-09-27,2034,N,VIIRS,n,2.0NRT,293.21,5.78,N
22.06662,83.70726,305.57,0.52,0.41,2026-09-27,2034,N,VIIRS,n,2.0NRT,293.75,1.36,N
22.1345,85.38403,302.85,0.43,0.46,2026-09-27,2034,N,VIIRS,n,2.0NRT,290.8,1.24,N
22.15465,82.09659,307.5,0.44,0.38,2026-09-27,2034,N,VIIRS,n,2.0NRT,294.84,1.01,N
22.21568,91.82677,309.25,0.53,0.67,2026-09-27,2034,N,VIIRS,n,2.0NRT,290,1.49,N
22.2172,91.82578,307.09,0.53,0.67,2026-09-27,2034,N,VIIRS,n,2.0NRT,289.74,1.9,N
22.26372,75.13388,310.03,0.51,0.41,2026-09-27,2034,N,VIIRS,n,2.0NRT,295.29,1.22,N
22.31622,82.53326,308.78,0.45,0.39,2026-09-27,2034,N,VIIRS,n,2.0NRT,294.08,1.31,N
22.31864,82.56088,312.81,0.45,0.39,2026-09-27,2034,N,VIIRS,n,2.0NRT,295.05,2.2,N
22.32106,82.5886,309.31,0.45,0.39,2026-09-27,2034,N,VIIRS,n,2.0NRT,294.19,1.68,N
22.32142,82.56599,306.47,0.45,0.39,2026-09-27,2034,N,VIIRS,n,2.0NRT,294.46,1.38,N
22.32939,82.604,309.1,0.45,0.39,2026-09-27,2034,N,VIIRS,n,2.0NRT,293.92,1.62,N
22.35705,82.30496,312.91,0.44,0.39,2026-09-27,2034,N,VIIRS,n,2.0NRT,295.13,1.48,N
22.35781,82.3007,334.85,0.44,0.38,2026-09-27,2034,N,VIIRS,n,2.0NRT,294.92,2.71,N
22.35827,87.2898,306.96,0.55,0.51,2026-09-27,2034,N,VIIRS,n,2.0NRT,290.44,1.69,N
22.36133,82.30141,313.73,0.44,0.38,2026-09-27,2034,N,VIIRS,n,2.0NRT,294.66,2.71,N
22.36349,87.01971,308.4,0.53,0.5,2026-09-27,2034,N,VIIRS,n,2.0NRT,291.37,2.86,N
22.36533,87.3027,312.91,0.55,0.51,2026-09-27,2034,N,VIIRS,n,2.0NRT,291.42,3.58,N
22.37559,87.2773,311.18,0.55,0.51,2026-09-27,2034,N,VIIRS,n,2.0NRT,291.37,2.75,N
22.38024,87.27843,317.02,0.55,0.51,2026-09-27,2034,N,VIIRS,n,2.0NRT,291.81,3.89,N
22.41627,69.03776,312.06,0.4,0.6,2026-09-27,2034,N,VIIRS,n,2.0NRT,294.73,1.88,N
22.57331,85.8971,307.93,0.45,0.47,2026-09-27,2034,N,VIIRS,n,2.0NRT,293.68,1.38,N
22.57417,85.89282,311.64,0.45,0.47,2026-09-27,2034,N,VIIRS,n,2.0NRT,293.92,1.38,N
22.60985,85.91479,306.8,0.45,0.47,2026-09-27,2034,N,VIIRS,n,2.0NRT,293.28,1.55,N
22.78362,86.20631,310.37,0.46,0.47,2026-09-27,2034,N,VIIRS,n,2.0NRT,293.57,1.03,N
22.78493,86.20419,316.8,0.46,0.47,2026-09-27,2034,N,VIIRS,n,2.0NRT,293.83,3.25,N
22.78793,86.20736,307.96,0.46,0.47,2026-09-27,2034,N,VIIRS,n,2.0NRT,294.1,1.03,N
22.7897,86.19843,311.72,0.46,0.47,2026-09-27,2034,N,VIIRS,n,2.0NRT,294.46,3.53,N
22.79107,86.19632,309.75,0.46,0.47,2026-09-27,2034,N,VIIRS,n,2.0NRT,294.42,3.21,N
22.80227,86.08961,306.86,0.46,0.47,2026-09-27,2034,N,VIIRS,n,2.0NRT,293.63,2.24,N
22.80956,86.08434,306.31,0.46,0.47,2026-09-27,2034,N,VIIRS,n,2.0NRT,293.1,1.38,N
22.81172,86.08716,312.45,0.46,0.47,2026-09-27,2034,N,VIIRS,n,2.0NRT,293.68,1.85,N
22.87227,86.06234,309.66,0.45,0.47,2026-09-27,2034,N,VIIRS,n,2.0NRT,293.19,1.43,N
22.92569,69.8226,305.08,0.36,0.57,2026-09-27,2034,N,VIIRS,n,2.0NRT,294.9,1.46,N
22.93259,69.69594,303.53,0.37,0.58,2026-09-27,2034,N,VIIRS,n,2.0NRT,291.42,0.75,N
23.16371,82.34002,314.84,0.44,0.38,2026-09-27,2034,N,VIIRS,n,2.0NRT,293.19,1.95,N
23.16446,82.33576,320.08,0.43,0.38,2026-09-27,2034,N,VIIRS,n,2.0NRT,293.38,1.95,N
23.16647,82.34494,312.13,0.44,0.38,2026-09-27,2034,N,VIIRS,n,2.0NRT,293.04,1.03,N
23.16721,82.34071,319.85,0.44,0.38,2026-09-27,2034,N,VIIRS,n,2.0NRT,294.18,1.95,N
23.55601,87.24146,307.45,0.52,0.5,2026-09-27,2034,N,VIIRS,n,2.0NRT,292.84,1.83,N
23.55976,87.08516,312.02,0.51,0.49,2026-09-27,2034,N,VIIRS,n,2.0NRT,292.9,3.08,N
23.56054,87.24259,306.06,0.52,0.5,2026-09-27,2034,N,VIIRS,n,2.0NRT,292.75,1.83,N
23.56069,87.23864,322.85,0.52,0.5,2026-09-27,2034,N,VIIRS,n,2.0NRT,293,2.83,N
23.56157,87.23756,315.72,0.52,0.5,2026-09-27,2034,N,VIIRS,n,2.0NRT,292.86,1.83,N
23.61588,86.78912,308.41,0.49,0.48,2026-09-27,2034,N,VIIRS,n,2.0NRT,293,1.4,N
23.6464,85.43896,314.34,0.4,0.45,2026-09-27,2034,N,VIIRS,n,2.0NRT,293.5,1.61,N
23.65434,85.50674,305.83,0.41,0.45,2026-09-27,2034,N,VIIRS,n,2.0NRT,293.12,0.83,N
23.66285,87.15859,314.42,0.51,0.49,2026-09-27,2034,N,VIIRS,n,2.0NRT,292.68,2.44,N
23.66387,87.15366,315.37,0.51,0.49,2026-09-27,2034,N,VIIRS,n,2.0NRT,293.29,2.44,N
23.66714,86.93359,305.61,0.49,0.49,2026-09-27,2034,N,VIIRS,n,2.0NRT,292.19,0.65,N
23.66939,86.09221,307.18,0.44,0.46,2026-09-27,2034,N,VIIRS,n,2.0NRT,292.13,1.42,N
23.6753,86.08466,310.35,0.44,0.46,2026-09-27,2034,N,VIIRS,n,2.0NRT,292.52,1.17,N
23.67701,86.39963,317.59,0.46,0.47,2026-09-27,2034,N,VIIRS,n,2.0NRT,294.15,3.9,N
23.67745,85.32369,304.12,0.4,0.44,2026-09-27,2034,N,VIIRS,n,2.0NRT,293.12,0.77,N
23.67792,86.39514,318.94,0.46,0.47,2026-09-27,2034,N,VIIRS,n,2.0NRT,293.88,3.77,N
23.67951,86.08569,308.05,0.44,0.46,2026-09-27,2034,N,VIIRS,n,2.0NRT,292.74,2.07,N
23.67978,86.10174,307.43,0.44,0.46,2026-09-27,2034,N,VIIRS,n,2.0NRT,293.25,2.09,N
23.68118,86.09958,308.01,0.44,0.46,2026-09-27,2034,N,VIIRS,n,2.0NRT,293.1,2.15,N
23.68153,86.09319,311.36,0.44,0.46,2026-09-27,2034,N,VIIRS,n,2.0NRT,292.47,1.83,N
23.68202,86.09529,311.53,0.44,0.46,2026-09-27,2034,N,VIIRS,n,2.0NRT,292.15,2.12,N
23.68222,86.39612,312.79,0.46,0.47,2026-09-27,2034,N,VIIRS,n,2.0NRT,293.59,1.57,N
23.68311,86.39174,312.46,0.46,0.47,2026-09-27,2034,N,VIIRS,n,2.0NRT,293.64,1.57,N
23.68445,87.12234,306.8,0.51,0.49,2026-09-27,2034,N,VIIRS,n,2.0NRT,292.98,1.32,N
23.68611,87.11952,306.9,0.51,0.49,2026-09-27,2034,N,VIIRS,n,2.0NRT,292.82,1.96,N
23.68742,86.3927,312.27,0.46,0.47,2026-09-27,2034,N,VIIRS,n,2.0NRT,293.12,1.57,N
23.68894,87.12343,311.28,0.51,0.49,2026-09-27,2034,N,VIIRS,n,2.0NRT,293.13,2.6,N
23.68953,87.09756,313.84,0.51,0.49,2026-09-27,2034,N,VIIRS,n,2.0NRT,293.72,2.7,N
23.69031,87.09974,314.39,0.5,0.49,2026-09-27,2034,N,VIIRS,n,2.0NRT,293.51,1.75,N
23.6906,87.1206,315.8,0.51,0.49,2026-09-27,2034,N,VIIRS,n,2.0NRT,293.54,1.96,N
23.69198,87.10855,307.33,0.51,0.49,2026-09-27,2034,N,VIIRS,n,2.0NRT,292.88,1.56,N
23.6927,87.1107,308.92,0.51,0.49,2026-09-27,2034,N,VIIRS,n,2.0NRT,293.1,1.32,N
23.69331,85.37205,315.54,0.4,0.44,2026-09-27,2034,N,VIIRS,n,2.0NRT,293.44,1.31,N
23.69344,87.1245,312.52,0.51,0.49,2026-09-27,2034,N,VIIRS,n,2.0NRT,293.09,2.6,N
23.69374,87.10577,304.75,0.51,0.49,2026-09-27,2034,N,VIIRS,n,2.0NRT,292.86,1.32,N
23.69501,87.09372,305.4,0.5,0.49,2026-09-27,2034,N,VIIRS,n,2.0NRT,292.68,1.16,N
23.69509,87.12167,310.64,0.51,0.49,2026-09-27,2034,N,VIIRS,n,2.0NRT,293.45,2.02,N
23.69545,87.11461,305.77,0.51,0.49,2026-09-27,2034,N,VIIRS,n,2.0NRT,292.67,1.56,N
23.69583,87.09593,307.69,0.5,0.49,2026-09-27,2034,N,VIIRS,n,2.0NRT,293.44,1.75,N
23.69627,85.29184,306.09,0.4,0.44,2026-09-27,2034,N,VIIRS,n,2.0NRT,293.48,1.1,N
23.69634,85.35646,307.69,0.4,0.44,2026-09-27,2034,N,VIIRS,n,2.0NRT,293.09,0.52,N
23.69703,85.28796,310.27,0.4,0.44,2026-09-27,2034,N,VIIRS,n,2.0NRT,293.74,1.1,N
23.69811,85.36905,303.99,0.4,0.44,2026-09-27,2034,N,VIIRS,n,2.0NRT,293.12,1.31,N
23.7076,86.449,304.83,0.46,0.47,2026-09-27,2034,N,VIIRS,n,2.0NRT,292.24,1.93,N
23.71191,86.45,318.89,0.46,0.47,2026-09-27,2034,N,VIIRS,n,2.0NRT,293.21,1.93,N
23.71801,86.44207,304.92,0.46,0.47,2026-09-27,2034,N,VIIRS,n,2.0NRT,292.29,2.01,N
23.73387,86.43375,306.62,0.46,0.47,2026-09-27,2034,N,VIIRS,n,2.0NRT,292.58,2.11,N
23.73817,86.43477,328.4,0.46,0.47,2026-09-27,2034,N,VIIRS,n,2.0NRT,294.03,4.41,N
23.73844,85.0099,305.58,0.57,0.43,2026-09-27,2034,N,VIIRS,n,2.0NRT,293.27,2.19,N
23.75611,85.85528,308.4,0.42,0.46,2026-09-27,2034,N,VIIRS,n,2.0NRT,293.8,1.46,N
23.75694,85.85117,308.91,0.42,0.46,2026-09-27,2034,N,VIIRS,n,2.0NRT,293.34,1.46,N
23.75838,86.40212,327.35,0.46,0.47,2026-09-27,2034,N,VIIRS,n,2.0NRT,293,4.66,N
23.76268,86.40311,328.65,0.46,0.47,2026-09-27,2034,N,VIIRS,n,2.0NRT,292.88,1.75,N
23.76358,86.39871,304.72,0.46,0.47,2026-09-27,2034,N,VIIRS,n,2.0NRT,292.26,1.75,N
23.76448,86.39429,308.72,0.46,0.47,2026-09-27,2034,N,VIIRS,n,2.0NRT,293.5,3.06,N
23.76697,86.40414,314.62,0.46,0.47,2026-09-27,2034,N,VIIRS,n,2.0NRT,292.77,1.75,N
23.76787,86.39973,306.3,0.46,0.47,2026-09-27,2034,N,VIIRS,n,2.0NRT,292.77,1.75,N
23.77144,86.19608,315.99,0.44,0.46,2026-09-27,2034,N,VIIRS,n,2.0NRT,292.07,2.46,N
23.7733,86.19867,305.66,0.44,0.46,2026-09-27,2034,N,VIIRS,n,2.0NRT,292.31,1.75,N
23.77418,86.19434,311.18,0.44,0.46,2026-09-27,2034,N,VIIRS,n,2.0NRT,292.6,2.27,N
23.77511,86.36425,314.96,0.45,0.47,2026-09-27,2034,N,VIIRS,n,2.0NRT,292.82,2.27,N
23.77577,86.20827,305.06,0.44,0.46,2026-09-27,2034,N,VIIRS,n,2.0NRT,292.4,3.12,N
23.77736,86.21101,319.68,0.45,0.47,2026-09-27,2034,N,VIIRS,n,2.0NRT,292.4,2.55,N
23.77821,86.20667,305.58,0.45,0.47,2026-09-27,2034,N,VIIRS,n,2.0NRT,292.94,2.64,N
23.7787,86.34664,307.37,0.45,0.47,2026-09-27,2034,N,VIIRS,n,2.0NRT,292.26,1.13,N
23.77918,86.38832,312.35,0.46,0.47,2026-09-27,2034,N,VIIRS,n,2.0NRT,292.56,2.29,N
23.78001,86.20921,337.16,0.44,0.46,2026-09-27,2034,N,VIIRS,n,2.0NRT,294.2,3.12,N
23.78002,85.57287,306.46,0.41,0.45,2026-09-27,2034,N,VIIRS,n,2.0NRT,293.63,1.86,N
23.78187,86.37508,308.74,0.46,0.47,2026-09-27,2034,N,VIIRS,n,2.0NRT,292.19,1.36,N
23.78387,86.34325,304.54,0.45,0.47,2026-09-27,2034,N,VIIRS,n,2.0NRT,291.7,1.87,N
23.78799,85.55377,311.24,0.41,0.45,2026-09-27,2034,N,VIIRS,n,2.0NRT,293.21,1.09,N
23.7958,86.35067,313.32,0.45,0.47,2026-09-27,2034,N,VIIRS,n,2.0NRT,292.32,3.39,N
23.82322,85.49857,305.77,0.4,0.45,2026-09-27,2034,N,VIIRS,n,2.0NRT,293.78,1.89,N
23.83758,85.469,305.23,0.4,0.44,2026-09-27,2034,N,VIIRS,n,2.0NRT,293.89,0.87,N
23.92565,85.34192,302.92,0.39,0.44,2026-09-27,2034,N,VIIRS,n,2.0NRT,291.74,0.82,N
24.00994,80.5296,305.59,0.39,0.36,2026-09-27,2034,N,VIIRS,n,2.0NRT,294.33,0.74,N
24.14047,82.70424,305.36,0.44,0.38,2026-09-27,2034,N,VIIRS,n,2.0NRT,293.51,0.59,N
24.14533,82.65668,306.03,0.44,0.38,2026-09-27,2034,N,VIIRS,n,2.0NRT,293.38,0.67,N
24.15253,82.596,313.83,0.43,0.38,2026-09-27,2034,N,VIIRS,n,2.0NRT,293.77,1.59,N
24.16117,82.62884,304.69,0.44,0.38,2026-09-27,2034,N,VIIRS,n,2.0NRT,293.33,0.74,N
24.17984,82.64618,303.92,0.44,0.38,2026-09-27,2034,N,VIIRS,n,2.0NRT,293.92,0.87,N
24.18107,82.65974,308.03,0.44,0.38,2026-09-27,2034,N,VIIRS,n,2.0NRT,294.01,1.65,N
24.1965,82.71626,320.52,0.44,0.38,2026-09-27,2034,N,VIIRS,n,2.0NRT,293.99,1.96,N
24.20307,80.80159,305.67,0.39,0.36,2026-09-27,2034,N,VIIRS,n,2.0NRT,294.04,0.44,N
24.20499,82.7093,308.25,0.44,0.38,2026-09-27,2034,N,VIIRS,n,2.0NRT,294.61,1.45,N
24.76292,74.60809,311.25,0.39,0.44,2026-09-27,2034,N,VIIRS,n,2.0NRT,293.58,1.8,N
25.3876,68.58101,314.8,0.46,0.63,2026-09-27,2034,N,VIIRS,n,2.0NRT,294.37,1.17,N
25.39037,68.58036,314.71,0.46,0.63,2026-09-27,2034,N,VIIRS,n,2.0NRT,294.64,1.46,N
25.94155,72.18678,313.34,0.55,0.51,2026-09-27,2034,N,VIIRS,n,2.0NRT,293.46,2.99,N
28.05062,69.36957,308.75,0.44,0.62,2026-09-27,2034,N,VIIRS,n,2.0NRT,294.14,0.85,N
28.05093,69.36502,308.41,0.44,0.62,2026-09-27,2034,N,VIIRS,n,2.0NRT,294.23,0.85,N
28.05132,69.36879,319.36,0.44,0.62,2026-09-27,2034,N,VIIRS,n,2.0NRT,294.66,1.22,N
28.4227,69.69918,304.33,0.42,0.61,2026-09-27,2034,N,VIIRS,n,2.0NRT,293.13,0.76,N
13.70895,79.62033,310.15,0.42,0.38,2026-09-27,2036,N,VIIRS,n,2.0NRT,295.87,2.02,N
14.58765,78.58081,310.5,0.39,0.36,2026-09-27,2036,N,VIIRS,n,2.0NRT,296.76,1.78,N
14.87278,78.05157,307.15,0.39,0.36,2026-09-27,2036,N,VIIRS,n,2.0NRT,296.09,0.74,N
14.93126,78.34192,310.53,0.39,0.36,2026-09-27,2036,N,VIIRS,n,2.0NRT,296.3,0.89,N
15.16757,76.67423,315.41,0.39,0.36,2026-09-27,2036,N,VIIRS,n,2.0NRT,293.47,0.97,N
15.1681,76.37891,308.06,0.4,0.37,2026-09-27,2036,N,VIIRS,n,2.0NRT,291.89,0.94,N
15.16813,76.67059,307.21,0.39,0.36,2026-09-27,2036,N,VIIRS,n,2.0NRT,293.46,1.8,N
15.17146,76.69344,306.69,0.39,0.36,2026-09-27,2036,N,VIIRS,n,2.0NRT,292.89,1.11,N
15.17259,76.66388,306.3,0.39,0.36,2026-09-27,2036,N,VIIRS,n,2.0NRT,294.15,1.3,N
15.17371,76.65662,312.19,0.39,0.36,2026-09-27,2036,N,VIIRS,n,2.0NRT,294.15,1.22,N
15.17416,76.78657,305.51,0.39,0.36,2026-09-27,2036,N,VIIRS,n,2.0NRT,293.78,0.96,N
15.17427,76.65299,312.26,0.39,0.36,2026-09-27,2036,N,VIIRS,n,2.0NRT,293.06,1.22,N
15.1748,76.69397,317.06,0.39,0.36,2026-09-27,2036,N,VIIRS,n,2.0NRT,293.84,1.11,N
15.17555,77.09969,308.25,0.39,0.36,2026-09-27,2036,N,VIIRS,n,2.0NRT,293.83,0.75,N
15.17705,76.65716,342.18,0.39,0.36,2026-09-27,2036,N,VIIRS,n,2.0NRT,296.07,3.33,N
15.1776,76.67584,312.83,0.39,0.36,2026-09-27,2036,N,VIIRS,n,2.0NRT,295.82,2.01,N
15.17761,76.65353,321.98,0.39,0.36,2026-09-27,2036,N,VIIRS,n,2.0NRT,295.48,3.33,N
15.17831,77.10382,308.44,0.39,0.36,2026-09-27,2036,N,VIIRS,n,2.0NRT,294.57,0.96,N
15.18094,76.67638,319.91,0.39,0.36,2026-09-27,2036,N,VIIRS,n,2.0NRT,295.51,1.71,N
15.18206,76.66913,314.89,0.39,0.36,2026-09-27,2036,N,VIIRS,n,2.0NRT,294.97,4.84,N
15.18262,76.6655,330.48,0.39,0.36,2026-09-27,2036,N,VIIRS,n,2.0NRT,295.06,6.46,N
15.18263,76.64319,306.68,0.39,0.36,2026-09-27,2036,N,VIIRS,n,2.0NRT,294.31,1.39,N
15.18428,76.67693,306.82,0.39,0.36,2026-09-27,2036,N,VIIRS,n,2.0NRT,294.41,1.71,N
15.18486,76.65099,307.41,0.39,0.36,2026-09-27,2036,N,VIIRS,n,2.0NRT,294.66,1.47,N
15.22401,76.76455,319.32,0.39,0.36,2026-09-27,2036,N,VIIRS,n,2.0NRT,293.47,1.7,N
15.31553,76.25473,306.7,0.4,0.37,2026-09-27,2036,N,VIIRS,n,2.0NRT,292.69,0.78,N
15.33464,76.28813,305.26,0.4,0.37,2026-09-27,2036,N,VIIRS,n,2.0NRT,293,0.55,N
15.6597,73.9886,308.41,0.49,0.4,2026-09-27,2036,N,VIIRS,n,2.0NRT,291.99,1.44,N
15.68482,78.45797,309.51,0.39,0.36,2026-09-27,2036,N,VIIRS,n,2.0NRT,296.62,0.93,N
16.81057,79.91537,309.29,0.41,0.37,2026-09-27,2036,N,VIIRS,n,2.0NRT,298.28,1.26,N
17.06505,76.97989,307.72,0.39,0.36,2026-09-27,2036,N,VIIRS,n,2.0NRT,294.48,1.27,N
17.13957,77.17594,312.41,0.39,0.36,2026-09-27,2036,N,VIIRS,n,2.0NRT,295.6,1.37,N
17.14178,77.1838,307.02,0.39,0.36,2026-09-27,2036,N,VIIRS,n,2.0NRT,295.13,1.13,N
17.95709,80.7953,319.55,0.43,0.38,2026-09-27,2036,N,VIIRS,n,2.0NRT,297.81,2.84,N
18.49764,74.48884,307.17,0.5,0.41,2026-09-27,2036,N,VIIRS,n,2.0NRT,290.98,0.96,N
18.68053,73.03847,305.18,0.4,0.44,2026-09-27,2036,N,VIIRS,n,2.0NRT,293.15,0.92,N
18.68101,73.03465,307.17,0.4,0.44,2026-09-27,2036,N,VIIRS,n,2.0NRT,293.71,0.92,N
18.68414,73.04287,306.87,0.4,0.44,2026-09-27,2036,N,VIIRS,n,2.0NRT,294.5,1.59,N
18.68462,73.03905,307.76,0.4,0.44,2026-09-27,2036,N,VIIRS,n,2.0NRT,293.78,1.8,N
18.69281,73.04025,315.59,0.4,0.44,2026-09-27,2036,N,VIIRS,n,2.0NRT,293.92,1.28,N
18.71832,79.53844,314.55,0.39,0.36,2026-09-27,2036,N,VIIRS,n,2.0NRT,297.24,2.27,N
18.72166,79.53903,309.51,0.39,0.36,2026-09-27,2036,N,VIIRS,n,2.0NRT,297.13,1.04,N
19.09568,82.16835,305.43,0.48,0.4,2026-09-27,2036,N,VIIRS,n,2.0NRT,293.89,1.98,N
19.09866,82.16746,314.83,0.48,0.4,2026-09-27,2036,N,VIIRS,n,2.0NRT,292.84,2.75,N
19.10231,82.16819,308.39,0.48,0.4,2026-09-27,2036,N,VIIRS,n,2.0NRT,293.94,1.42,N
19.10314,73.05361,305.82,0.4,0.44,2026-09-27,2036,N,VIIRS,n,2.0NRT,293.7,0.28,N
19.72338,79.1747,307.12,0.39,0.36,2026-09-27,2036,N,VIIRS,n,2.0NRT,296.91,0.7,N
19.78559,79.14821,313.28,0.39,0.36,2026-09-27,2036,N,VIIRS,n,2.0NRT,297.14,1.38,N
19.92887,79.12056,309.72,0.38,0.36,2026-09-27,2036,N,VIIRS,n,2.0NRT,296.5,1.19,N
19.93433,73.71258,307.92,0.57,0.43,2026-09-27,2036,N,VIIRS,n,2.0NRT,291.11,1.73,N
8.66915,77.99299,307.9,0.41,0.37,2026-09-27,2038,N,VIIRS,n,2.0NRT,293.21,0.56,N
8.98141,77.62112,312.3,0.4,0.37,2026-09-27,2038,N,VIIRS,n,2.0NRT,293.46,0.85,N
10.58084,77.27905,310.02,0.39,0.36,2026-09-27,2038,N,VIIRS,n,2.0NRT,291.78,0.78,N
10.58303,77.27913,309.93,0.39,0.36,2026-09-27,2038,N,VIIRS,n,2.0NRT,292.2,0.65,N
10.71213,78.09284,308.32,0.4,0.37,2026-09-27,2038,N,VIIRS,n,2.0NRT,292.94,3.56,N
11.06005,77.11473,327.51,0.39,0.36,2026-09-27,2038,N,VIIRS,n,2.0NRT,291.51,2.45,N
11.06337,77.11526,311.72,0.39,0.36,2026-09-27,2038,N,VIIRS,n,2.0NRT,290.91,0.82,N
11.18211,79.09924,312.13,0.43,0.38,2026-09-27,2038,N,VIIRS,n,2.0NRT,293.16,3.27,N
11.26798,80.00505,317.17,0.47,0.39,2026-09-27,2038,N,VIIRS,n,2.0NRT,293.95,1.12,N
11.88247,78.97166,311.79,0.42,0.38,2026-09-27,2038,N,VIIRS,n,2.0NRT,292.16,1.64,N
11.95503,79.03907,308.5,0.42,0.38,2026-09-27,2038,N,VIIRS,n,2.0NRT,291.75,0.52,N
13.20621,80.13287,307.3,0.45,0.39,2026-09-27,2038,N,VIIRS,n,2.0NRT,293.51,0.65,N
13.39167,80.10329,315.23,0.45,0.39,2026-09-27,2038,N,VIIRS,n,2.0NRT,295.23,3.57,N
28.05498,69.37293,303.33,0.58,0.7,2026-09-27,2214,N,VIIRS,n,2.0NRT,293.19,0.83,N
22.33264,96.54782,332.98,0.56,0.69,2026-09-28,605,N,VIIRS,n,2.0NRT,291.21,4.92,D
24.70074,94.56271,327.76,0.65,0.73,2026-09-28,608,N,VIIRS,n,2.0NRT,291.45,4.75,D
25.32599,97.19619,328.27,0.44,0.62,2026-09-28,608,N,VIIRS,n,2.0NRT,292.5,1.92,D
25.86755,96.63997,327.61,0.46,0.63,2026-09-28,608,N,VIIRS,n,2.0NRT,292.15,3.44,D
8.04082,81.00126,336.36,0.48,0.48,2026-09-28,744,N,VIIRS,n,2.0NRT,293.01,6.13,D
8.15792,80.9787,335.84,0.48,0.48,2026-09-28,744,N,VIIRS,n,2.0NRT,296.91,4.74,D
8.19681,80.99416,336.36,0.47,0.48,2026-09-28,744,N,VIIRS,n,2.0NRT,296.39,7.16,D
8.21808,80.90626,334.98,0.48,0.48,2026-09-28,744,N,VIIRS,n,2.0NRT,298.12,4.94,D
8.24614,80.43474,337.67,0.52,0.5,2026-09-28,744,N,VIIRS,n,2.0NRT,296.23,4.21,D
8.29329,80.79209,341.83,0.49,0.48,2026-09-28,744,N,VIIRS,n,2.0NRT,298.48,5.26,D
8.37365,81.23811,348.12,0.45,0.47,2026-09-28,744,N,VIIRS,n,2.0NRT,300.28,10.38,D
8.37713,81.25864,343.08,0.45,0.47,2026-09-28,744,N,VIIRS,n,2.0NRT,299.96,7.74,D
8.38337,81.2955,331.89,0.45,0.47,2026-09-28,744,N,VIIRS,n,2.0NRT,298.77,2.32,D
8.41026,81.08246,333.09,0.46,0.47,2026-09-28,744,N,VIIRS,n,2.0NRT,299.49,5.24,D
8.42232,80.55486,332.4,0.5,0.49,2026-09-28,744,N,VIIRS,n,2.0NRT,296.13,5.16,D
8.61397,80.66674,342.19,0.49,0.49,2026-09-28,744,N,VIIRS,n,2.0NRT,297.14,7.53,D
8.65048,80.67558,336.73,0.49,0.49,2026-09-28,744,N,VIIRS,n,2.0NRT,295.98,4.25,D
8.66494,80.73196,341.77,0.48,0.48,2026-09-28,744,N,VIIRS,n,2.0NRT,297.52,6.52,D
8.67816,80.48966,337.45,0.5,0.49,2026-09-28,744,N,VIIRS,n,2.0NRT,296.5,4.9,D
8.69709,77.51517,331.11,0.4,0.6,2026-09-28,744,N,VIIRS,n,2.0NRT,290.78,5.98,D
8.70817,80.47501,330.62,0.5,0.49,2026-09-28,744,N,VIIRS,n,2.0NRT,298.79,8.59,D
8.70867,80.47269,334.81,0.5,0.49,2026-09-28,744,N,VIIRS,n,2.0NRT,298.92,7.15,D
8.74549,80.70641,330.57,0.49,0.48,2026-09-28,744,N,VIIRS,n,2.0NRT,294.43,3.67,D
8.77105,80.45731,331.18,0.5,0.49,2026-09-28,744,N,VIIRS,n,2.0NRT,300.1,3.54,D
8.77566,80.07923,334.28,0.53,0.5,2026-09-28,744,N,VIIRS,n,2.0NRT,297.63,6.23,D
9.03807,79.86861,330.74,0.55,0.51,2026-09-28,744,N,VIIRS,n,2.0NRT,297.73,2.56,D
9.07961,80.12665,332.62,0.52,0.5,2026-09-28,744,N,VIIRS,n,2.0NRT,297.45,5.31,D
9.08099,80.1285,338.58,0.52,0.5,2026-09-28,744,N,VIIRS,n,2.0NRT,297.43,3.97,D
9.333,78.94403,330.32,0.62,0.54,2026-09-28,744,N,VIIRS,n,2.0NRT,296.01,3.74,D
9.33427,78.83755,332.87,0.63,0.54,2026-09-28,744,N,VIIRS,n,2.0NRT,294.59,4.45,D
9.36371,78.94433,341.7,0.62,0.54,2026-09-28,744,N,VIIRS,n,2.0NRT,296.3,4.61,D
9.44398,77.95945,336.34,0.36,0.57,2026-09-28,744,N,VIIRS,n,2.0NRT,287.98,2.63,D
9.447,78.21081,334.77,0.35,0.56,2026-09-28,744,N,VIIRS,n,2.0NRT,293.34,3.52,D
9.6405,77.97004,342.45,0.36,0.57,2026-09-28,744,N,VIIRS,n,2.0NRT,291.46,4.22,D
10.66816,77.46878,332.94,0.37,0.58,2026-09-28,744,N,VIIRS,n,2.0NRT,294.73,3.85,D
10.68109,77.96939,332.36,0.34,0.56,2026-09-28,744,N,VIIRS,n,2.0NRT,296.48,2.3,D
10.89177,78.35384,332.75,0.32,0.55,2026-09-28,744,N,VIIRS,n,2.0NRT,294.26,2.01,D
11.13729,78.48811,349.04,0.62,0.54,2026-09-28,744,N,VIIRS,n,2.0NRT,296.33,7.89,D
12.00963,76.53253,331.92,0.41,0.6,2026-09-28,744,N,VIIRS,n,2.0NRT,294.52,3.06,D
12.76423,76.9374,338.02,0.37,0.58,2026-09-28,744,N,VIIRS,n,2.0NRT,291.75,2.85,D
12.91495,79.34685,332.66,0.51,0.49,2026-09-28,744,N,VIIRS,n,2.0NRT,293.63,2.88,D
13.23603,77.89815,345.8,0.63,0.54,2026-09-28,744,N,VIIRS,n,2.0NRT,290.11,11.74,D
14.0275,79.96416,335.84,0.44,0.46,2026-09-28,744,N,VIIRS,n,2.0NRT,304.4,2.86,D
14.23568,80.06371,330.26,0.43,0.46,2026-09-28,744,N,VIIRS,l,2.0NRT,301.42,3.75,D
14.29826,79.28484,330.43,0.49,0.48,2026-09-28,744,N,VIIRS,n,2.0NRT,297.66,2.61,D
14.32081,76.63543,340.06,0.36,0.58,2026-09-28,746,N,VIIRS,n,2.0NRT,295.34,3.41,D
14.57975,79.09885,332.91,0.49,0.49,2026-09-28,746,N,VIIRS,n,2.0NRT,300.92,4.93,D
14.69401,79.62417,332.48,0.45,0.47,2026-09-28,746,N,VIIRS,l,2.0NRT,303.6,5.84,D
14.87676,79.63074,331.87,0.45,0.47,2026-09-28,746,N,VIIRS,l,2.0NRT,304.56,2.56,D
14.89014,79.31088,334.61,0.47,0.48,2026-09-28,746,N,VIIRS,n,2.0NRT,300.24,4.21,D
15.12613,79.61445,330.62,0.45,0.47,2026-09-28,746,N,VIIRS,l,2.0NRT,305.57,3.79,D
15.12689,79.61869,342.34,0.45,0.47,2026-09-28,746,N,VIIRS,n,2.0NRT,307.39,3.79,D
15.17535,76.82766,334.61,0.34,0.56,2026-09-28,746,N,VIIRS,n,2.0NRT,299.81,2.25,D
15.17702,76.82719,337.43,0.34,0.56,2026-09-28,746,N,VIIRS,n,2.0NRT,300.71,2.2,D
15.1825,76.66729,354.64,0.35,0.56,2026-09-28,746,N,VIIRS,n,2.0NRT,296.93,5.46,D
15.18569,76.68328,367,0.35,0.56,2026-09-28,746,N,VIIRS,h,2.0NRT,298.68,9.38,D
15.52672,79.52769,337.64,0.45,0.47,2026-09-28,746,N,VIIRS,n,2.0NRT,305.56,1.19,D
15.86964,80.59728,335.04,0.57,0.43,2026-09-28,746,N,VIIRS,n,2.0NRT,304.95,7.55,D
15.9706,76.65162,344.01,0.34,0.56,2026-09-28,746,N,VIIRS,n,2.0NRT,299.44,3.46,D
16.04207,79.25441,341.15,0.45,0.47,2026-09-28,746,N,VIIRS,n,2.0NRT,305.03,3.92,D
16.38614,79.45142,334.09,0.44,0.46,2026-09-28,746,N,VIIRS,n,2.0NRT,302.65,1.91,D
16.45218,79.57574,330.21,0.43,0.46,2026-09-28,746,N,VIIRS,l,2.0NRT,304.68,1.42,D
16.50562,79.7203,332.03,0.42,0.45,2026-09-28,746,N,VIIRS,l,2.0NRT,306.01,2.74,D
16.9259,80.86037,335.69,0.53,0.42,2026-09-28,746,N,VIIRS,n,2.0NRT,300.99,3.59,D
17.03716,81.56885,335.74,0.49,0.4,2026-09-28,746,N,VIIRS,n,2.0NRT,304.34,3.14,D
17.43476,74.96577,333.21,0.41,0.6,2026-09-28,746,N,VIIRS,n,2.0NRT,293.82,5.12,D
17.60835,83.20283,332.33,0.41,0.37,2026-09-28,746,N,VIIRS,l,2.0NRT,302.72,2.81,D
17.61238,83.20608,333.44,0.41,0.37,2026-09-28,746,N,VIIRS,n,2.0NRT,303,2.81,D
17.87413,75.50747,333.77,0.37,0.58,2026-09-28,746,N,VIIRS,n,2.0NRT,297.43,5.75,D
20.70101,78.62072,334.32,0.41,0.45,2026-09-28,746,N,VIIRS,l,2.0NRT,305.62,3.59,D
20.78595,85.26141,332.81,0.39,0.36,2026-09-28,746,N,VIIRS,n,2.0NRT,302.15,7.66,D
20.86419,84.98927,349,0.39,0.36,2026-09-28,746,N,VIIRS,n,2.0NRT,303.32,4.41,D
20.86474,84.99297,338.28,0.39,0.36,2026-09-28,746,N,VIIRS,n,2.0NRT,302.68,4.41,D
20.96214,85.18973,339.47,0.39,0.36,2026-09-28,746,N,VIIRS,n,2.0NRT,302.22,6.11,D
20.97999,85.13354,330.01,0.39,0.36,2026-09-28,746,N,VIIRS,n,2.0NRT,299.02,3.5,D
21.07747,85.03692,339.33,0.39,0.36,2026-09-28,746,N,VIIRS,n,2.0NRT,305.53,5.08,D
21.08079,85.03635,338.49,0.39,0.36,2026-09-28,746,N,VIIRS,n,2.0NRT,302.67,5.08,D
21.12929,75.82362,345.2,0.6,0.53,2026-09-28,746,N,VIIRS,n,2.0NRT,303.55,7.86,D
21.16188,76.03098,342.45,0.59,0.53,2026-09-28,746,N,VIIRS,n,2.0NRT,302.07,5.08,D
21.27754,81.58414,330.55,0.43,0.38,2026-09-28,746,N,VIIRS,l,2.0NRT,301.49,3.52,D
21.75244,83.97508,336.9,0.38,0.36,2026-09-28,746,N,VIIRS,n,2.0NRT,305.61,3.61,D
21.76588,84.01825,331.91,0.38,0.36,2026-09-28,746,N,VIIRS,l,2.0NRT,306.58,4.27,D
21.985,83.2336,335.4,0.39,0.36,2026-09-28,746,N,VIIRS,n,2.0NRT,304.37,4.2,D
22.03975,83.72932,340.03,0.38,0.36,2026-09-28,746,N,VIIRS,n,2.0NRT,305.51,7.11,D
22.04305,83.72873,332.89,0.38,0.36,2026-09-28,746,N,VIIRS,n,2.0NRT,302.74,4.85,D
22.05243,88.12487,333.53,0.5,0.41,2026-09-28,746,N,VIIRS,n,2.0NRT,303.38,1.33,D
22.2085,84.86273,336.81,0.39,0.36,2026-09-28,746,N,VIIRS,n,2.0NRT,304.82,2.62,D
22.21182,84.86216,331.36,0.39,0.36,2026-09-28,746,N,VIIRS,l,2.0NRT,304.05,2.62,D
22.33164,82.60514,329.12,0.4,0.37,2026-09-28,746,N,VIIRS,n,2.0NRT,301.48,2.08,D
22.35844,82.30193,345.28,0.4,0.37,2026-09-28,746,N,VIIRS,n,2.0NRT,304.38,8.64,D
22.36481,87.30007,334.43,0.46,0.39,2026-09-28,746,N,VIIRS,n,2.0NRT,302.79,3.48,D
22.36841,87.29951,335.6,0.46,0.39,2026-09-28,746,N,VIIRS,n,2.0NRT,300.58,3.48,D
22.37688,87.28002,345.46,0.46,0.39,2026-09-28,746,N,VIIRS,n,2.0NRT,304.46,9.18,D
22.79591,86.20544,332.27,0.42,0.38,2026-09-28,746,N,VIIRS,n,2.0NRT,302.17,3.13,D
22.79648,86.20955,334.13,0.42,0.38,2026-09-28,746,N,VIIRS,n,2.0NRT,301.62,3.13,D
22.7988,86.20081,337.11,0.42,0.38,2026-09-28,746,N,VIIRS,n,2.0NRT,302.77,3.68,D
22.93476,94.07957,336.77,0.39,0.59,2026-09-28,746,N,VIIRS,n,2.0NRT,293.05,5.57,D
23.16769,82.34258,331.29,0.4,0.37,2026-09-28,748,N,VIIRS,n,2.0NRT,301.25,3.88,D
23.40053,77.45398,340.88,0.44,0.46,2026-09-28,748,N,VIIRS,n,2.0NRT,300.39,7.27,D
23.55931,87.23938,331.72,0.47,0.4,2026-09-28,748,N,VIIRS,n,2.0NRT,297.47,4.89,D
23.64887,85.43633,332.34,0.4,0.37,2026-09-28,748,N,VIIRS,n,2.0NRT,300.8,3.89,D
23.67127,86.9371,337.18,0.46,0.39,2026-09-28,748,N,VIIRS,n,2.0NRT,299.52,4.79,D
23.69224,87.12282,333.92,0.46,0.39,2026-09-28,748,N,VIIRS,n,2.0NRT,301.56,7.32,D
23.77256,86.19843,330.82,0.43,0.38,2026-09-28,748,N,VIIRS,l,2.0NRT,302.8,3.41,D
23.77777,86.21042,337.95,0.43,0.38,2026-09-28,748,N,VIIRS,n,2.0NRT,306.11,5.47,D
23.78125,86.20984,345.67,0.43,0.38,2026-09-28,748,N,VIIRS,n,2.0NRT,305.92,5.47,D
24.19794,82.71525,332.65,0.39,0.36,2026-09-28,748,N,VIIRS,n,2.0NRT,300.91,2.57,D
25.13136,97.25086,327.76,0.65,0.73,2026-09-28,748,N,VIIRS,n,2.0NRT,290.81,2.74,D
25.22347,97.28902,336.33,0.66,0.73,2026-09-28,748,N,VIIRS,n,2.0NRT,290.97,5.75,D
25.22975,97.29124,367,0.66,0.73,2026-09-28,748,N,VIIRS,h,2.0NRT,291.75,29.81,D
25.2303,97.2885,367,0.66,0.73,2026-09-28,748,N,VIIRS,h,2.0NRT,291.6,15.05,D
26.46026,93.76995,330.06,0.41,0.61,2026-09-28,748,N,VIIRS,n,2.0NRT,292.2,2.38,D
28.05617,96.99072,339.28,0.67,0.73,2026-09-28,748,N,VIIRS,n,2.0NRT,288.47,13.29,D
28.05681,96.99042,339.01,0.67,0.74,2026-09-28,748,N,VIIRS,n,2.0NRT,286.61,8.72,D
26.23504,68.3911,339.02,0.66,0.73,2026-09-28,750,N,VIIRS,n,2.0NRT,298.79,6.17,D
27.41732,70.83611,331.95,0.45,0.63,2026-09-28,750,N,VIIRS,n,2.0NRT,298.48,2.37,D
31.78734,75.03967,325.05,0.42,0.45,2026-09-28,750,N,VIIRS,n,2.0NRT,297.36,1.63,D
31.93182,75.06355,331.74,0.41,0.45,2026-09-28,750,N,VIIRS,n,2.0NRT,294.25,2.97,D
31.94129,74.20599,326.25,0.46,0.47,2026-09-28,750,N,VIIRS,n,2.0NRT,295.98,1.66,D
31.94675,74.1892,331.91,0.46,0.47,2026-09-28,750,N,VIIRS,n,2.0NRT,294.13,2.13,D
23.93846,70.18708,334.69,0.5,0.66,2026-09-28,928,N,VIIRS,n,2.0NRT,295.63,4.1,D
27.32684,95.27451,302.97,0.77,0.77,2026-09-28,1832,N,VIIRS,n,2.0NRT,288.33,0.57,N
27.45858,95.47722,303.99,0.75,0.77,2026-09-28,1832,N,VIIRS,n,2.0NRT,288.36,0.33,N
27.46379,95.47516,302.73,0.75,0.77,2026-09-28,1832,N,VIIRS,n,2.0NRT,288.11,0.55,N
30.06622,96.97771,296.5,0.65,0.73,2026-09-28,1832,N,VIIRS,n,2.0NRT,285.94,1.81,N
30.95067,97.36311,295.09,0.38,0.59,2026-09-28,2012,N,VIIRS,n,2.0NRT,283.09,0.69,N
33.29572,71.18333,299.86,0.72,0.75,2026-09-28,2012,N,VIIRS,n,2.0NRT,285.8,0.45,N
34.38111,73.46901,296.3,0.54,0.68,2026-09-28,2012,N,VIIRS,n,2.0NRT,284.08,0.78,N
34.38746,73.46972,323.07,0.54,0.68,2026-09-28,2012,N,VIIRS,n,2.0NRT,284.51,2.9,N
23.55364,87.24442,313.95,0.44,0.38,2026-09-28,2014,N,VIIRS,n,2.0NRT,293.32,3.8,N
23.55788,87.24091,309.34,0.44,0.38,2026-09-28,2014,N,VIIRS,n,2.0NRT,292.75,3.69,N
23.55937,87.23244,309.21,0.44,0.38,2026-09-28,2014,N,VIIRS,n,2.0NRT,293.42,3.25,N
23.56017,87.08411,305.55,0.43,0.38,2026-09-28,2014,N,VIIRS,n,2.0NRT,285.82,2.59,N
23.61052,87.14674,308.53,0.43,0.38,2026-09-28,2014,N,VIIRS,n,2.0NRT,292.48,2.01,N
23.61927,86.88972,300.4,0.42,0.38,2026-09-28,2014,N,VIIRS,n,2.0NRT,287.02,0.22,N
23.63271,86.8328,305.37,0.42,0.38,2026-09-28,2014,N,VIIRS,n,2.0NRT,292.27,0.5,N
23.66323,87.15658,323.89,0.43,0.38,2026-09-28,2014,N,VIIRS,n,2.0NRT,294.95,2.02,N
23.66397,87.15239,314.78,0.43,0.38,2026-09-28,2014,N,VIIRS,n,2.0NRT,295,2.02,N
23.66542,86.91959,317.68,0.42,0.38,2026-09-28,2014,N,VIIRS,n,2.0NRT,294.59,2.09,N
23.66597,87.1615,310.87,0.43,0.38,2026-09-28,2014,N,VIIRS,n,2.0NRT,293.99,2.31,N
23.66614,86.91547,309.69,0.42,0.38,2026-09-28,2014,N,VIIRS,n,2.0NRT,293.62,2.07,N
23.66671,87.1573,314.21,0.43,0.38,2026-09-28,2014,N,VIIRS,n,2.0NRT,294.67,2.02,N
23.66887,86.9203,312.57,0.42,0.38,2026-09-28,2014,N,VIIRS,n,2.0NRT,293.93,1.94,N
23.6696,86.91618,330.02,0.42,0.38,2026-09-28,2014,N,VIIRS,n,2.0NRT,294.21,3.41,N
23.67503,86.40231,313.09,0.41,0.37,2026-09-28,2014,N,VIIRS,n,2.0NRT,295.9,2.74,N
23.67571,86.39832,318.41,0.41,0.37,2026-09-28,2014,N,VIIRS,n,2.0NRT,296.31,2.46,N
23.6764,86.39433,315.36,0.41,0.37,2026-09-28,2014,N,VIIRS,n,2.0NRT,294.87,2.46,N
23.67911,86.39899,319.7,0.41,0.37,2026-09-28,2014,N,VIIRS,n,2.0NRT,296.95,1.93,N
23.67979,86.395,314.28,0.41,0.37,2026-09-28,2014,N,VIIRS,n,2.0NRT,295.62,1.93,N
23.68232,87.13007,311.16,0.43,0.38,2026-09-28,2014,N,VIIRS,n,2.0NRT,295.01,1.65,N
23.68319,86.39568,323.49,0.41,0.37,2026-09-28,2014,N,VIIRS,n,2.0NRT,296.72,1.93,N
23.68387,86.39172,317.46,0.41,0.37,2026-09-28,2014,N,VIIRS,n,2.0NRT,295.57,3.57,N
23.68726,87.1224,323.59,0.43,0.38,2026-09-28,2014,N,VIIRS,n,2.0NRT,296.4,3.42,N
23.68727,86.39239,314.74,0.41,0.37,2026-09-28,2014,N,VIIRS,n,2.0NRT,295.08,2.32,N
23.69074,87.12312,315.01,0.43,0.38,2026-09-28,2014,N,VIIRS,n,2.0NRT,295.52,1.57,N
23.69093,87.10142,308.39,0.43,0.38,2026-09-28,2014,N,VIIRS,n,2.0NRT,295.12,2.98,N
23.69294,87.11052,312.33,0.43,0.38,2026-09-28,2014,N,VIIRS,n,2.0NRT,295.18,2.82,N
23.69422,87.12383,317.74,0.43,0.38,2026-09-28,2014,N,VIIRS,n,2.0NRT,295.94,1.57,N
23.69568,87.11543,306.68,0.43,0.38,2026-09-28,2014,N,VIIRS,n,2.0NRT,294.97,3.09,N
23.69587,87.09376,312.85,0.43,0.38,2026-09-28,2014,N,VIIRS,n,2.0NRT,294.94,2.47,N
23.70901,86.45035,306.04,0.41,0.37,2026-09-28,2014,N,VIIRS,n,2.0NRT,292.94,0.89,N
23.71241,86.45102,323.24,0.41,0.37,2026-09-28,2014,N,VIIRS,n,2.0NRT,294.72,2.4,N
23.71309,86.44704,306.87,0.41,0.37,2026-09-28,2014,N,VIIRS,n,2.0NRT,293.13,1.02,N
23.71376,86.42243,311.67,0.41,0.37,2026-09-28,2014,N,VIIRS,n,2.0NRT,292.91,1.42,N
23.71648,86.42711,308.53,0.41,0.37,2026-09-28,2014,N,VIIRS,n,2.0NRT,293.09,1.33,N
23.71717,86.44373,308.56,0.41,0.37,2026-09-28,2014,N,VIIRS,n,2.0NRT,293.5,1.02,N
23.71784,86.43974,306.5,0.41,0.37,2026-09-28,2014,N,VIIRS,n,2.0NRT,292.57,1.12,N
23.72463,86.42049,305.99,0.41,0.37,2026-09-28,2014,N,VIIRS,n,2.0NRT,291.47,1.56,N
23.72465,86.44111,309.62,0.41,0.37,2026-09-28,2014,N,VIIRS,n,2.0NRT,294.51,2.25,N
23.73586,86.43446,326.22,0.41,0.37,2026-09-28,2014,N,VIIRS,n,2.0NRT,295.52,2.53,N
23.73655,86.43048,315.22,0.41,0.37,2026-09-28,2014,N,VIIRS,n,2.0NRT,294.49,2.53,N
23.73926,86.43515,322.43,0.41,0.37,2026-09-28,2014,N,VIIRS,n,2.0NRT,295.09,2.64,N
23.74949,86.41659,309.01,0.41,0.37,2026-09-28,2014,N,VIIRS,n,2.0NRT,293,1.34,N
23.75289,86.41726,311.1,0.41,0.37,2026-09-28,2014,N,VIIRS,n,2.0NRT,293.88,1.34,N
23.75403,85.85456,315.21,0.4,0.37,2026-09-28,2014,N,VIIRS,n,2.0NRT,294.79,1.97,N
23.75738,85.85522,311.98,0.4,0.37,2026-09-28,2014,N,VIIRS,n,2.0NRT,294.79,1.21,N
23.75803,85.85135,307.42,0.4,0.37,2026-09-28,2014,N,VIIRS,n,2.0NRT,293.66,1.21,N
23.75834,86.40601,310.69,0.41,0.37,2026-09-28,2014,N,VIIRS,n,2.0NRT,292.48,2.45,N
23.75902,86.40204,326.86,0.41,0.37,2026-09-28,2014,N,VIIRS,n,2.0NRT,292.61,2.45,N
23.76242,86.40271,333.83,0.41,0.37,2026-09-28,2014,N,VIIRS,n,2.0NRT,294.07,2.45,N
23.7631,86.39875,308.67,0.41,0.37,2026-09-28,2014,N,VIIRS,n,2.0NRT,293.22,1.63,N
23.76378,86.39478,309.63,0.41,0.37,2026-09-28,2014,N,VIIRS,n,2.0NRT,292.95,1.63,N
23.76581,86.4034,330.15,0.41,0.37,2026-09-28,2014,N,VIIRS,n,2.0NRT,294.93,2.41,N
23.76921,86.40408,312.62,0.41,0.37,2026-09-28,2014,N,VIIRS,n,2.0NRT,293.56,2.41,N
23.76989,86.40011,305.86,0.41,0.37,2026-09-28,2014,N,VIIRS,n,2.0NRT,293.28,2.63,N
23.77263,86.36367,320.16,0.41,0.37,2026-09-28,2014,N,VIIRS,n,2.0NRT,292.93,2.04,N
23.77264,86.20028,307.49,0.4,0.37,2026-09-28,2014,N,VIIRS,n,2.0NRT,294.45,1.98,N
23.77294,86.19678,325.4,0.4,0.37,2026-09-28,2014,N,VIIRS,n,2.0NRT,295.03,3.14,N
23.77332,86.19633,323.75,0.4,0.37,2026-09-28,2014,N,VIIRS,n,2.0NRT,294.77,2.68,N
23.77467,86.2088,306.27,0.4,0.37,2026-09-28,2014,N,VIIRS,n,2.0NRT,294.54,1.58,N
23.77601,86.38486,306.32,0.41,0.37,2026-09-28,2014,N,VIIRS,n,2.0NRT,293.38,1.41,N
23.77602,86.36436,318.06,0.41,0.37,2026-09-28,2014,N,VIIRS,n,2.0NRT,294.96,2.04,N
23.77805,86.20947,327.37,0.4,0.37,2026-09-28,2014,N,VIIRS,n,2.0NRT,296.79,3.32,N
23.77872,86.20553,311.28,0.4,0.37,2026-09-28,2014,N,VIIRS,n,2.0NRT,295.32,2.21,N
23.77873,86.38952,327.59,0.41,0.37,2026-09-28,2014,N,VIIRS,n,2.0NRT,295.56,3.77,N
23.77874,86.34852,309.87,0.41,0.37,2026-09-28,2014,N,VIIRS,n,2.0NRT,293.36,1.35,N
23.78143,86.21013,335.85,0.4,0.37,2026-09-28,2014,N,VIIRS,n,2.0NRT,296.9,3.32,N
23.78144,86.39417,307.57,0.41,0.37,2026-09-28,2014,N,VIIRS,n,2.0NRT,294.33,0.84,N
23.78145,86.37364,313.84,0.41,0.37,2026-09-28,2014,N,VIIRS,n,2.0NRT,294.86,2.3,N
23.78212,86.39019,309.53,0.41,0.37,2026-09-28,2014,N,VIIRS,n,2.0NRT,294.17,0.84,N
23.78348,86.34126,309.6,0.41,0.37,2026-09-28,2014,N,VIIRS,n,2.0NRT,294.59,2.04,N
23.79495,86.23321,310.09,0.4,0.37,2026-09-28,2014,N,VIIRS,n,2.0NRT,294.12,0.87,N
23.79568,86.35191,324.98,0.41,0.37,2026-09-28,2014,N,VIIRS,n,2.0NRT,295.43,3,N
23.79634,86.28653,307.36,0.4,0.37,2026-09-28,2014,N,VIIRS,n,2.0NRT,294.31,0.59,N
23.80246,86.33274,315.25,0.41,0.37,2026-09-28,2014,N,VIIRS,n,2.0NRT,295,2.6,N
23.80313,86.32877,334.15,0.41,0.37,2026-09-28,2014,N,VIIRS,n,2.0NRT,297.45,2.6,N
23.80381,86.32483,307.17,0.41,0.37,2026-09-28,2014,N,VIIRS,n,2.0NRT,295.26,1.81,N
23.80527,86.64237,304.27,0.41,0.37,2026-09-28,2014,N,VIIRS,n,2.0NRT,291.26,0.65,N
23.80566,86.64387,305.17,0.41,0.37,2026-09-28,2014,N,VIIRS,n,2.0NRT,291.31,0.57,N
23.80652,86.32945,316.51,0.41,0.37,2026-09-28,2014,N,VIIRS,n,2.0NRT,296.22,1.62,N
23.81117,85.53251,307.58,0.39,0.36,2026-09-28,2014,N,VIIRS,n,2.0NRT,293.23,0.7,N
23.8235,85.4995,305.7,0.39,0.36,2026-09-28,2014,N,VIIRS,n,2.0NRT,295.08,1.26,N
23.82413,85.49568,306.08,0.39,0.36,2026-09-28,2014,N,VIIRS,n,2.0NRT,295.49,1.19,N
23.83851,85.47095,309.07,0.39,0.36,2026-09-28,2014,N,VIIRS,n,2.0NRT,295.24,1.19,N
23.9269,85.34258,307.93,0.39,0.36,2026-09-28,2014,N,VIIRS,n,2.0NRT,293.16,0.77,N
24.11447,86.86115,312.55,0.42,0.38,2026-09-28,2014,N,VIIRS,n,2.0NRT,295.04,1.14,N
25.03727,87.38943,310.53,0.43,0.38,2026-09-28,2014,N,VIIRS,n,2.0NRT,294.58,1.29,N
25.31033,83.01207,306.53,0.41,0.37,2026-09-28,2014,N,VIIRS,n,2.0NRT,294.89,0.47,N
25.54025,91.23564,300.26,0.43,0.46,2026-09-28,2014,N,VIIRS,n,2.0NRT,288.1,0.43,N
26.64013,79.47669,308.84,0.4,0.44,2026-09-28,2014,N,VIIRS,n,2.0NRT,292.44,1.08,N
27.32618,95.27929,308.63,0.34,0.56,2026-09-28,2014,N,VIIRS,n,2.0NRT,290.8,0.71,N
27.37614,95.08903,305.5,0.33,0.55,2026-09-28,2014,N,VIIRS,n,2.0NRT,290.73,0.29,N
27.37837,95.33486,312.58,0.34,0.56,2026-09-28,2014,N,VIIRS,n,2.0NRT,291.18,0.74,N
27.46024,95.47667,321.74,0.35,0.57,2026-09-28,2014,N,VIIRS,n,2.0NRT,291.09,0.81,N
28.34756,77.23086,304.91,0.57,0.52,2026-09-28,2014,N,VIIRS,n,2.0NRT,290.53,1.22,N
29.08395,88.00978,313.36,0.41,0.37,2026-09-28,2014,N,VIIRS,n,2.0NRT,276.39,1.71,N
29.22443,88.35073,299.21,0.42,0.38,2026-09-28,2014,N,VIIRS,n,2.0NRT,278.6,1.07,N
29.26162,91.92519,297.23,0.4,0.44,2026-09-28,2014,N,VIIRS,n,2.0NRT,283.37,0.39,N
29.37524,91.14954,296.97,0.55,0.42,2026-09-28,2014,N,VIIRS,n,2.0NRT,281.48,1.26,N
29.78619,91.60715,297.77,0.57,0.43,2026-09-28,2014,N,VIIRS,n,2.0NRT,279.81,1.23,N
31.25778,76.92299,302.33,0.32,0.55,2026-09-28,2014,N,VIIRS,n,2.0NRT,285.97,0.55,N
32.57754,72.56148,302.1,0.59,0.7,2026-09-28,2014,N,VIIRS,n,2.0NRT,289.48,1.43,N
17.46311,80.65417,312.29,0.42,0.38,2026-09-28,2017,N,VIIRS,n,2.0NRT,294.55,1.59,N
17.53288,83.00233,316.93,0.38,0.36,2026-09-28,2017,N,VIIRS,n,2.0NRT,294.35,2.12,N
17.58416,80.3184,306.54,0.43,0.38,2026-09-28,2017,N,VIIRS,n,2.0NRT,294.66,0.76,N
17.60452,83.18895,309.24,0.38,0.36,2026-09-28,2017,N,VIIRS,n,2.0NRT,294.22,1.84,N
17.60611,83.20035,310.47,0.38,0.36,2026-09-28,2017,N,VIIRS,n,2.0NRT,293.82,1.76,N
17.60884,83.20452,316.69,0.38,0.36,2026-09-28,2017,N,VIIRS,n,2.0NRT,294.47,1.76,N
17.61216,83.20511,314.95,0.38,0.36,2026-09-28,2017,N,VIIRS,n,2.0NRT,294.1,1.86,N
17.61446,83.19067,306.1,0.38,0.36,2026-09-28,2017,N,VIIRS,n,2.0NRT,293.7,1.72,N
17.95708,80.79752,313.04,0.42,0.38,2026-09-28,2017,N,VIIRS,n,2.0NRT,294.18,1.89,N
17.95766,80.79356,307.06,0.42,0.38,2026-09-28,2017,N,VIIRS,n,2.0NRT,293.26,2.09,N
17.98474,80.82625,309.58,0.42,0.38,2026-09-28,2017,N,VIIRS,n,2.0NRT,294.18,2.48,N
18.6839,73.03446,303.44,0.4,0.6,2026-09-28,2017,N,VIIRS,n,2.0NRT,289.31,2.37,N
18.6843,73.03053,311.71,0.4,0.6,2026-09-28,2017,N,VIIRS,n,2.0NRT,289.07,1.95,N
18.69471,73.03976,305.41,0.4,0.6,2026-09-28,2017,N,VIIRS,n,2.0NRT,288.69,0.58,N
18.72098,79.53907,314.02,0.48,0.4,2026-09-28,2017,N,VIIRS,n,2.0NRT,296.73,2.52,N
19.09062,82.16976,303.59,0.39,0.36,2026-09-28,2017,N,VIIRS,n,2.0NRT,292.65,1.04,N
19.09397,82.17033,331.66,0.39,0.36,2026-09-28,2017,N,VIIRS,n,2.0NRT,295.11,2.68,N
19.09789,82.16715,327.06,0.39,0.36,2026-09-28,2017,N,VIIRS,n,2.0NRT,293.63,3.02,N
19.10124,82.16772,305.21,0.39,0.36,2026-09-28,2017,N,VIIRS,n,2.0NRT,293.55,1.33,N
19.78505,79.14864,306.81,0.52,0.41,2026-09-28,2017,N,VIIRS,n,2.0NRT,295.32,1.38,N
19.96372,79.33511,312.11,0.51,0.41,2026-09-28,2017,N,VIIRS,n,2.0NRT,294.79,2.05,N
20.75938,85.29865,324.92,0.4,0.37,2026-09-28,2017,N,VIIRS,n,2.0NRT,294.87,1.83,N
20.76002,85.29483,311.75,0.4,0.37,2026-09-28,2017,N,VIIRS,n,2.0NRT,294.02,1.83,N
20.76065,85.29102,311.91,0.4,0.37,2026-09-28,2017,N,VIIRS,n,2.0NRT,293.57,1.18,N
20.77427,85.3402,305.56,0.4,0.37,2026-09-28,2017,N,VIIRS,n,2.0NRT,293.06,0.85,N
20.78383,85.26303,307.66,0.4,0.37,2026-09-28,2017,N,VIIRS,n,2.0NRT,293.62,1.89,N
20.78512,85.25539,307.3,0.4,0.37,2026-09-28,2017,N,VIIRS,n,2.0NRT,293.77,1.44,N
20.78655,85.26749,311.91,0.4,0.37,2026-09-28,2017,N,VIIRS,n,2.0NRT,294.18,1.27,N
20.78784,85.25984,315.46,0.4,0.37,2026-09-28,2017,N,VIIRS,n,2.0NRT,294.41,1.75,N
20.79121,85.26048,309.84,0.4,0.37,2026-09-28,2017,N,VIIRS,n,2.0NRT,294.48,1.75,N
20.7925,85.25282,327.5,0.4,0.37,2026-09-28,2017,N,VIIRS,n,2.0NRT,293.32,4.84,N
20.79522,85.25728,308.29,0.4,0.37,2026-09-28,2017,N,VIIRS,n,2.0NRT,293.15,3.48,N
20.79587,85.25346,345.25,0.4,0.37,2026-09-28,2017,N,VIIRS,n,2.0NRT,295.04,3.48,N
20.79859,85.25793,329.6,0.4,0.37,2026-09-28,2017,N,VIIRS,n,2.0NRT,293.68,3.48,N
20.80532,85.25921,312.25,0.4,0.37,2026-09-28,2017,N,VIIRS,n,2.0NRT,293.75,1.61,N
20.80596,85.25539,317.12,0.4,0.37,2026-09-28,2017,N,VIIRS,n,2.0NRT,294.62,1.61,N
20.80933,85.25603,313.82,0.4,0.37,2026-09-28,2017,N,VIIRS,n,2.0NRT,294.23,1.68,N
20.86316,84.99596,317.8,0.39,0.37,2026-09-28,2017,N,VIIRS,n,2.0NRT,293.3,1.67,N
20.86379,84.99218,318.89,0.39,0.37,2026-09-28,2017,N,VIIRS,n,2.0NRT,294.4,1.67,N
20.86442,84.9884,337.74,0.39,0.37,2026-09-28,2017,N,VIIRS,n,2.0NRT,295.43,3.98,N
20.86651,84.99659,314.34,0.39,0.37,2026-09-28,2017,N,VIIRS,n,2.0NRT,294.07,2.8,N
20.86777,84.989,314.34,0.39,0.37,2026-09-28,2017,N,VIIRS,n,2.0NRT,294.98,1.45,N
20.87446,84.99026,304.99,0.39,0.37,2026-09-28,2017,N,VIIRS,n,2.0NRT,292.58,0.86,N
20.88574,84.98464,319.44,0.39,0.36,2026-09-28,2017,N,VIIRS,n,2.0NRT,293.81,1.94,N
20.88636,84.98087,317.39,0.39,0.36,2026-09-28,2017,N,VIIRS,n,2.0NRT,293.49,1.94,N
20.88971,84.9815,332.22,0.39,0.36,2026-09-28,2017,N,VIIRS,n,2.0NRT,294.04,3.83,N
20.94245,86.06287,315.31,0.42,0.38,2026-09-28,2017,N,VIIRS,n,2.0NRT,294.52,2.81,N
20.95277,86.04405,331.78,0.42,0.38,2026-09-28,2017,N,VIIRS,n,2.0NRT,294.12,4.43,N
20.955,85.01239,308.57,0.39,0.37,2026-09-28,2017,N,VIIRS,n,2.0NRT,293.97,1.87,N
20.95553,86.04874,307.77,0.42,0.38,2026-09-28,2017,N,VIIRS,n,2.0NRT,294.29,2.13,N
20.95835,85.01302,306.74,0.39,0.37,2026-09-28,2017,N,VIIRS,n,2.0NRT,294.48,1.64,N
20.96076,85.18537,307.06,0.4,0.37,2026-09-28,2017,N,VIIRS,n,2.0NRT,294.27,1.72,N
20.96235,86.00869,329.72,0.42,0.38,2026-09-28,2017,N,VIIRS,n,2.0NRT,293.9,2.5,N
20.96266,85.17397,323.63,0.4,0.37,2026-09-28,2017,N,VIIRS,n,2.0NRT,294.95,3.06,N
20.96304,86.00468,315.69,0.42,0.38,2026-09-28,2017,N,VIIRS,n,2.0NRT,293.59,3.55,N
20.96329,85.17017,308.94,0.4,0.37,2026-09-28,2017,N,VIIRS,n,2.0NRT,294.53,2.06,N
20.96348,85.18983,334.05,0.4,0.37,2026-09-28,2017,N,VIIRS,n,2.0NRT,296.76,3.66,N
20.96392,85.16637,319.39,0.4,0.37,2026-09-28,2017,N,VIIRS,n,2.0NRT,294.91,2.06,N
20.96412,85.18601,327.88,0.4,0.37,2026-09-28,2017,N,VIIRS,n,2.0NRT,295.3,2.24,N
20.96456,85.16257,311.93,0.4,0.37,2026-09-28,2017,N,VIIRS,n,2.0NRT,294.48,1.88,N
20.96475,85.18221,307.31,0.4,0.37,2026-09-28,2017,N,VIIRS,n,2.0NRT,294.53,2.24,N
20.96511,86.01337,307.86,0.42,0.38,2026-09-28,2017,N,VIIRS,n,2.0NRT,293.61,2.5,N
20.96538,85.17841,312.94,0.4,0.37,2026-09-28,2017,N,VIIRS,n,2.0NRT,294.71,2.45,N
20.96579,86.00937,327.35,0.42,0.38,2026-09-28,2017,N,VIIRS,n,2.0NRT,294.51,2.5,N
20.96582,85.15498,307.2,0.4,0.37,2026-09-28,2017,N,VIIRS,n,2.0NRT,293.35,1.29,N
20.96601,85.17461,309.01,0.4,0.37,2026-09-28,2017,N,VIIRS,n,2.0NRT,294.58,2.45,N
20.96665,85.17081,307.38,0.4,0.37,2026-09-28,2017,N,VIIRS,n,2.0NRT,293.68,1.31,N
20.96728,85.16702,316.95,0.4,0.37,2026-09-28,2017,N,VIIRS,n,2.0NRT,294.28,1.31,N
20.96854,86.01405,326.44,0.42,0.38,2026-09-28,2017,N,VIIRS,n,2.0NRT,295.53,2.77,N
20.96922,86.01006,310.43,0.42,0.38,2026-09-28,2017,N,VIIRS,n,2.0NRT,295.55,2.77,N
20.96937,85.17525,347.04,0.4,0.37,2026-09-28,2017,N,VIIRS,n,2.0NRT,296.49,2.45,N
20.97,85.17145,306.19,0.4,0.37,2026-09-28,2017,N,VIIRS,n,2.0NRT,294.06,1.31,N
20.97058,86.00204,308.99,0.42,0.38,2026-09-28,2017,N,VIIRS,n,2.0NRT,294.1,1.97,N
20.97273,85.17589,312.32,0.4,0.37,2026-09-28,2017,N,VIIRS,n,2.0NRT,294.52,1.41,N
20.97402,86.00272,312.27,0.42,0.38,2026-09-28,2017,N,VIIRS,n,2.0NRT,294.24,1.97,N
20.97631,85.13349,306.7,0.4,0.37,2026-09-28,2017,N,VIIRS,n,2.0NRT,294.48,1.21,N
20.97672,85.17272,322.06,0.4,0.37,2026-09-28,2017,N,VIIRS,n,2.0NRT,294.56,2,N
20.97734,85.16894,315.74,0.4,0.37,2026-09-28,2017,N,VIIRS,n,2.0NRT,294.25,2,N
20.97904,85.13792,308.06,0.4,0.37,2026-09-28,2017,N,VIIRS,n,2.0NRT,294.47,1.37,N
20.97967,85.13412,317.28,0.4,0.37,2026-09-28,2017,N,VIIRS,n,2.0NRT,294.94,2.84,N
20.99801,86.01897,307.86,0.42,0.38,2026-09-28,2017,N,VIIRS,n,2.0NRT,293.6,1.23,N
21.00006,86.02763,307.39,0.42,0.38,2026-09-28,2017,N,VIIRS,n,2.0NRT,293.75,1.21,N
21.05061,72.8506,308.84,0.44,0.62,2026-09-28,2017,N,VIIRS,n,2.0NRT,293.27,1.21,N
21.05644,72.85127,327.65,0.44,0.62,2026-09-28,2017,N,VIIRS,n,2.0NRT,293.19,2.8,N
21.07273,85.04177,305.59,0.39,0.37,2026-09-28,2017,N,VIIRS,n,2.0NRT,293.72,1.86,N
21.07545,85.04617,307.58,0.39,0.37,2026-09-28,2017,N,VIIRS,n,2.0NRT,294.48,1.8,N
21.07608,85.0424,312.1,0.39,0.37,2026-09-28,2017,N,VIIRS,n,2.0NRT,293.99,1.63,N
21.07671,85.03863,328.39,0.39,0.36,2026-09-28,2017,N,VIIRS,n,2.0NRT,296.23,1.63,N
21.07733,85.03485,308.59,0.39,0.36,2026-09-28,2017,N,VIIRS,n,2.0NRT,295.32,2.71,N
21.08005,85.03925,307.02,0.39,0.36,2026-09-28,2017,N,VIIRS,n,2.0NRT,294.65,1.63,N
21.08068,85.03549,331.12,0.39,0.36,2026-09-28,2017,N,VIIRS,n,2.0NRT,296.13,2.71,N
21.10026,72.63673,319.74,0.46,0.63,2026-09-28,2017,N,VIIRS,n,2.0NRT,293.21,2.2,N
21.10068,72.63219,318.86,0.46,0.63,2026-09-28,2017,N,VIIRS,n,2.0NRT,293.71,5.14,N
21.10532,72.64635,326.58,0.46,0.63,2026-09-28,2017,N,VIIRS,n,2.0NRT,294.72,4.3,N
21.10575,72.64185,310.98,0.46,0.63,2026-09-28,2017,N,VIIRS,n,2.0NRT,293.29,2.2,N
21.10617,72.63735,305.38,0.46,0.63,2026-09-28,2017,N,VIIRS,n,2.0NRT,294.14,2.2,N
21.10948,72.64446,304.14,0.46,0.63,2026-09-28,2017,N,VIIRS,n,2.0NRT,293.91,0.39,N
21.18039,81.37975,307.35,0.43,0.38,2026-09-28,2017,N,VIIRS,n,2.0NRT,296.46,0.56,N
21.18329,81.38441,312.29,0.43,0.38,2026-09-28,2017,N,VIIRS,n,2.0NRT,297.83,2.95,N
21.18388,81.3803,307.83,0.43,0.38,2026-09-28,2017,N,VIIRS,n,2.0NRT,296.45,0.56,N
21.19199,81.39841,306.79,0.43,0.38,2026-09-28,2017,N,VIIRS,n,2.0NRT,296.56,1.13,N
21.19316,81.39023,310.9,0.43,0.38,2026-09-28,2017,N,VIIRS,n,2.0NRT,298.17,0.97,N
21.23426,79.62821,308.07,0.51,0.41,2026-09-28,2017,N,VIIRS,n,2.0NRT,295.93,1.66,N
21.24234,79.22671,307.19,0.53,0.42,2026-09-28,2017,N,VIIRS,n,2.0NRT,295.99,1.36,N
21.24364,79.22328,312.65,0.53,0.42,2026-09-28,2017,N,VIIRS,n,2.0NRT,296.33,1.71,N
21.24691,79.22212,306.28,0.53,0.42,2026-09-28,2017,N,VIIRS,n,2.0NRT,296.14,1.36,N
21.29834,81.6058,309.29,0.42,0.38,2026-09-28,2017,N,VIIRS,n,2.0NRT,296.03,0.56,N
21.31106,81.59132,311.34,0.42,0.38,2026-09-28,2017,N,VIIRS,n,2.0NRT,297.67,1.15,N
21.33594,78.9688,317.67,0.55,0.43,2026-09-28,2017,N,VIIRS,n,2.0NRT,295.84,2.97,N
21.3419,81.67077,306.55,0.42,0.37,2026-09-28,2017,N,VIIRS,n,2.0NRT,295.95,0.8,N
21.36442,81.65263,309.7,0.42,0.38,2026-09-28,2017,N,VIIRS,n,2.0NRT,297.34,0.78,N
21.37475,81.67912,312.82,0.42,0.37,2026-09-28,2017,N,VIIRS,n,2.0NRT,297.35,1.83,N
21.37653,81.64223,310.66,0.42,0.38,2026-09-28,2017,N,VIIRS,n,2.0NRT,297.52,1.4,N
21.45766,81.80244,307.26,0.41,0.37,2026-09-28,2017,N,VIIRS,n,2.0NRT,296.86,0.6,N
21.48696,81.77039,309.7,0.42,0.37,2026-09-28,2017,N,VIIRS,n,2.0NRT,297.33,0.62,N
21.60475,81.82591,306.58,0.41,0.37,2026-09-28,2017,N,VIIRS,n,2.0NRT,296.57,0.59,N
21.67246,84.04279,306.41,0.38,0.36,2026-09-28,2017,N,VIIRS,n,2.0NRT,293.82,0.81,N
21.67635,84.0397,307.14,0.38,0.36,2026-09-28,2017,N,VIIRS,n,2.0NRT,293.34,1.03,N
21.67694,84.036,305.14,0.38,0.36,2026-09-28,2017,N,VIIRS,n,2.0NRT,293,1.03,N
21.67966,84.04029,318.02,0.38,0.36,2026-09-28,2017,N,VIIRS,n,2.0NRT,295.25,2.79,N
21.71333,84.04262,305.64,0.38,0.36,2026-09-28,2017,N,VIIRS,n,2.0NRT,292.98,0.51,N
21.73232,82.21436,308.07,0.41,0.37,2026-09-28,2017,N,VIIRS,n,2.0NRT,296.08,0.93,N
21.7383,83.84177,311.12,0.38,0.36,2026-09-28,2017,N,VIIRS,n,2.0NRT,295.73,1.15,N
21.74161,83.84237,312.19,0.38,0.36,2026-09-28,2017,N,VIIRS,n,2.0NRT,296.08,1.15,N
21.74492,83.84296,309.73,0.38,0.36,2026-09-28,2017,N,VIIRS,n,2.0NRT,295.77,2.04,N
21.74824,83.84354,335.3,0.38,0.36,2026-09-28,2017,N,VIIRS,n,2.0NRT,297.29,2.04,N
21.75084,83.97321,328.65,0.38,0.36,2026-09-28,2017,N,VIIRS,n,2.0NRT,295.61,3.31,N
21.75315,84.02308,319.08,0.38,0.36,2026-09-28,2017,N,VIIRS,n,2.0NRT,294.49,1.99,N
21.75485,83.84476,331.46,0.38,0.36,2026-09-28,2017,N,VIIRS,n,2.0NRT,297.27,2.84,N
21.75646,84.02368,311.25,0.38,0.36,2026-09-28,2017,N,VIIRS,n,2.0NRT,295.45,2.4,N
21.75893,83.81886,307.04,0.38,0.36,2026-09-28,2017,N,VIIRS,n,2.0NRT,295.03,1,N
21.76031,83.85332,309.03,0.38,0.36,2026-09-28,2017,N,VIIRS,n,2.0NRT,294.5,0.94,N
21.76089,83.84963,313.61,0.38,0.36,2026-09-28,2017,N,VIIRS,n,2.0NRT,295.27,1.97,N
21.76147,83.84595,316.09,0.38,0.36,2026-09-28,2017,N,VIIRS,n,2.0NRT,295.09,1.97,N
21.76366,84.02119,311.89,0.38,0.36,2026-09-28,2017,N,VIIRS,n,2.0NRT,295.65,2.38,N
21.7642,83.85022,320.63,0.38,0.36,2026-09-28,2017,N,VIIRS,n,2.0NRT,296.7,2.4,N
21.76425,84.01749,308.99,0.38,0.36,2026-09-28,2017,N,VIIRS,n,2.0NRT,295.02,1.73,N
21.76756,84.0181,324.19,0.38,0.36,2026-09-28,2017,N,VIIRS,n,2.0NRT,296.99,1.73,N
21.79582,83.88242,311.65,0.38,0.36,2026-09-28,2017,N,VIIRS,n,2.0NRT,295.31,1.37,N
21.79913,83.88302,307.69,0.38,0.36,2026-09-28,2017,N,VIIRS,n,2.0NRT,295.62,1.45,N
21.79986,82.04023,307.16,0.41,0.37,2026-09-28,2017,N,VIIRS,n,2.0NRT,296.18,0.66,N
21.80022,85.56812,308.76,0.4,0.37,2026-09-28,2017,N,VIIRS,n,2.0NRT,290.93,0.84,N
21.82187,83.99752,312.4,0.38,0.36,2026-09-28,2017,N,VIIRS,n,2.0NRT,294.8,1.68,N
21.82716,83.89951,308.3,0.38,0.36,2026-09-28,2017,N,VIIRS,n,2.0NRT,295.49,1.06,N
21.84134,83.98203,308.84,0.38,0.36,2026-09-28,2017,N,VIIRS,n,2.0NRT,295.73,1.05,N
21.86059,83.96589,311.75,0.38,0.36,2026-09-28,2017,N,VIIRS,n,2.0NRT,295.83,0.91,N
21.8766,83.49665,315.74,0.39,0.36,2026-09-28,2017,N,VIIRS,n,2.0NRT,296.62,1.67,N
21.87788,83.55421,315.61,0.39,0.36,2026-09-28,2017,N,VIIRS,n,2.0NRT,295.76,1.64,N
21.87904,83.54678,310.09,0.39,0.36,2026-09-28,2017,N,VIIRS,n,2.0NRT,295.37,0.91,N
21.91961,83.3511,329.36,0.39,0.36,2026-09-28,2017,N,VIIRS,n,2.0NRT,298.76,1.76,N
21.92018,83.34737,306.07,0.39,0.36,2026-09-28,2017,N,VIIRS,n,2.0NRT,295.53,1.76,N
21.92293,83.35168,326.12,0.39,0.36,2026-09-28,2017,N,VIIRS,n,2.0NRT,297.77,3.57,N
21.92466,83.34048,314.26,0.39,0.36,2026-09-28,2017,N,VIIRS,n,2.0NRT,296.41,2.74,N
21.92476,85.2243,314.63,0.39,0.36,2026-09-28,2017,N,VIIRS,n,2.0NRT,292.73,1.24,N
21.92873,85.22114,305.11,0.39,0.36,2026-09-28,2017,N,VIIRS,n,2.0NRT,291.77,1.19,N
21.96605,83.77164,305.65,0.38,0.36,2026-09-28,2017,N,VIIRS,n,2.0NRT,295.12,0.72,N
21.96984,85.31438,308.05,0.39,0.37,2026-09-28,2017,N,VIIRS,n,2.0NRT,292.29,1.25,N
21.98051,83.23817,308.91,0.39,0.36,2026-09-28,2017,N,VIIRS,n,2.0NRT,296.35,1.58,N
21.98499,83.23125,320.8,0.39,0.36,2026-09-28,2017,N,VIIRS,n,2.0NRT,297.26,2.35,N
21.99199,85.32645,305.67,0.4,0.37,2026-09-28,2017,N,VIIRS,n,2.0NRT,292.15,0.76,N
22.00309,82.66725,306.12,0.4,0.37,2026-09-28,2017,N,VIIRS,n,2.0NRT,295.1,0.75,N
22.0057,84.03344,305.76,0.38,0.36,2026-09-28,2017,N,VIIRS,n,2.0NRT,293.99,0.68,N
22.00588,82.67168,315.24,0.4,0.37,2026-09-28,2017,N,VIIRS,n,2.0NRT,295.76,1.22,N
22.00779,83.32768,306.54,0.39,0.36,2026-09-28,2017,N,VIIRS,n,2.0NRT,294.99,0.64,N
22.01578,83.75319,320.74,0.38,0.36,2026-09-28,2017,N,VIIRS,n,2.0NRT,296.84,2.46,N
22.01936,83.34125,307.7,0.39,0.36,2026-09-28,2017,N,VIIRS,n,2.0NRT,294.97,0.5,N
22.02919,83.36604,306.55,0.39,0.36,2026-09-28,2017,N,VIIRS,n,2.0NRT,295.17,1.48,N
22.03309,83.36289,305.72,0.39,0.36,2026-09-28,2017,N,VIIRS,n,2.0NRT,295.28,1.41,N
22.03424,83.35542,309.05,0.39,0.36,2026-09-28,2017,N,VIIRS,n,2.0NRT,295.85,1.03,N
22.03814,83.35226,321.21,0.39,0.36,2026-09-28,2017,N,VIIRS,n,2.0NRT,297.48,1.92,N
22.03913,83.73449,311.7,0.38,0.36,2026-09-28,2017,N,VIIRS,n,2.0NRT,296.06,2.38,N
22.03971,83.73078,335.89,0.38,0.36,2026-09-28,2017,N,VIIRS,n,2.0NRT,297.75,2.72,N
22.04029,83.72707,308.87,0.38,0.36,2026-09-28,2017,N,VIIRS,n,2.0NRT,294.89,2.72,N
22.05104,88.12393,319.8,0.5,0.41,2026-09-28,2017,N,VIIRS,n,2.0NRT,286.16,2.33,N
22.0535,85.46431,311.73,0.4,0.37,2026-09-28,2017,N,VIIRS,n,2.0NRT,292.31,1.12,N
22.05476,88.12471,319.91,0.5,0.41,2026-09-28,2017,N,VIIRS,n,2.0NRT,287.78,2.33,N
22.06422,83.70464,311.96,0.38,0.36,2026-09-28,2017,N,VIIRS,n,2.0NRT,293.9,0.84,N
22.06753,83.70525,306.4,0.38,0.36,2026-09-28,2017,N,VIIRS,n,2.0NRT,294.8,0.84,N
22.09679,85.3505,303.51,0.4,0.37,2026-09-28,2017,N,VIIRS,n,2.0NRT,291.71,0.54,N
22.13314,85.38105,304.86,0.4,0.37,2026-09-28,2017,N,VIIRS,n,2.0NRT,291.51,0.82,N
22.16156,85.41801,304.83,0.4,0.37,2026-09-28,2017,N,VIIRS,n,2.0NRT,290.5,0.43,N
22.20705,84.86976,306.67,0.39,0.36,2026-09-28,2017,N,VIIRS,n,2.0NRT,293.5,0.96,N
22.20764,84.5507,310.78,0.39,0.36,2026-09-28,2017,N,VIIRS,n,2.0NRT,294.04,1.14,N
22.20827,84.86227,317.47,0.39,0.36,2026-09-28,2017,N,VIIRS,n,2.0NRT,294.32,2.01,N
22.20915,84.87788,309.21,0.39,0.36,2026-09-28,2017,N,VIIRS,n,2.0NRT,293.27,1.1,N
22.21099,84.86665,306.02,0.39,0.36,2026-09-28,2017,N,VIIRS,n,2.0NRT,293.17,2.01,N
22.21308,84.87476,308.18,0.39,0.36,2026-09-28,2017,N,VIIRS,n,2.0NRT,294.64,1.1,N
22.21869,84.75632,311.75,0.39,0.36,2026-09-28,2017,N,VIIRS,n,2.0NRT,294.21,1.8,N
22.22261,84.75321,307.17,0.39,0.36,2026-09-28,2017,N,VIIRS,n,2.0NRT,293.84,1.58,N
22.24446,87.38916,308.44,0.46,0.39,2026-09-28,2017,N,VIIRS,n,2.0NRT,289.69,1.57,N
22.26373,75.13213,314.63,0.33,0.55,2026-09-28,2017,N,VIIRS,n,2.0NRT,295.32,1.35,N
22.26598,75.13197,313.19,0.33,0.55,2026-09-28,2017,N,VIIRS,n,2.0NRT,296.03,1.47,N
22.31589,82.56006,307.96,0.4,0.37,2026-09-28,2017,N,VIIRS,n,2.0NRT,295.94,1.43,N
22.31595,82.53616,305.72,0.4,0.37,2026-09-28,2017,N,VIIRS,n,2.0NRT,294.65,1.51,N
22.3187,82.56453,311.46,0.4,0.37,2026-09-28,2017,N,VIIRS,n,2.0NRT,296.82,1.18,N
22.31927,82.56065,315.5,0.4,0.37,2026-09-28,2017,N,VIIRS,n,2.0NRT,295.76,1.97,N
22.32201,82.58895,332.75,0.4,0.37,2026-09-28,2017,N,VIIRS,n,2.0NRT,295.57,4.97,N
22.32208,82.5651,312.34,0.4,0.37,2026-09-28,2017,N,VIIRS,n,2.0NRT,296.71,1.18,N
22.32984,82.60618,319.87,0.4,0.37,2026-09-28,2017,N,VIIRS,n,2.0NRT,295.36,2.04,N
22.35722,82.30238,329.87,0.41,0.37,2026-09-28,2017,N,VIIRS,n,2.0NRT,297.39,3.05,N
22.35906,87.2926,307.08,0.45,0.39,2026-09-28,2017,N,VIIRS,n,2.0NRT,289.4,1.83,N
22.35983,87.28825,306.28,0.45,0.39,2026-09-28,2017,N,VIIRS,n,2.0NRT,289.52,1.54,N
22.36037,87.01652,307.74,0.44,0.38,2026-09-28,2017,N,VIIRS,n,2.0NRT,288.14,1.1,N
22.36062,82.30297,326,0.41,0.37,2026-09-28,2017,N,VIIRS,n,2.0NRT,297.57,3.05,N
22.36389,87.01722,310.72,0.44,0.38,2026-09-28,2017,N,VIIRS,n,2.0NRT,288.62,1.1,N
22.36463,87.30279,320.95,0.45,0.39,2026-09-28,2017,N,VIIRS,n,2.0NRT,290.31,2.68,N
22.3674,87.01793,308.11,0.44,0.38,2026-09-28,2017,N,VIIRS,n,2.0NRT,288.36,0.86,N
22.36896,87.29916,332.74,0.45,0.39,2026-09-28,2017,N,VIIRS,n,2.0NRT,290.22,4.3,N
22.37635,87.27812,327.86,0.45,0.39,2026-09-28,2017,N,VIIRS,n,2.0NRT,291.64,5.22,N
22.3799,87.27886,315.14,0.45,0.39,2026-09-28,2017,N,VIIRS,n,2.0NRT,290.15,2.96,N
22.57229,85.89647,315.19,0.4,0.37,2026-09-28,2017,N,VIIRS,n,2.0NRT,292.16,1.24,N
22.57294,85.89257,308.78,0.4,0.37,2026-09-28,2017,N,VIIRS,n,2.0NRT,291.81,1.24,N
22.58851,85.90372,305.9,0.4,0.37,2026-09-28,2017,N,VIIRS,n,2.0NRT,291.52,1.47,N
22.78916,86.20958,308.96,0.41,0.37,2026-09-28,2017,N,VIIRS,n,2.0NRT,292.1,1.98,N
22.7905,86.20164,311.38,0.41,0.37,2026-09-28,2017,N,VIIRS,n,2.0NRT,291.89,2.59,N
22.79117,86.19769,306.55,0.41,0.37,2026-09-28,2017,N,VIIRS,n,2.0NRT,292.2,1.14,N
22.79246,86.20996,307.34,0.41,0.37,2026-09-28,2017,N,VIIRS,n,2.0NRT,292.2,1.21,N
22.79457,86.19836,311.49,0.41,0.37,2026-09-28,2017,N,VIIRS,n,2.0NRT,290.86,1.14,N
22.79723,86.20271,305.99,0.41,0.37,2026-09-28,2017,N,VIIRS,n,2.0NRT,291.24,2.07,N
22.80988,86.08699,307.89,0.41,0.37,2026-09-28,2017,N,VIIRS,n,2.0NRT,293.59,1.4,N
22.85754,86.05555,309.26,0.41,0.37,2026-09-28,2017,N,VIIRS,n,2.0NRT,293.89,0.87,N
22.8738,86.06283,318.45,0.41,0.37,2026-09-28,2017,N,VIIRS,n,2.0NRT,294.57,1.84,N
23.00855,70.10307,305.18,0.69,0.74,2026-09-28,2017,N,VIIRS,n,2.0NRT,293.04,0.91,N
23.00977,70.10394,303.39,0.69,0.74,2026-09-28,2017,N,VIIRS,n,2.0NRT,292.72,2.02,N
23.16379,82.33981,318.08,0.41,0.37,2026-09-28,2017,N,VIIRS,n,2.0NRT,294.11,1.43,N
23.16438,82.33582,314.32,0.41,0.37,2026-09-28,2017,N,VIIRS,n,2.0NRT,293.94,1.32,N
23.16662,82.34441,313.59,0.41,0.37,2026-09-28,2017,N,VIIRS,n,2.0NRT,293.94,1.43,N
23.16721,82.34041,314.37,0.41,0.37,2026-09-28,2017,N,VIIRS,n,2.0NRT,294.61,1.43,N
23.41068,72.3528,305.57,0.5,0.66,2026-09-28,2017,N,VIIRS,n,2.0NRT,293.13,0.68,N
23.48179,87.36222,310.79,0.44,0.38,2026-09-28,2017,N,VIIRS,n,2.0NRT,281.44,1.4,N
23.54881,86.54353,306.81,0.41,0.37,2026-09-28,2017,N,VIIRS,n,2.0NRT,294.34,2.24,N
23.58032,86.72468,306.63,0.42,0.38,2026-09-28,2017,N,VIIRS,n,2.0NRT,293.84,1.62,N
23.64708,85.43956,328.29,0.39,0.36,2026-09-28,2017,N,VIIRS,n,2.0NRT,295.12,1.71,N
23.6477,85.43575,312.87,0.39,0.36,2026-09-28,2017,N,VIIRS,n,2.0NRT,294.23,1.71,N
23.65103,85.43639,307.54,0.39,0.36,2026-09-28,2017,N,VIIRS,n,2.0NRT,293.69,1.09,N
23.65209,85.3464,307.28,0.39,0.36,2026-09-28,2017,N,VIIRS,n,2.0NRT,295.16,1.03,N
23.65639,85.5082,311.25,0.39,0.36,2026-09-28,2017,N,VIIRS,n,2.0NRT,295.05,1.12,N
23.6628,85.55281,305.53,0.39,0.36,2026-09-28,2017,N,VIIRS,n,2.0NRT,293.79,0.63,N
23.66448,84.99809,311.68,0.39,0.36,2026-09-28,2017,N,VIIRS,n,2.0NRT,293.48,0.87,N
23.66776,86.09156,311.93,0.4,0.37,2026-09-28,2017,N,VIIRS,n,2.0NRT,294.73,1.34,N
23.67516,86.089,323.09,0.4,0.37,2026-09-28,2017,N,VIIRS,n,2.0NRT,294,2.56,N
23.67582,86.08508,329.12,0.4,0.37,2026-09-28,2017,N,VIIRS,n,2.0NRT,295.41,2.56,N
23.67638,85.32368,310.25,0.39,0.36,2026-09-28,2017,N,VIIRS,n,2.0NRT,294.25,1.22,N
23.67918,86.08576,312.92,0.4,0.37,2026-09-28,2017,N,VIIRS,n,2.0NRT,295.59,1.9,N
23.67993,86.1021,317.47,0.4,0.37,2026-09-28,2017,N,VIIRS,n,2.0NRT,296.54,1.69,N
23.68103,86.10129,310.52,0.4,0.37,2026-09-28,2017,N,VIIRS,n,2.0NRT,295.63,1.38,N
23.68124,86.09426,332.83,0.4,0.37,2026-09-28,2017,N,VIIRS,n,2.0NRT,296.01,9.53,N
23.68236,86.09348,335.7,0.4,0.37,2026-09-28,2017,N,VIIRS,n,2.0NRT,295.81,7.98,N
23.68321,86.08253,308.32,0.4,0.37,2026-09-28,2017,N,VIIRS,n,2.0NRT,294.73,1.11,N
23.68408,85.36042,306.27,0.39,0.36,2026-09-28,2017,N,VIIRS,n,2.0NRT,294.54,0.47,N
23.69467,85.35855,309.54,0.39,0.36,2026-09-28,2017,N,VIIRS,n,2.0NRT,293.84,0.47,N
23.69496,85.36938,314.89,0.39,0.36,2026-09-28,2017,N,VIIRS,n,2.0NRT,294.96,1.01,N
23.69523,85.29214,307.01,0.39,0.36,2026-09-28,2017,N,VIIRS,n,2.0NRT,294.04,1.69,N
23.69585,85.28835,328.44,0.39,0.36,2026-09-28,2017,N,VIIRS,n,2.0NRT,295.42,1.69,N
23.69683,85.358,307.38,0.39,0.36,2026-09-28,2017,N,VIIRS,n,2.0NRT,293.69,0.53,N
23.69891,85.36623,305.65,0.39,0.36,2026-09-28,2017,N,VIIRS,n,2.0NRT,293.34,1.01,N
23.72076,85.00882,314.07,0.39,0.36,2026-09-28,2017,N,VIIRS,n,2.0NRT,293.57,1.26,N
23.73792,85.00822,304.51,0.39,0.36,2026-09-28,2017,N,VIIRS,n,2.0NRT,293.97,1.25,N
23.74062,85.01261,306.86,0.39,0.36,2026-09-28,2017,N,VIIRS,n,2.0NRT,295.4,0.88,N
23.74123,85.00884,310.36,0.39,0.36,2026-09-28,2017,N,VIIRS,n,2.0NRT,295.34,0.88,N
23.74472,85.50465,304.82,0.39,0.36,2026-09-28,2017,N,VIIRS,n,2.0NRT,293.83,0.41,N
23.78024,85.57384,309.37,0.39,0.36,2026-09-28,2017,N,VIIRS,n,2.0NRT,296.33,1.56,N
23.78739,85.55155,309.31,0.39,0.36,2026-09-28,2017,N,VIIRS,n,2.0NRT,294.55,1.32,N
23.80325,85.53885,305.7,0.39,0.36,2026-09-28,2017,N,VIIRS,n,2.0NRT,294.18,0.74,N
23.82669,84.93889,308.19,0.39,0.36,2026-09-28,2017,N,VIIRS,n,2.0NRT,293.9,0.88,N
23.83871,84.94894,307.86,0.39,0.36,2026-09-28,2017,N,VIIRS,n,2.0NRT,293.32,0.93,N
24.14546,82.65666,317.13,0.41,0.37,2026-09-28,2017,N,VIIRS,n,2.0NRT,293.78,1.28,N
24.15356,82.6006,315.8,0.41,0.37,2026-09-28,2017,N,VIIRS,n,2.0NRT,293.18,1.09,N
24.15414,82.5966,304.64,0.41,0.37,2026-09-28,2017,N,VIIRS,n,2.0NRT,293.31,1.09,N
24.16316,82.63106,307.09,0.41,0.37,2026-09-28,2017,N,VIIRS,n,2.0NRT,294.03,0.74,N
24.18191,82.64655,306.73,0.41,0.37,2026-09-28,2017,N,VIIRS,n,2.0NRT,293.97,1.12,N
24.18357,82.65917,308.48,0.41,0.37,2026-09-28,2017,N,VIIRS,n,2.0NRT,293.64,1.2,N
24.1964,82.71481,317.63,0.41,0.37,2026-09-28,2017,N,VIIRS,n,2.0NRT,293.6,1.05,N
24.19981,82.71537,304.72,0.41,0.37,2026-09-28,2017,N,VIIRS,n,2.0NRT,293.9,1.05,N
24.20382,82.71185,305.17,0.41,0.37,2026-09-28,2017,N,VIIRS,n,2.0NRT,294.41,1.59,N
24.2044,82.70792,309.49,0.41,0.37,2026-09-28,2017,N,VIIRS,n,2.0NRT,294.18,1.2,N
24.32777,81.32632,307.63,0.46,0.39,2026-09-28,2017,N,VIIRS,n,2.0NRT,293.77,0.83,N
24.66022,74.63302,304.04,0.37,0.58,2026-09-28,2017,N,VIIRS,n,2.0NRT,293.38,1.49,N
24.76301,74.6054,305.81,0.38,0.58,2026-09-28,2017,N,VIIRS,n,2.0NRT,293.3,1.26,N
15.02358,78.01357,306.33,0.53,0.42,2026-09-28,2019,N,VIIRS,n,2.0NRT,291.96,4.93,N
15.9148,77.36185,303.48,0.39,0.44,2026-09-28,2019,N,VIIRS,n,2.0NRT,291.07,1.33,N
16.3612,81.28318,309.6,0.4,0.37,2026-09-28,2019,N,VIIRS,n,2.0NRT,295.8,2.27,N
16.87196,80.02129,310.11,0.44,0.38,2026-09-28,2019,N,VIIRS,n,2.0NRT,295.63,1.09,N
17.13957,77.17381,304.25,0.42,0.45,2026-09-28,2019,N,VIIRS,n,2.0NRT,292.27,1.2,N
28.05322,69.36963,302.85,0.61,0.54,2026-09-28,2153,N,VIIRS,n,2.0NRT,292.53,0.65,N
20.90872,71.45949,304.17,0.58,0.7,2026-09-28,2155,N,VIIRS,n,2.0NRT,293.3,1.08,N
20.90943,71.46022,303.29,0.58,0.7,2026-09-28,2155,N,VIIRS,n,2.0NRT,292.79,0.6,N
21.10737,72.64825,309.95,0.68,0.74,2026-09-28,2155,N,VIIRS,n,2.0NRT,292.72,2.87,N
21.79441,72.64812,313.29,0.66,0.73,2026-09-28,2155,N,VIIRS,n,2.0NRT,292.44,1.38,N
21.79608,72.64749,312.83,0.66,0.73,2026-09-28,2155,N,VIIRS,n,2.0NRT,292.54,1.53,N
22.33572,69.86744,305.81,0.43,0.62,2026-09-28,2155,N,VIIRS,n,2.0NRT,295.38,3.35,N
22.33862,69.85482,308.06,0.43,0.62,2026-09-28,2155,N,VIIRS,n,2.0NRT,295.83,3.2,N
22.41472,69.04005,310.51,0.38,0.59,2026-09-28,2155,N,VIIRS,n,2.0NRT,294.12,0.96,N
22.93181,69.69779,308.05,0.41,0.61,2026-09-28,2155,N,VIIRS,n,2.0NRT,293.38,1.05,N
23.01482,70.10343,304.19,0.43,0.62,2026-09-28,2155,N,VIIRS,n,2.0NRT,293.67,0.51,N
24.81991,73.09273,303.48,0.6,0.71,2026-09-28,2155,N,VIIRS,n,2.0NRT,292.05,1.5,N
25.38681,68.5829,307.33,0.63,0.54,2026-09-28,2155,N,VIIRS,n,2.0NRT,294.11,1.02,N
25.38694,68.58289,308.23,0.63,0.54,2026-09-28,2155,N,VIIRS,n,2.0NRT,294.1,1.28,N
26.09171,68.88002,304.46,0.63,0.54,2026-09-28,2155,N,VIIRS,n,2.0NRT,293.93,1.08,N
26.09186,68.88037,304.05,0.63,0.54,2026-09-28,2155,N,VIIRS,n,2.0NRT,293.83,0.51,N
31.25734,76.92689,296.01,0.69,0.75,2026-09-28,2155,N,VIIRS,n,2.0NRT,284.78,0.82,N
31.76717,70.10594,300.07,0.56,0.52,2026-09-28,2155,N,VIIRS,n,2.0NRT,289.07,0.33,N
32.38039,72.14003,303.44,0.35,0.57,2026-09-28,2155,N,VIIRS,n,2.0NRT,290.12,0.44,N
32.57397,72.56432,301.87,0.37,0.58,2026-09-28,2155,N,VIIRS,n,2.0NRT,290.18,1.13,N
32.88976,71.61647,309.79,0.32,0.55,2026-09-28,2155,N,VIIRS,n,2.0NRT,290.03,0.95,N
33.29339,71.18848,300.02,0.6,0.53,2026-09-28,2155,N,VIIRS,n,2.0NRT,287.8,0.95,N
8.019,81.17416,329.92,0.49,0.65,2026-09-29,724,N,VIIRS,n,2.0NRT,289.83,2.57,D
8.41913,80.51995,350.95,0.53,0.67,2026-09-29,724,N,VIIRS,n,2.0NRT,292.47,12.14,D
8.42008,80.51842,353.54,0.53,0.67,2026-09-29,724,N,VIIRS,n,2.0NRT,292.19,12.19,D
8.63354,80.48622,342.81,0.53,0.67,2026-09-29,724,N,VIIRS,n,2.0NRT,285.56,5.34,D
9.4829,80.47287,338.53,0.51,0.66,2026-09-29,724,N,VIIRS,n,2.0NRT,292.4,5.81,D
10.94042,79.13027,330.01,0.59,0.7,2026-09-29,726,N,VIIRS,n,2.0NRT,294.04,9.05,D
13.9459,79.8444,330.96,0.46,0.64,2026-09-29,726,N,VIIRS,n,2.0NRT,294.49,3.23,D
15.11701,79.62191,333.17,0.46,0.63,2026-09-29,726,N,VIIRS,n,2.0NRT,299.31,3.08,D
15.11725,79.62113,342.55,0.46,0.63,2026-09-29,726,N,VIIRS,n,2.0NRT,299.17,3.52,D
15.12281,79.6207,337.41,0.46,0.63,2026-09-29,726,N,VIIRS,n,2.0NRT,299.05,3.08,D
15.12307,79.62001,330.5,0.46,0.63,2026-09-29,726,N,VIIRS,n,2.0NRT,299.19,3.52,D
15.2537,78.62485,347.49,0.53,0.67,2026-09-29,726,N,VIIRS,n,2.0NRT,292.96,6.63,D
15.25543,78.62557,333.2,0.53,0.67,2026-09-29,726,N,VIIRS,n,2.0NRT,292.62,7.14,D
16.62882,80.19833,337.26,0.39,0.59,2026-09-29,726,N,VIIRS,n,2.0NRT,295.39,5.93,D
17.59761,78.98743,330.28,0.45,0.63,2026-09-29,729,N,VIIRS,n,2.0NRT,292.4,2.79,D
17.65025,79.25647,335.06,0.43,0.62,2026-09-29,729,N,VIIRS,n,2.0NRT,296.19,4.71,D
17.65112,79.26048,331.19,0.43,0.62,2026-09-29,729,N,VIIRS,n,2.0NRT,295.58,6.19,D
17.65367,79.25558,329.99,0.43,0.62,2026-09-29,729,N,VIIRS,n,2.0NRT,295.39,3.91,D
17.65451,79.25961,334.22,0.43,0.62,2026-09-29,729,N,VIIRS,n,2.0NRT,295.83,5.81,D
18.61373,83.22314,332.87,0.46,0.47,2026-09-29,729,N,VIIRS,n,2.0NRT,299.43,5.7,D
20.75973,85.29716,331.4,0.49,0.4,2026-09-29,729,N,VIIRS,n,2.0NRT,300.12,4.66,D
20.78673,85.26462,329.58,0.49,0.4,2026-09-29,729,N,VIIRS,l,2.0NRT,299.75,3.65,D
20.79244,85.25388,338.91,0.49,0.4,2026-09-29,729,N,VIIRS,n,2.0NRT,301.98,9.76,D
20.79613,85.25317,329.63,0.49,0.4,2026-09-29,729,N,VIIRS,l,2.0NRT,301.27,6.88,D
20.96195,85.18865,340.9,0.49,0.4,2026-09-29,729,N,VIIRS,n,2.0NRT,302.57,10.06,D
20.96688,85.17313,330.92,0.49,0.4,2026-09-29,729,N,VIIRS,n,2.0NRT,298.77,3.87,D
20.9677,85.17783,331.82,0.49,0.4,2026-09-29,729,N,VIIRS,l,2.0NRT,302.25,3.87,D
20.96909,85.17435,342.4,0.49,0.4,2026-09-29,729,N,VIIRS,n,2.0NRT,302.16,9.73,D
20.97139,85.17707,338.81,0.49,0.4,2026-09-29,729,N,VIIRS,n,2.0NRT,301.05,3.87,D
20.97794,85.17084,330.36,0.49,0.4,2026-09-29,729,N,VIIRS,l,2.0NRT,300.75,2.83,D
21.076,85.03734,337.14,0.5,0.41,2026-09-29,729,N,VIIRS,n,2.0NRT,306.11,6.97,D
21.07971,85.03658,345.91,0.5,0.41,2026-09-29,729,N,VIIRS,n,2.0NRT,304.98,6.97,D
21.92265,83.34913,329.24,0.4,0.44,2026-09-29,729,N,VIIRS,l,2.0NRT,299.29,6.95,D
21.98473,83.23291,329.34,0.4,0.44,2026-09-29,729,N,VIIRS,l,2.0NRT,299.77,5.51,D
22.0171,83.33786,331.34,0.4,0.44,2026-09-29,729,N,VIIRS,n,2.0NRT,298.82,3.55,D
22.0539,88.12553,331.51,0.39,0.36,2026-09-29,729,N,VIIRS,n,2.0NRT,297.72,2.82,D
22.32343,82.5892,341.13,0.43,0.46,2026-09-29,729,N,VIIRS,n,2.0NRT,299.7,4.76,D
22.35922,82.30325,332.27,0.45,0.47,2026-09-29,729,N,VIIRS,n,2.0NRT,302.08,5.29,D
22.36615,87.30139,334.2,0.4,0.37,2026-09-29,729,N,VIIRS,n,2.0NRT,303.24,5.03,D
22.78837,86.19756,337.58,0.42,0.38,2026-09-29,729,N,VIIRS,n,2.0NRT,301.77,4.98,D
23.1147,75.71581,330.8,0.55,0.68,2026-09-29,729,N,VIIRS,n,2.0NRT,302.51,2.06,D
23.56055,87.23941,336.29,0.39,0.36,2026-09-29,729,N,VIIRS,n,2.0NRT,295.36,4.79,D
23.64721,85.43923,335.08,0.44,0.39,2026-09-29,729,N,VIIRS,n,2.0NRT,297.09,4.66,D
23.6876,87.1208,332.23,0.4,0.37,2026-09-29,729,N,VIIRS,n,2.0NRT,299.26,2.72,D
23.68939,86.08852,339.58,0.42,0.38,2026-09-29,729,N,VIIRS,n,2.0NRT,295.33,6.63,D
23.73668,86.43343,342.98,0.41,0.37,2026-09-29,729,N,VIIRS,n,2.0NRT,298.98,4.2,D
23.76327,86.40352,338.01,0.41,0.37,2026-09-29,729,N,VIIRS,n,2.0NRT,298.6,3.75,D
23.76666,86.40284,329.67,0.41,0.37,2026-09-29,729,N,VIIRS,n,2.0NRT,297.99,3.75,D
23.77429,86.36414,335.42,0.41,0.37,2026-09-29,729,N,VIIRS,n,2.0NRT,296.65,3.62,D
23.77827,86.3882,339.51,0.41,0.37,2026-09-29,729,N,VIIRS,n,2.0NRT,300.46,5.32,D
23.77983,86.2097,340.78,0.42,0.37,2026-09-29,729,N,VIIRS,n,2.0NRT,300.54,7.95,D
23.80362,86.32985,344.67,0.41,0.37,2026-09-29,729,N,VIIRS,n,2.0NRT,302.2,6.93,D
24.14644,82.65672,334.13,0.4,0.44,2026-09-29,729,N,VIIRS,n,2.0NRT,297.4,3.17,D
25.30898,86.49201,333.38,0.4,0.37,2026-09-29,729,N,VIIRS,n,2.0NRT,299.38,3.4,D
25.86546,93.36233,332.04,0.39,0.44,2026-09-29,729,N,VIIRS,n,2.0NRT,297.62,2.9,D
25.86854,96.6283,329.38,0.61,0.54,2026-09-29,729,N,VIIRS,n,2.0NRT,296.87,5.87,D
25.86871,96.62617,330.53,0.61,0.54,2026-09-29,729,N,VIIRS,n,2.0NRT,296.99,4.19,D
27.65409,77.45203,334.04,0.34,0.56,2026-09-29,729,N,VIIRS,n,2.0NRT,297.26,3.11,D
28.12338,77.58401,331.92,0.33,0.55,2026-09-29,729,N,VIIRS,n,2.0NRT,297.87,2.54,D
28.63075,76.15372,331.8,0.39,0.59,2026-09-29,729,N,VIIRS,n,2.0NRT,298.36,2.12,D
27.74485,96.28925,345.97,0.61,0.54,2026-09-29,731,N,VIIRS,n,2.0NRT,295.87,14.46,D
27.7449,96.28738,342.57,0.61,0.54,2026-09-29,731,N,VIIRS,n,2.0NRT,296.29,18.25,D
27.74833,96.32671,339.91,0.62,0.54,2026-09-29,731,N,VIIRS,n,2.0NRT,294.83,6.51,D
27.74866,96.33108,339.93,0.62,0.54,2026-09-29,731,N,VIIRS,n,2.0NRT,295.16,9.87,D
27.75332,96.32629,331.22,0.62,0.54,2026-09-29,731,N,VIIRS,n,2.0NRT,294.36,3.16,D
27.75366,96.3307,334.74,0.62,0.54,2026-09-29,731,N,VIIRS,n,2.0NRT,294.6,9.87,D
27.762,96.31081,336.77,0.62,0.54,2026-09-29,731,N,VIIRS,n,2.0NRT,294.89,5.82,D
27.76212,96.31268,335.87,0.62,0.54,2026-09-29,731,N,VIIRS,n,2.0NRT,295.14,7.54,D
27.76484,96.11652,341.28,0.6,0.53,2026-09-29,731,N,VIIRS,n,2.0NRT,295.42,7.4,D
27.76529,96.01178,330.05,0.59,0.53,2026-09-29,731,N,VIIRS,n,2.0NRT,295.27,4.77,D
27.89012,96.16331,333.19,0.61,0.53,2026-09-29,731,N,VIIRS,n,2.0NRT,294.86,4.54,D
27.99357,95.51171,331.86,0.55,0.51,2026-09-29,731,N,VIIRS,n,2.0NRT,295.71,4.13,D
27.99417,95.51117,331.56,0.55,0.51,2026-09-29,731,N,VIIRS,n,2.0NRT,295.5,4.03,D
30.50002,75.62022,348.99,0.38,0.59,2026-09-29,731,N,VIIRS,n,2.0NRT,294.75,6.13,D
30.96744,74.19054,335.17,0.45,0.63,2026-09-29,731,N,VIIRS,n,2.0NRT,297.17,3.71,D
31.05313,74.28538,351.22,0.44,0.62,2026-09-29,731,N,VIIRS,n,2.0NRT,299.02,9.04,D
31.05706,74.34778,340.49,0.44,0.62,2026-09-29,731,N,VIIRS,n,2.0NRT,297.81,5.89,D
31.31392,75.34063,346.01,0.38,0.59,2026-09-29,731,N,VIIRS,n,2.0NRT,296.73,8.13,D
31.33361,74.30579,334.79,0.43,0.62,2026-09-29,731,N,VIIRS,n,2.0NRT,299.42,2.02,D
31.51509,75.03067,367,0.39,0.59,2026-09-29,731,N,VIIRS,h,2.0NRT,303.87,7.64,D
31.51638,75.03042,367,0.39,0.59,2026-09-29,731,N,VIIRS,h,2.0NRT,304.75,10.44,D
31.56274,74.75707,329.96,0.4,0.6,2026-09-29,731,N,VIIRS,n,2.0NRT,300.94,1.61,D
31.59668,74.6134,340.61,0.41,0.61,2026-09-29,731,N,VIIRS,n,2.0NRT,301.2,3.62,D
31.60815,75.23576,351.81,0.38,0.58,2026-09-29,731,N,VIIRS,n,2.0NRT,302.28,5.06,D
31.74793,73.62749,330.25,0.46,0.64,2026-09-29,731,N,VIIRS,n,2.0NRT,296.86,2.44,D
31.77238,74.68832,330.33,0.4,0.6,2026-09-29,731,N,VIIRS,n,2.0NRT,299.8,1.91,D
31.78729,74.22294,344.29,0.43,0.62,2026-09-29,731,N,VIIRS,n,2.0NRT,299.85,7.5,D
31.80148,74.06763,333.97,0.43,0.62,2026-09-29,731,N,VIIRS,n,2.0NRT,298.42,2.7,D
31.84049,74.61057,346.86,0.4,0.6,2026-09-29,731,N,VIIRS,n,2.0NRT,300.19,3.74,D
31.89711,74.15167,335.57,0.43,0.62,2026-09-29,731,N,VIIRS,n,2.0NRT,298.6,3.18,D
31.89898,74.11232,367,0.43,0.62,2026-09-29,731,N,VIIRS,h,2.0NRT,300.11,9.25,D
31.90263,74.14976,337.36,0.43,0.62,2026-09-29,731,N,VIIRS,n,2.0NRT,297.95,6.2,D
32.18219,73.94493,339.77,0.43,0.62,2026-09-29,731,N,VIIRS,n,2.0NRT,298.78,5.75,D
32.2818,75.29955,328.05,0.36,0.57,2026-09-29,731,N,VIIRS,n,2.0NRT,296.59,1.9,D
32.43046,73.93165,329.17,0.43,0.62,2026-09-29,731,N,VIIRS,n,2.0NRT,297.17,0.66,D
11.14383,77.24282,332.6,0.5,0.66,2026-09-29,905,N,VIIRS,n,2.0NRT,294.01,1.94,D
8.99556,77.27133,339.86,0.47,0.64,2026-09-29,907,N,VIIRS,n,2.0NRT,295.71,2.59,D
9.39216,77.61321,340.83,0.5,0.66,2026-09-29,907,N,VIIRS,n,2.0NRT,295.92,5.37,D
21.04028,72.87133,341.67,0.34,0.56,2026-09-29,907,N,VIIRS,n,2.0NRT,295.1,4.12,D
21.04062,72.87466,347.12,0.34,0.56,2026-09-29,907,N,VIIRS,n,2.0NRT,295.42,4.12,D
21.10107,72.63486,336.79,0.33,0.55,2026-09-29,907,N,VIIRS,n,2.0NRT,296.39,4.17,D
21.1014,72.63807,341.15,0.33,0.55,2026-09-29,907,N,VIIRS,n,2.0NRT,297.61,4.16,D
21.10751,72.64716,335.73,0.33,0.55,2026-09-29,907,N,VIIRS,n,2.0NRT,297.85,3.89,D
21.14508,75.94334,330.4,0.54,0.68,2026-09-29,907,N,VIIRS,l,2.0NRT,300.98,3.74,D
22.93834,69.18812,334.41,0.42,0.45,2026-09-29,909,N,VIIRS,l,2.0NRT,304.56,1.59,D
23.5273,68.92737,334.68,0.41,0.45,2026-09-29,909,N,VIIRS,l,2.0NRT,305.67,3.01,D
23.91867,72.91904,338.71,0.37,0.58,2026-09-29,909,N,VIIRS,n,2.0NRT,300.39,2.32,D
25.46677,68.74697,330.34,0.43,0.46,2026-09-29,909,N,VIIRS,n,2.0NRT,299.47,1.69,D
26.08568,72.40668,330.14,0.36,0.58,2026-09-29,909,N,VIIRS,l,2.0NRT,300.45,3,D
27.18698,71.71606,330.14,0.34,0.56,2026-09-29,909,N,VIIRS,l,2.0NRT,301.84,2.75,D
28.05299,69.36814,331.88,0.5,0.49,2026-09-29,909,N,VIIRS,n,2.0NRT,302.11,4.4,D
30.76731,74.01038,367,0.51,0.66,2026-09-29,911,N,VIIRS,h,2.0NRT,298.07,12.81,D
30.76766,74.00786,367,0.51,0.66,2026-09-29,911,N,VIIRS,h,2.0NRT,298.5,9.52,D
31.00466,74.43505,338.68,0.54,0.68,2026-09-29,911,N,VIIRS,n,2.0NRT,298.34,4.41,D
31.00496,74.44086,332.83,0.54,0.68,2026-09-29,911,N,VIIRS,n,2.0NRT,298.13,4.41,D
31.09123,74.62504,330.08,0.55,0.68,2026-09-29,911,N,VIIRS,n,2.0NRT,297.38,2.32,D
31.09247,74.62752,332.04,0.55,0.68,2026-09-29,911,N,VIIRS,n,2.0NRT,297.05,2.91,D
31.10598,74.66026,350.2,0.56,0.69,2026-09-29,911,N,VIIRS,n,2.0NRT,299.62,6.37,D
31.10701,74.6628,341.62,0.56,0.69,2026-09-29,911,N,VIIRS,n,2.0NRT,298.54,9.16,D
31.75853,74.98412,329.73,0.59,0.7,2026-09-29,911,N,VIIRS,l,2.0NRT,300.44,3.48,D
31.86007,74.00643,332.44,0.52,0.67,2026-09-29,911,N,VIIRS,n,2.0NRT,298.26,3.96,D
31.89677,74.10643,339.86,0.52,0.67,2026-09-29,911,N,VIIRS,n,2.0NRT,298.15,4.98,D
31.91891,73.85874,331.04,0.51,0.66,2026-09-29,911,N,VIIRS,n,2.0NRT,299.01,3.82,D
32.10069,75.23662,334.34,0.61,0.71,2026-09-29,911,N,VIIRS,n,2.0NRT,296.98,5.52,D
32.21089,73.80588,330.68,0.51,0.66,2026-09-29,911,N,VIIRS,n,2.0NRT,297.15,4.57,D
32.35852,73.4714,339.85,0.49,0.65,2026-09-29,911,N,VIIRS,n,2.0NRT,297.49,4.95,D
32.43173,73.93186,330.37,0.52,0.67,2026-09-29,911,N,VIIRS,n,2.0NRT,296.41,2.26,D
34.24412,71.90479,331.77,0.41,0.61,2026-09-29,911,N,VIIRS,n,2.0NRT,298.22,2.44,D